{"type":"FeatureCollection","features":[{"type":"Feature","id":21455312,"properties":{"name":"Starr Avenue","highway":"tertiary","surface":null,"category":"lane"},"geometry":{"type":"LineString","coordinates":[[-91.4781412,44.8573079],[-91.4781534,44.8575358],[-91.4781896,44.8582163],[-91.4782146,44.8589429],[-91.4782392,44.8595272],[-91.4782486,44.8597311],[-91.4782652,44.8601126],[-91.4782725,44.860314],[-91.478302,44.860985],[-91.478302,44.861115],[-91.4783702,44.8623913]]}},{"type":"Feature","id":21457299,"properties":{"name":"40th Avenue","highway":"unclassified","surface":"asphalt","category":"shared"},"geometry":{"type":"LineString","coordinates":[[-91.414986,44.9007625],[-91.4153092,44.9007614],[-91.4161636,44.9007584],[-91.4163242,44.9007578],[-91.4165699,44.9007569],[-91.417648,44.900753],[-91.420687,44.9007453],[-91.4236101,44.9007401],[-91.4240757,44.9007359],[-91.4251983,44.9007257]]}},{"type":"Feature","id":21458827,"properties":{"name":"117th Street","highway":"residential","surface":"asphalt","category":"shared"},"geometry":{"type":"LineString","coordinates":[[-91.433067,44.915184],[-91.4330686,44.9137919],[-91.4330688,44.9136505],[-91.4330705,44.9135682],[-91.433081,44.909953],[-91.4330918,44.9092952],[-91.4330857,44.9082083],[-91.4330821,44.9075809],[-91.433075,44.906322],[-91.4330825,44.9057019],[-91.4330907,44.9050243],[-91.4331077,44.9036178],[-91.4331027,44.9021869],[-91.4331009,44.9016581],[-91.433105,44.900928],[-91.433098,44.900772]]}},{"type":"Feature","id":21460194,"properties":{"name":"Melby Street","highway":"tertiary","surface":"asphalt","category":"lane"},"geometry":{"type":"LineString","coordinates":[[-91.478127,44.864578],[-91.478104,44.86459],[-91.478012,44.864624],[-91.477898,44.864655],[-91.47776,44.864674],[-91.4776,44.864681],[-91.477203,44.864683],[-91.4766939,44.8646853],[-91.475608,44.8646902],[-91.4745945,44.8646948],[-91.4740331,44.8646973],[-91.4734913,44.8646998],[-91.4718592,44.8647072],[-91.4711811,44.8647102],[-91.4709773,44.8647111],[-91.4707083,44.8647124],[-91.4703969,44.8647138],[-91.469832,44.8647163],[-91.469294,44.8647187],[-91.4690355,44.8647199],[-91.4685737,44.864722],[-91.4683688,44.8647209]]}},{"type":"Feature","id":21463743,"properties":{"name":"Tildon Road","highway":"residential","surface":null,"category":"shared"},"geometry":{"type":"LineString","coordinates":[[-91.420476,44.921071],[-91.420486,44.921059],[-91.420547,44.921043],[-91.420578,44.92104],[-91.4226532,44.921121],[-91.4227672,44.921117],[-91.4228742,44.921102],[-91.4229652,44.921075],[-91.4230492,44.921037],[-91.4231262,44.920984],[-91.4231872,44.920919],[-91.423447,44.920498],[-91.4235,44.920403],[-91.423805,44.91991],[-91.423859,44.919811],[-91.424103,44.919422],[-91.42421,44.919231],[-91.424294,44.919041],[-91.424316,44.918938],[-91.424347,44.918514],[-91.424347,44.9178094],[-91.424347,44.9173421],[-91.424347,44.91729],[-91.424339,44.917175],[-91.424339,44.916134],[-91.424332,44.916019],[-91.424339,44.915905],[-91.424332,44.915794],[-91.424332,44.914909]]}},{"type":"Feature","id":21465193,"properties":{"name":"Eddy Lane","highway":"tertiary","surface":null,"category":"lane"},"geometry":{"type":"LineString","coordinates":[[-91.4909363,44.8506084],[-91.489648,44.8506112],[-91.4884078,44.8506202],[-91.4871436,44.8506344],[-91.485856,44.8506429],[-91.4845968,44.8506546],[-91.4833271,44.8506636],[-91.4820822,44.8506814],[-91.4808065,44.8506982]]}},{"type":"Feature","id":21465213,"properties":{"name":"Lake Street","highway":"tertiary","surface":"asphalt","category":"lane"},"geometry":{"type":"LineString","coordinates":[[-91.4996427,44.8076572],[-91.5007392,44.8072151]]}},{"type":"Feature","id":21465298,"properties":{"name":"Dellview Street","highway":"tertiary","surface":null,"category":"lane"},"geometry":{"type":"LineString","coordinates":[[-91.4812574,44.8316368],[-91.481146,44.8316128],[-91.4810255,44.8316119],[-91.480908,44.8316374],[-91.4807829,44.8316881],[-91.4806765,44.8317428],[-91.4806119,44.8317579],[-91.4805178,44.8317772],[-91.4803865,44.8318001],[-91.4802257,44.8318138],[-91.4797411,44.8318249]]}},{"type":"Feature","id":21465466,"properties":{"name":"Water Street","highway":"secondary","surface":null,"category":"lane"},"geometry":{"type":"LineString","coordinates":[[-91.5004492,44.8018619],[-91.4987572,44.8015699]]}},{"type":"Feature","id":21466615,"properties":{"name":"Short Street","highway":"tertiary","surface":null,"category":"lane"},"geometry":{"type":"LineString","coordinates":[[-91.5372258,44.7948265],[-91.5368989,44.7946794],[-91.5367534,44.794607],[-91.5366575,44.794553],[-91.536532,44.7944893]]}},{"type":"Feature","id":21467201,"properties":{"name":"Bartlett Avenue","highway":"tertiary","surface":"asphalt","category":"lane"},"geometry":{"type":"LineString","coordinates":[[-91.422458,44.80376],[-91.4213948,44.8037674],[-91.4202151,44.8037757],[-91.4198803,44.8037636],[-91.4196671,44.8037473],[-91.4195245,44.8037249],[-91.4194681,44.803716],[-91.4187999,44.8035712],[-91.4156045,44.8027954],[-91.4142147,44.802458],[-91.4128668,44.8021308],[-91.4121982,44.801969],[-91.4100741,44.8014516]]}},{"type":"Feature","id":21467489,"properties":{"name":"Fairfax Street","highway":"tertiary","surface":"concrete","category":"lane"},"geometry":{"type":"LineString","coordinates":[[-91.4683704,44.80736],[-91.4683714,44.8072535],[-91.4683793,44.8064376],[-91.4683803,44.8063783],[-91.4683892,44.8058645],[-91.4683946,44.8055525],[-91.4683964,44.8047248],[-91.4683966,44.8046515],[-91.4683951,44.8045554],[-91.4683937,44.8044609],[-91.4683896,44.8041871],[-91.4683883,44.8041047],[-91.4683842,44.803829],[-91.4683829,44.8037443]]}},{"type":"Feature","id":21467829,"properties":{"name":"Short Road","highway":"tertiary","surface":null,"category":"lane"},"geometry":{"type":"LineString","coordinates":[[-91.5316148,44.7856747],[-91.5313242,44.7851625],[-91.5310906,44.7848108],[-91.5307579,44.7845119],[-91.5305226,44.7843365],[-91.5304361,44.7842858],[-91.5302146,44.7841818],[-91.5301149,44.7841373]]}},{"type":"Feature","id":21468728,"properties":{"name":"Craig Road","highway":"unclassified","surface":"asphalt","category":"lane"},"geometry":{"type":"LineString","coordinates":[[-91.519051,44.7966769],[-91.5190696,44.7966586],[-91.5190816,44.7966422],[-91.5190876,44.7966276],[-91.5190892,44.7966124],[-91.5190897,44.7965799],[-91.5190833,44.7963966]]}},{"type":"Feature","id":21468937,"properties":{"name":"Riverview Drive","highway":"tertiary","surface":null,"category":"lane"},"geometry":{"type":"LineString","coordinates":[[-91.4812574,44.8316368],[-91.4837217,44.8332658],[-91.483878,44.833414],[-91.4840734,44.8336547],[-91.4841782,44.8338321],[-91.4842543,44.834006],[-91.4843015,44.8341528],[-91.4843295,44.8342995],[-91.4843524,44.8344755],[-91.4843437,44.8350351],[-91.4843213,44.8354752],[-91.4843101,44.835688],[-91.4843159,44.8358431],[-91.4843375,44.8360283],[-91.4843522,44.8360882],[-91.4843817,44.8361904],[-91.4844328,44.8363493],[-91.4845329,44.8365742],[-91.4846427,44.8368058],[-91.4849006,44.8372624],[-91.4852725,44.8379767],[-91.4854687,44.8383314],[-91.48556,44.8385003],[-91.4856479,44.8386476],[-91.4858049,44.8389081],[-91.4859382,44.83913],[-91.486259,44.839598],[-91.4865307,44.83999]]}},{"type":"Feature","id":21468943,"properties":{"name":"Thorp Drive","highway":"living_street","surface":"concrete","category":"lane"},"geometry":{"type":"LineString","coordinates":[[-91.4970997,44.8028991],[-91.4971825,44.8028452],[-91.4972194,44.80281],[-91.4972403,44.8027729],[-91.4976415,44.8014416],[-91.4976576,44.8013818]]}},{"type":"Feature","id":21469416,"properties":{"name":"Chippewa River State Trail","highway":"cycleway","surface":"asphalt","category":"trail"},"geometry":{"type":"LineString","coordinates":[[-91.5358659,44.7803982],[-91.5357438,44.7805416],[-91.5354147,44.7810897],[-91.5346056,44.7825732],[-91.5327122,44.7854587],[-91.5320667,44.7863614]]}},{"type":"Feature","id":21469423,"properties":{"name":"Chippewa River State Trail","highway":"cycleway","surface":"asphalt","category":"trail"},"geometry":{"type":"LineString","coordinates":[[-91.544791,44.7786205],[-91.5474305,44.7800253],[-91.5488628,44.7807374],[-91.5493405,44.7809784],[-91.5497536,44.7813287],[-91.5501827,44.7816257],[-91.5505097,44.7817388],[-91.5508801,44.7818199],[-91.5516094,44.7818416],[-91.5535677,44.7818389],[-91.5549139,44.7817959],[-91.5556544,44.7818008],[-91.5562713,44.7818427],[-91.5569794,44.7820559],[-91.5575263,44.7822985],[-91.5576661,44.7824786],[-91.5577355,44.7827364],[-91.5578965,44.7829915],[-91.5582454,44.783202],[-91.5584278,44.7832972],[-91.558685,44.7833037],[-91.5591091,44.7831449],[-91.5598601,44.7828822],[-91.560466,44.7826259],[-91.5608579,44.7823529],[-91.5609289,44.7821838]]}},{"type":"Feature","id":21469459,"properties":{"name":"1st Avenue","highway":"tertiary","surface":null,"category":"lane"},"geometry":{"type":"LineString","coordinates":[[-91.5011028,44.8031377],[-91.5011046,44.8032294],[-91.5010923,44.804097],[-91.5010922,44.8041935],[-91.5010918,44.8049635],[-91.5010918,44.8050581],[-91.5011059,44.8059257],[-91.5011072,44.8060038],[-91.5011067,44.8060882],[-91.5011028,44.8066852]]}},{"type":"Feature","id":21470199,"properties":{"name":"Cameron Street","highway":"secondary","surface":null,"category":"lane"},"geometry":{"type":"LineString","coordinates":[[-91.5166734,44.8162835],[-91.5167528,44.8162851],[-91.5176071,44.8162709],[-91.5176984,44.816269],[-91.5182447,44.8162577],[-91.5186951,44.8162465],[-91.5189095,44.8162352],[-91.5191015,44.8162096],[-91.5192832,44.8161672],[-91.5194611,44.8161053],[-91.5196239,44.8160102],[-91.5197589,44.815903],[-91.5204152,44.8152198],[-91.5205651,44.8150905],[-91.5207438,44.8149663],[-91.5215391,44.8145127],[-91.5216637,44.8144489],[-91.5217785,44.8143947],[-91.5221401,44.8142359],[-91.522651,44.8140615],[-91.5238842,44.8136878],[-91.5240193,44.8136414],[-91.5244498,44.8134869],[-91.5247294,44.8133827],[-91.5249383,44.8133025],[-91.5255775,44.813057],[-91.5257455,44.8130039],[-91.5259086,44.812971],[-91.5261023,44.8129598],[-91.5262956,44.812971],[-91.5264621,44.8130013],[-91.5266109,44.8130484],[-91.5267638,44.8131121],[-91.5268825,44.8131776],[-91.5276038,44.8136822],[-91.5280569,44.8140036],[-91.5282432,44.814113],[-91.5284204,44.8141889],[-91.5287059,44.8142622],[-91.5290039,44.8142925],[-91.533478,44.8142777],[-91.533578,44.8142774]]}},{"type":"Feature","id":21470958,"properties":{"name":"State Street","highway":"secondary","surface":"asphalt","category":"lane"},"geometry":{"type":"LineString","coordinates":[[-91.4951733,44.7963838],[-91.4953501,44.7940554],[-91.4953659,44.7938979],[-91.4954026,44.7937308],[-91.4954576,44.793567],[-91.4955303,44.7934238],[-91.4955991,44.7933108],[-91.4956698,44.7932044],[-91.4959056,44.7928451]]}},{"type":"Feature","id":21471016,"properties":{"name":"East Lake Street","highway":"tertiary","surface":"asphalt","category":"lane"},"geometry":{"type":"LineString","coordinates":[[-91.4996427,44.8076572],[-91.498624,44.8080725]]}},{"type":"Feature","id":21471053,"properties":{"name":"Summit Avenue","highway":"secondary","surface":null,"category":"lane"},"geometry":{"type":"LineString","coordinates":[[-91.4987572,44.8015699],[-91.497734,44.8013943]]}},{"type":"Feature","id":21471592,"properties":{"name":"Bellinger Street","highway":"secondary","surface":"asphalt","category":"lane"},"geometry":{"type":"LineString","coordinates":[[-91.510631,44.8134827],[-91.5107553,44.813573],[-91.5108078,44.8136081],[-91.5108905,44.8136633],[-91.5109616,44.8137159],[-91.5110665,44.8138001],[-91.5111441,44.8138727],[-91.5111806,44.8139123],[-91.5112164,44.8139587],[-91.5112576,44.8140204],[-91.5113128,44.8141324],[-91.5113231,44.8141616],[-91.5113299,44.8142118],[-91.5113453,44.8146118],[-91.5113477,44.8146715]]}},{"type":"Feature","id":27241981,"properties":{"name":"Water Street","highway":"secondary","surface":"asphalt","category":"lane"},"geometry":{"type":"LineString","coordinates":[[-91.5179486,44.8021676],[-91.5180534,44.8021679],[-91.5192413,44.8021712],[-91.5193084,44.8021684],[-91.5193802,44.8021655],[-91.5195293,44.8021507],[-91.5196702,44.8021229],[-91.5198081,44.8020812],[-91.519932,44.8020332],[-91.52006,44.8019688],[-91.5201863,44.801892],[-91.520293,44.8018125],[-91.5203903,44.8017287]]}},{"type":"Feature","id":38397588,"properties":{"name":"Spooner Avenue","highway":"tertiary","surface":"asphalt","category":"lane"},"geometry":{"type":"LineString","coordinates":[[-91.457208,44.8069235],[-91.4575564,44.806933],[-91.4579485,44.8069568],[-91.4588237,44.8070696]]}},{"type":"Feature","id":38408767,"properties":{"name":"40th Avenue","highway":"unclassified","surface":"asphalt","category":"shared"},"geometry":{"type":"LineString","coordinates":[[-91.426051,44.9007224],[-91.427845,44.900723],[-91.4279605,44.9007274],[-91.433098,44.900772]]}},{"type":"Feature","id":38408768,"properties":{"name":null,"highway":"unclassified","surface":"concrete","category":"shared"},"geometry":{"type":"LineString","coordinates":[[-91.4251983,44.9007257],[-91.426051,44.9007224]]}},{"type":"Feature","id":38408769,"properties":{"name":null,"highway":"unclassified","surface":null,"category":"shared"},"geometry":{"type":"LineString","coordinates":[[-91.4283375,44.9149584],[-91.4275479,44.9149219]]}},{"type":"Feature","id":38408770,"properties":{"name":"50th Avenue","highway":"unclassified","surface":null,"category":"shared"},"geometry":{"type":"LineString","coordinates":[[-91.4275479,44.9149219],[-91.426071,44.91486],[-91.425407,44.914845],[-91.424873,44.914867],[-91.424332,44.914909]]}},{"type":"Feature","id":40746861,"properties":{"name":null,"highway":"cycleway","surface":"concrete","category":"trail"},"geometry":{"type":"LineString","coordinates":[[-91.5007918,44.8102455],[-91.5028586,44.8096088]]}},{"type":"Feature","id":69424425,"properties":{"name":"1st Avenue","highway":"residential","surface":null,"category":"shared"},"geometry":{"type":"LineString","coordinates":[[-91.5062704,44.8123287],[-91.5062695,44.8123728],[-91.5062932,44.8124158],[-91.5067745,44.8127937],[-91.506804,44.8128206],[-91.5072875,44.8132005],[-91.5083473,44.814044],[-91.5084295,44.81411],[-91.5085338,44.8141938],[-91.509109,44.8146557],[-91.5091468,44.8146866],[-91.5091957,44.8147081],[-91.5092467,44.8147186]]}},{"type":"Feature","id":69487580,"properties":{"name":"Lake Street","highway":"tertiary","surface":"asphalt","category":"lane"},"geometry":{"type":"LineString","coordinates":[[-91.5007392,44.8072151],[-91.5007832,44.8071968],[-91.5009642,44.8071235],[-91.5010983,44.8070722]]}},{"type":"Feature","id":69487588,"properties":{"name":"Summit Avenue","highway":"secondary","surface":null,"category":"lane"},"geometry":{"type":"LineString","coordinates":[[-91.497734,44.8013943],[-91.4976576,44.8013818],[-91.4968339,44.8012437]]}},{"type":"Feature","id":69487591,"properties":{"name":"East Lake Street","highway":"tertiary","surface":"concrete","category":"lane"},"geometry":{"type":"LineString","coordinates":[[-91.4984327,44.8081556],[-91.4982945,44.8081659],[-91.4981487,44.8082214],[-91.4980403,44.8082649],[-91.4979433,44.808306],[-91.4976314,44.8084381],[-91.4973582,44.8085668],[-91.4972794,44.8086031]]}},{"type":"Feature","id":69487592,"properties":{"name":"Water Street","highway":"secondary","surface":"asphalt","category":"lane"},"geometry":{"type":"LineString","coordinates":[[-91.5033903,44.8021693],[-91.5032767,44.802169],[-91.5028207,44.8021639],[-91.5025523,44.8021577],[-91.5022342,44.8021279],[-91.5018879,44.8020852],[-91.5012868,44.8019937],[-91.5012327,44.8019837],[-91.5011139,44.801968]]}},{"type":"Feature","id":69488771,"properties":{"name":"Carson Park Drive","highway":"tertiary","surface":"asphalt","category":"lane"},"geometry":{"type":"LineString","coordinates":[[-91.5175681,44.808049],[-91.5174936,44.8080492],[-91.5174862,44.8080492],[-91.5166031,44.8079927]]}},{"type":"Feature","id":69488772,"properties":{"name":"UW-Eau Claire Footbridge","highway":"cycleway","surface":"concrete","category":"trail"},"geometry":{"type":"LineString","coordinates":[[-91.5011452,44.8008713],[-91.500324,44.7994366]]}},{"type":"Feature","id":69488782,"properties":{"name":"West Grand Avenue","highway":"tertiary","surface":null,"category":"lane"},"geometry":{"type":"LineString","coordinates":[[-91.5150546,44.8076976],[-91.5151759,44.8077591],[-91.51527,44.807805],[-91.5153675,44.8078475],[-91.5154805,44.8078823],[-91.5155789,44.8079076],[-91.5156937,44.8079289],[-91.5158207,44.8079408],[-91.516296,44.8079691]]}},{"type":"Feature","id":69519607,"properties":{"name":"Short Street","highway":"tertiary","surface":null,"category":"lane"},"geometry":{"type":"LineString","coordinates":[[-91.5347795,44.7934916],[-91.534219,44.793181],[-91.533961,44.79296],[-91.5335885,44.7924981],[-91.5334845,44.7923295],[-91.5334171,44.7921609],[-91.5332677,44.7915583],[-91.533206,44.7911621],[-91.5326177,44.788465],[-91.5324288,44.7875993],[-91.5322478,44.7871022],[-91.5320448,44.7865849],[-91.5319284,44.7863132],[-91.5317278,44.7859048],[-91.5316148,44.7856747]]}},{"type":"Feature","id":69519612,"properties":{"name":"Short Street","highway":"tertiary","surface":null,"category":"lane"},"geometry":{"type":"LineString","coordinates":[[-91.536532,44.7944893],[-91.535625,44.7939709],[-91.5347795,44.7934916]]}},{"type":"Feature","id":86479568,"properties":{"name":"Old Abe State Trail","highway":"cycleway","surface":"asphalt","category":"trail"},"geometry":{"type":"LineString","coordinates":[[-91.4990295,44.8147599],[-91.4984311,44.8147076],[-91.4956238,44.8146663],[-91.4951972,44.8146578],[-91.4927877,44.8146816],[-91.491662,44.8146725],[-91.4915473,44.81467],[-91.4914414,44.8146635],[-91.491299,44.8146493],[-91.4911884,44.8146374],[-91.490965,44.8146027],[-91.4908272,44.814575],[-91.4907308,44.8145481],[-91.4905843,44.8145195],[-91.4904456,44.814502],[-91.4902984,44.8144897],[-91.4901042,44.8144808],[-91.4896013,44.8144679],[-91.4880688,44.814455],[-91.4878064,44.8143966],[-91.487694,44.8143768],[-91.4875782,44.8143723],[-91.4874723,44.8143753],[-91.4873637,44.8143888],[-91.4872819,44.8144085],[-91.4868715,44.8145354],[-91.4867759,44.8145608],[-91.4866712,44.8145807],[-91.4850494,44.8147632],[-91.4837073,44.8149225],[-91.4830666,44.8150976],[-91.4830569,44.8151106],[-91.4830496,44.8151396],[-91.4830445,44.8151741],[-91.4830321,44.8151851],[-91.4825286,44.8152825],[-91.4823463,44.8153308]]}},{"type":"Feature","id":86479569,"properties":{"name":null,"highway":"cycleway","surface":"wood","category":"trail"},"geometry":{"type":"LineString","coordinates":[[-91.4946902,44.8136808],[-91.4944327,44.8137189],[-91.4943361,44.8137646],[-91.4941966,44.8138635],[-91.4937889,44.8142212],[-91.4935994,44.8143707],[-91.4934675,44.8144529],[-91.4933108,44.8145273],[-91.493208,44.8145618]]}},{"type":"Feature","id":89200742,"properties":{"name":"Chippewa River State Trail","highway":"cycleway","surface":"wood","category":"trail"},"geometry":{"type":"LineString","coordinates":[[-91.5044767,44.8132966],[-91.5064154,44.8128518]]}},{"type":"Feature","id":89202281,"properties":{"name":"🚲 6 (Lakeshore Trail)","highway":"cycleway","surface":"asphalt","category":"trail"},"geometry":{"type":"LineString","coordinates":[[-91.5106668,44.810683],[-91.5102883,44.8111405],[-91.5101895,44.81126]]}},{"type":"Feature","id":89202282,"properties":{"name":"🚲 6 (Lakeshore Trail)","highway":"cycleway","surface":"asphalt","category":"trail"},"geometry":{"type":"LineString","coordinates":[[-91.5101895,44.81126],[-91.5101454,44.8113034],[-91.5099233,44.8115219]]}},{"type":"Feature","id":89202283,"properties":{"name":"🚲 6 (Lakeshore Trail)","highway":"cycleway","surface":"asphalt","category":"trail"},"geometry":{"type":"LineString","coordinates":[[-91.5090505,44.8121215],[-91.5090067,44.812141],[-91.5086068,44.8123122],[-91.5081523,44.8124517],[-91.5080669,44.8124779],[-91.5079166,44.8125141],[-91.5068768,44.8127593],[-91.5067745,44.8127937],[-91.5067238,44.8128122],[-91.5066871,44.8128244],[-91.5066462,44.8128281],[-91.5065444,44.81283]]}},{"type":"Feature","id":89204196,"properties":{"name":null,"highway":"cycleway","surface":"concrete","category":"trail"},"geometry":{"type":"LineString","coordinates":[[-91.5028586,44.8096088],[-91.5029004,44.809597],[-91.5029805,44.8095942],[-91.5031201,44.8096105]]}},{"type":"Feature","id":105005762,"properties":{"name":null,"highway":"cycleway","surface":"concrete","category":"trail"},"geometry":{"type":"LineString","coordinates":[[-91.5058634,44.8165466],[-91.5058361,44.8164371],[-91.5058267,44.8163333],[-91.5058275,44.8162311],[-91.5058494,44.8161239],[-91.5058584,44.8160779],[-91.5058599,44.8160297],[-91.5058153,44.8158082],[-91.5057933,44.8157266],[-91.5057551,44.8156571],[-91.5056923,44.8155883],[-91.5056232,44.8155328],[-91.505537,44.8154822],[-91.505497,44.8154719],[-91.5054553,44.8154677],[-91.5054363,44.8152271],[-91.5054175,44.8150794],[-91.5053845,44.8149632],[-91.5053252,44.814782],[-91.5052785,44.8147186],[-91.5052271,44.8146585],[-91.5051526,44.8145942],[-91.505073,44.8145438],[-91.5049933,44.8145068],[-91.5049036,44.814483],[-91.5048121,44.81447],[-91.5047361,44.8144654],[-91.5046337,44.8144537],[-91.5045604,44.8144375],[-91.5044957,44.8144129],[-91.5043884,44.814353],[-91.5043556,44.8142487],[-91.5043336,44.8141869],[-91.5043346,44.8141336],[-91.5043441,44.8140704],[-91.5043577,44.8140073],[-91.5043946,44.8138725],[-91.5044096,44.8138007],[-91.5044103,44.8137155],[-91.5043994,44.8136565],[-91.50438,44.8136036],[-91.504354,44.8135576],[-91.5043448,44.8135397],[-91.504334,44.8135188],[-91.5043222,44.8134797],[-91.5043192,44.8134468],[-91.5043257,44.8134086],[-91.5043312,44.8133966],[-91.5043418,44.8133737],[-91.5043677,44.8133307]]}},{"type":"Feature","id":105012411,"properties":{"name":null,"highway":"cycleway","surface":"concrete","category":"trail"},"geometry":{"type":"LineString","coordinates":[[-91.4757622,44.8197885],[-91.4750268,44.8198426]]}},{"type":"Feature","id":105012415,"properties":{"name":"Old Abe State Trail","highway":"cycleway","surface":"concrete","category":"trail"},"geometry":{"type":"LineString","coordinates":[[-91.4764371,44.820411],[-91.4764127,44.8202836],[-91.4763684,44.8200522],[-91.4763087,44.8197401],[-91.4762774,44.8193867],[-91.4763315,44.8190778],[-91.4763393,44.8190489],[-91.4764226,44.8187407],[-91.4765905,44.818355],[-91.476671,44.8182248],[-91.476804,44.8180098],[-91.4769016,44.8179129],[-91.4770459,44.8177695],[-91.4776253,44.8174361],[-91.4777172,44.8173842],[-91.477943,44.8172508],[-91.4781075,44.8171549],[-91.478564,44.81683],[-91.4786028,44.8168024],[-91.4788692,44.8166589],[-91.4791682,44.8165411],[-91.4793439,44.8164848],[-91.4808814,44.8159707],[-91.4815114,44.8157816],[-91.4818922,44.8156688],[-91.482326,44.8155523],[-91.4823827,44.815519],[-91.4824034,44.8154754],[-91.4823805,44.8154128],[-91.4823463,44.8153308]]}},{"type":"Feature","id":105012418,"properties":{"name":"Chippewa River State Trail","highway":"cycleway","surface":"paved","category":"trail"},"geometry":{"type":"LineString","coordinates":[[-91.4764795,44.8207085],[-91.4764371,44.820411]]}},{"type":"Feature","id":105012420,"properties":{"name":"Old Abe State Trail","highway":"cycleway","surface":"asphalt","category":"trail"},"geometry":{"type":"LineString","coordinates":[[-91.4141864,44.9005741],[-91.4142444,44.9005422],[-91.4144146,44.900487],[-91.4144538,44.9004707],[-91.4144859,44.9004437],[-91.4151064,44.8997157],[-91.4186525,44.8963574],[-91.4187497,44.8963028],[-91.4189124,44.8962461],[-91.418997,44.8962032],[-91.4225809,44.8928096],[-91.4226598,44.8927169],[-91.4227101,44.892526],[-91.4227325,44.8924628],[-91.4227843,44.8923924],[-91.4289955,44.8865242],[-91.429273,44.886262],[-91.432933,44.882767],[-91.4348209,44.8809577],[-91.4367789,44.8791902],[-91.4380232,44.8781817],[-91.4427549,44.8745259],[-91.442911,44.8744072],[-91.4430561,44.874318],[-91.443234,44.8742191],[-91.4433271,44.8741577],[-91.4448811,44.8729524],[-91.4482324,44.8703568],[-91.4512199,44.868025],[-91.4513055,44.8679022],[-91.4516899,44.8676064],[-91.455022,44.8650245],[-91.4550462,44.8649938],[-91.4550622,44.8649601],[-91.4550692,44.8649214],[-91.4550684,44.8648905],[-91.455063,44.86486],[-91.455053,44.8648228],[-91.4550148,44.8647381]]}},{"type":"Feature","id":105012428,"properties":{"name":null,"highway":"cycleway","surface":"asphalt","category":"trail"},"geometry":{"type":"LineString","coordinates":[[-91.4763087,44.8197401],[-91.4757622,44.8197885]]}},{"type":"Feature","id":109197258,"properties":{"name":null,"highway":"cycleway","surface":"asphalt","category":"trail"},"geometry":{"type":"LineString","coordinates":[[-91.4864683,44.8125665],[-91.4858494,44.8125727],[-91.4854275,44.8125654],[-91.4853823,44.8125694],[-91.4853453,44.8125791],[-91.4852938,44.8126149],[-91.4852666,44.8126534],[-91.4852489,44.8126992],[-91.4852275,44.8128779],[-91.4852222,44.8129902],[-91.4852149,44.8130591],[-91.4852035,44.8130925],[-91.4850906,44.8132971],[-91.4850603,44.8136638],[-91.4850604,44.8136767]]}},{"type":"Feature","id":109197263,"properties":{"name":null,"highway":"cycleway","surface":"paved","category":"trail"},"geometry":{"type":"LineString","coordinates":[[-91.4858418,44.8122752],[-91.4858463,44.8125162]]}},{"type":"Feature","id":109197267,"properties":{"name":null,"highway":"cycleway","surface":"wood","category":"trail"},"geometry":{"type":"LineString","coordinates":[[-91.4850604,44.8136767],[-91.4850499,44.8146941]]}},{"type":"Feature","id":109197269,"properties":{"name":null,"highway":"cycleway","surface":"paved","category":"trail"},"geometry":{"type":"LineString","coordinates":[[-91.4858418,44.8122752],[-91.4858285,44.8122374],[-91.485772,44.8121587],[-91.4857693,44.811662],[-91.4857881,44.8116221],[-91.4858078,44.8115637],[-91.485809,44.8114789]]}},{"type":"Feature","id":109917059,"properties":{"name":null,"highway":"path","surface":"concrete","category":"trail"},"geometry":{"type":"LineString","coordinates":[[-91.4764127,44.8202836],[-91.4763021,44.8202805],[-91.4761955,44.82026],[-91.4760957,44.8201923],[-91.4759381,44.820027],[-91.4756893,44.8199266]]}},{"type":"Feature","id":109971719,"properties":{"name":null,"highway":"cycleway","surface":null,"category":"trail"},"geometry":{"type":"LineString","coordinates":[[-91.4589171,44.8378735],[-91.4589913,44.837694],[-91.4589576,44.8376102],[-91.4586096,44.8373303]]}},{"type":"Feature","id":109971723,"properties":{"name":null,"highway":"cycleway","surface":null,"category":"trail"},"geometry":{"type":"LineString","coordinates":[[-91.4586504,44.8382325],[-91.4589171,44.8378735]]}},{"type":"Feature","id":109971729,"properties":{"name":null,"highway":"cycleway","surface":"asphalt","category":"trail"},"geometry":{"type":"LineString","coordinates":[[-91.4753581,44.8433957],[-91.4752293,44.8433932],[-91.4751639,44.8434888],[-91.4751223,44.8434881],[-91.4750667,44.8434018],[-91.4750023,44.8433019],[-91.4749611,44.8433019],[-91.4749031,44.8433977],[-91.4748459,44.8434923],[-91.4748082,44.8434918],[-91.4747484,44.8433985],[-91.4747662,44.8431956],[-91.4748282,44.843087],[-91.4749074,44.8430105],[-91.4748477,44.8429542],[-91.474728,44.8428468],[-91.4746547,44.8428484],[-91.4735962,44.8428348],[-91.4734691,44.8428362],[-91.4732532,44.8428508],[-91.4730537,44.8428697],[-91.4729388,44.8428791],[-91.4728637,44.8428802],[-91.4726441,44.8428822],[-91.4723896,44.8428677],[-91.472286,44.8428525],[-91.4721758,44.8428302],[-91.4719687,44.8427808],[-91.4719054,44.8427638],[-91.4718355,44.842754],[-91.4717417,44.8427689],[-91.4716546,44.8427885],[-91.4714995,44.8428225],[-91.4713244,44.8428471],[-91.4711425,44.842851],[-91.4709705,44.8428384],[-91.4708153,44.8428172],[-91.4706667,44.8427818],[-91.4705989,44.8427683],[-91.4705278,44.8427712],[-91.4704381,44.8427881],[-91.4703584,44.8428145],[-91.4702904,44.8428325],[-91.4702057,44.8428482],[-91.4700767,44.8428565],[-91.4699311,44.8428576],[-91.4697955,44.842854],[-91.4696565,44.8428434],[-91.4695445,44.8428217],[-91.4694225,44.8427895],[-91.4693396,44.8427879],[-91.4690461,44.8427918],[-91.4687463,44.8427902],[-91.4685981,44.842793],[-91.4684598,44.8428005],[-91.468312,44.8428046],[-91.4681807,44.8427992],[-91.4680702,44.842795],[-91.4679439,44.8427914],[-91.46723,44.8426264],[-91.4669431,44.8425044],[-91.4667777,44.8423656],[-91.4666832,44.8421933],[-91.4665651,44.8420114],[-91.4663457,44.8418486],[-91.4661398,44.8417218],[-91.4659002,44.8416093],[-91.4654445,44.841449],[-91.4642126,44.8409967],[-91.4633857,44.8406473],[-91.4624508,44.8401878],[-91.4616847,44.8398049],[-91.461275,44.8395861],[-91.4611379,44.8395129],[-91.4605844,44.8394459],[-91.4601591,44.8394172],[-91.4600309,44.8393932],[-91.4598722,44.8393286],[-91.4596225,44.8391611],[-91.4594537,44.8390295],[-91.4591027,44.8388117],[-91.4586943,44.8385819],[-91.458664,44.8385653],[-91.4586,44.8385098],[-91.4585409,44.8384233],[-91.4585401,44.8383826],[-91.4585534,44.8383542],[-91.4586504,44.8382325]]}},{"type":"Feature","id":123315271,"properties":{"name":"East Lake Street","highway":"residential","surface":null,"category":"lane"},"geometry":{"type":"LineString","coordinates":[[-91.4958307,44.809317],[-91.4957027,44.8093791],[-91.4952779,44.8095853],[-91.4952033,44.8096215]]}},{"type":"Feature","id":123315478,"properties":{"name":"Carson Park Drive","highway":"tertiary","surface":null,"category":"shared"},"geometry":{"type":"LineString","coordinates":[[-91.5264788,44.8012242],[-91.52648,44.8015355],[-91.5265304,44.8029692],[-91.5265203,44.8030781],[-91.5264853,44.8031783],[-91.5264398,44.8032471],[-91.5263691,44.8033032],[-91.5262817,44.8033544],[-91.5261932,44.8033882],[-91.5260622,44.8034116],[-91.525992,44.8034195],[-91.525246,44.8034648],[-91.5250664,44.8035076],[-91.5248315,44.8036445],[-91.5247116,44.8037429],[-91.5246629,44.8038211],[-91.5246276,44.8039262],[-91.5246491,44.804086]]}},{"type":"Feature","id":123327076,"properties":{"name":null,"highway":"cycleway","surface":"concrete","category":"trail"},"geometry":{"type":"LineString","coordinates":[[-91.5284887,44.8349649],[-91.5285678,44.8349092],[-91.5286566,44.8348999],[-91.5287661,44.8349157],[-91.5288594,44.8349539],[-91.5289757,44.8350114],[-91.5290843,44.8350898],[-91.5291945,44.8351649],[-91.5297354,44.8354252],[-91.5309221,44.8359962],[-91.531184,44.8361193],[-91.531312,44.8361795],[-91.5316017,44.836287],[-91.5318947,44.8363788],[-91.5321442,44.8364368],[-91.532452,44.8364934],[-91.532486,44.8364977],[-91.5328234,44.83654],[-91.5333438,44.8365498],[-91.5334424,44.8365517],[-91.5335724,44.8365373],[-91.5342497,44.8364625],[-91.5345266,44.8363983],[-91.5349021,44.8362861],[-91.5352051,44.8361698],[-91.5354346,44.8360674],[-91.5356358,44.8359608],[-91.5366802,44.8352985],[-91.5370077,44.8350908],[-91.5373908,44.8348542],[-91.538699,44.8340462],[-91.5392669,44.8336955],[-91.5400765,44.8331731],[-91.5403765,44.8329795],[-91.5409176,44.8327198],[-91.5410082,44.8326823],[-91.5410508,44.8326647],[-91.5414655,44.8325306],[-91.5421629,44.8323822],[-91.5425671,44.8323368],[-91.543327,44.8322453],[-91.5436596,44.83223],[-91.5440356,44.8322122],[-91.5440606,44.8322427]]}},{"type":"Feature","id":124352967,"properties":{"name":"Chippewa River State Trail","highway":"cycleway","surface":"asphalt","category":"trail"},"geometry":{"type":"LineString","coordinates":[[-91.5065444,44.81283],[-91.5065196,44.8127766],[-91.506493,44.8127313],[-91.5064537,44.8126927],[-91.5063197,44.8126178],[-91.5062535,44.8125889],[-91.506173,44.8125432],[-91.5060979,44.8124747],[-91.5060497,44.8123719],[-91.5060067,44.8122502],[-91.5059746,44.8121741],[-91.5058995,44.8121017],[-91.5056634,44.8119],[-91.5054918,44.8117897],[-91.5041441,44.8105848],[-91.5040516,44.8104987],[-91.5038362,44.8103084],[-91.5034186,44.8098641],[-91.5032913,44.8097645],[-91.5031201,44.8096105],[-91.5029756,44.8094843],[-91.5029281,44.8094372],[-91.5025475,44.8090596],[-91.5024051,44.8089184],[-91.5022582,44.8087727],[-91.5021102,44.8086403],[-91.5017499,44.8083216],[-91.501662,44.8082333],[-91.5015482,44.8080636],[-91.5014006,44.8079015],[-91.5009898,44.8075281],[-91.5008374,44.8073785],[-91.5005761,44.8070867],[-91.5004093,44.8068603],[-91.500279,44.8066842],[-91.5001002,44.8062212],[-91.4999791,44.8060538],[-91.4998818,44.8059861],[-91.4998019,44.805912],[-91.4997317,44.8058312],[-91.4996642,44.8057349],[-91.4996216,44.805633],[-91.4995987,44.805542],[-91.4995424,44.8051306],[-91.4995201,44.805016],[-91.4995254,44.8049304],[-91.4995576,44.8048333],[-91.4996461,44.8047248],[-91.4997346,44.8045833]]}},{"type":"Feature","id":129471129,"properties":{"name":null,"highway":"cycleway","surface":"asphalt","category":"trail"},"geometry":{"type":"LineString","coordinates":[[-91.382088,44.918976],[-91.3820109,44.9190301],[-91.3819277,44.9190434],[-91.3818553,44.9190624],[-91.3818124,44.919108],[-91.381697,44.9193929],[-91.3815549,44.9199436],[-91.3815264,44.9201472],[-91.3814503,44.9206919],[-91.3814717,44.9209217],[-91.3815012,44.9211535],[-91.3815361,44.921275],[-91.3816032,44.9214079],[-91.3816944,44.9215219],[-91.3823595,44.9221069],[-91.3825024,44.9222417],[-91.3826304,44.9224278],[-91.3827404,44.9226595],[-91.3827994,44.9228304],[-91.3828209,44.9229387],[-91.3828182,44.923045],[-91.382845,44.9239831],[-91.3828584,44.9248149],[-91.3828718,44.9249915],[-91.3828906,44.9250808],[-91.3829201,44.9251701],[-91.3830603,44.9253904],[-91.3832527,44.9256809],[-91.3832024,44.9257285]]}},{"type":"Feature","id":141077331,"properties":{"name":"Chippewa River State Trail","highway":"cycleway","surface":"asphalt","category":"trail"},"geometry":{"type":"LineString","coordinates":[[-91.5775238,44.7575736],[-91.5776504,44.7575273],[-91.5777362,44.757501],[-91.5778845,44.7574681],[-91.5780051,44.7574516],[-91.5781099,44.7574154],[-91.5787965,44.7569012],[-91.5789406,44.7568183]]}},{"type":"Feature","id":141081076,"properties":{"name":"Lakeshore Trail","highway":"cycleway","surface":"asphalt","category":"trail"},"geometry":{"type":"LineString","coordinates":[[-91.5237112,44.801693],[-91.5241099,44.8015799],[-91.5243474,44.8015123],[-91.5247516,44.8014329],[-91.5253294,44.8013193],[-91.5260433,44.8012382],[-91.526267,44.8012286]]}},{"type":"Feature","id":141081081,"properties":{"name":"Chippewa River State Trail","highway":"cycleway","surface":"paved","category":"trail"},"geometry":{"type":"LineString","coordinates":[[-91.5256477,44.7964143],[-91.5258908,44.7982355]]}},{"type":"Feature","id":141081083,"properties":{"name":"Lakeshore Tail","highway":"cycleway","surface":"asphalt","category":"trail"},"geometry":{"type":"LineString","coordinates":[[-91.5136403,44.8102705],[-91.513522,44.8105008],[-91.5134939,44.8105376],[-91.5134598,44.8105639],[-91.5134233,44.8105895],[-91.5133954,44.8106068]]}},{"type":"Feature","id":141081088,"properties":{"name":null,"highway":"steps","surface":null,"category":"shared"},"geometry":{"type":"LineString","coordinates":[[-91.5179386,44.7999262],[-91.5180031,44.8000723]]}},{"type":"Feature","id":141081090,"properties":{"name":"Lakeshore Trail","highway":"cycleway","surface":"asphalt","category":"trail"},"geometry":{"type":"LineString","coordinates":[[-91.5259528,44.7983225],[-91.5261051,44.7985187],[-91.5260993,44.798576],[-91.526063,44.7988108],[-91.5260524,44.7988853],[-91.5259741,44.7992589],[-91.5259219,44.799476],[-91.5259003,44.7995269],[-91.5257759,44.7998367],[-91.5256388,44.800131],[-91.5255403,44.8002796],[-91.5255283,44.8002985]]}},{"type":"Feature","id":141081106,"properties":{"name":"5th Avenue","highway":"secondary","surface":"asphalt","category":"shared"},"geometry":{"type":"LineString","coordinates":[[-91.5097854,44.8026157],[-91.5097854,44.8026563],[-91.5097852,44.8027362],[-91.5097846,44.8030392],[-91.5097844,44.8031317],[-91.5097842,44.8032415],[-91.5097835,44.8036223],[-91.5097828,44.8040013],[-91.5097826,44.8040974],[-91.5097824,44.8041924],[-91.5097829,44.8045885],[-91.5097809,44.8049724],[-91.5097808,44.8050532],[-91.5097806,44.8051498],[-91.5097801,44.8054212],[-91.5097799,44.8055351],[-91.5097865,44.8059284],[-91.5097879,44.8060171],[-91.5097871,44.8061164],[-91.5097838,44.8065097],[-91.5097839,44.8068833],[-91.5097839,44.8069744]]}},{"type":"Feature","id":141081107,"properties":{"name":"Chippewa River State Trail","highway":"cycleway","surface":"paved","category":"trail"},"geometry":{"type":"LineString","coordinates":[[-91.544791,44.7786205],[-91.5440656,44.7787158],[-91.5438255,44.7787432]]}},{"type":"Feature","id":141081109,"properties":{"name":null,"highway":"path","surface":null,"category":"trail"},"geometry":{"type":"LineString","coordinates":[[-91.5200798,44.8034823],[-91.5200988,44.8036093],[-91.5201026,44.8038716]]}},{"type":"Feature","id":141081112,"properties":{"name":null,"highway":"cycleway","surface":"concrete","category":"trail"},"geometry":{"type":"LineString","coordinates":[[-91.5138637,44.8007757],[-91.5138893,44.8007423],[-91.51393,44.8007146],[-91.5141526,44.8006682],[-91.5143052,44.8006349],[-91.5146791,44.8005312],[-91.5153364,44.800416],[-91.5160194,44.8002912],[-91.5175273,44.7999627],[-91.5181598,44.7997948],[-91.5191415,44.7995131],[-91.5193447,44.7994747],[-91.5198735,44.7993676],[-91.5204929,44.7992109],[-91.5206554,44.7991574],[-91.5208558,44.7991083],[-91.5211814,44.7990683],[-91.5214005,44.7990347],[-91.5216105,44.7989898],[-91.5217389,44.7989538],[-91.5223323,44.7987876],[-91.5226208,44.7987394],[-91.5235312,44.7985975],[-91.5244687,44.7984141],[-91.5248118,44.7983417],[-91.5257204,44.7981383],[-91.5259518,44.7981179],[-91.5260175,44.7981243],[-91.52607,44.7981387],[-91.5261178,44.7981588],[-91.5261535,44.798192],[-91.5261689,44.7982339],[-91.5261618,44.798274],[-91.5261369,44.7983084]]}},{"type":"Feature","id":141081309,"properties":{"name":null,"highway":"cycleway","surface":"concrete","category":"trail"},"geometry":{"type":"LineString","coordinates":[[-91.5007918,44.8102455],[-91.5007183,44.8102676],[-91.500707,44.8102995],[-91.5006916,44.8103476],[-91.5006502,44.8103596],[-91.5005804,44.8103487]]}},{"type":"Feature","id":141082920,"properties":{"name":null,"highway":"cycleway","surface":"concrete","category":"trail"},"geometry":{"type":"LineString","coordinates":[[-91.4823463,44.8153308],[-91.4811998,44.8156121],[-91.4806806,44.8157714],[-91.4795705,44.8161815],[-91.4785574,44.816566],[-91.4784843,44.8165955],[-91.4782032,44.8167352],[-91.4779982,44.8168371],[-91.4776107,44.8170355],[-91.4772176,44.8172368],[-91.4768569,44.8173635],[-91.4764922,44.8174614],[-91.4763983,44.8174814],[-91.4749883,44.8177822],[-91.4747353,44.8178247],[-91.4745489,44.8178389],[-91.4743003,44.8178295],[-91.4740451,44.8177948],[-91.4739163,44.8177621],[-91.473872,44.8177508],[-91.4736323,44.817661],[-91.4734193,44.8175729],[-91.4732218,44.8175099],[-91.4729777,44.8174517],[-91.4726803,44.8174155],[-91.4723075,44.8174107],[-91.4721122,44.8174217],[-91.4718192,44.8174768],[-91.4714375,44.8175996],[-91.4697221,44.8183033],[-91.4694314,44.818434],[-91.4693949,44.8184558]]}},{"type":"Feature","id":141082925,"properties":{"name":"Old Abe State Trail","highway":"cycleway","surface":"paved","category":"trail"},"geometry":{"type":"LineString","coordinates":[[-91.4779206,44.8360916],[-91.4779185,44.8360607],[-91.4777611,44.8337878],[-91.4776228,44.8318756],[-91.477544,44.830809],[-91.4775042,44.8301106],[-91.4773704,44.8292648],[-91.4773531,44.8289805],[-91.4773206,44.8283794],[-91.4773106,44.8281949],[-91.4773192,44.8278174],[-91.4773647,44.8273168],[-91.4772799,44.8263425],[-91.4772716,44.8263168],[-91.4772572,44.8262938],[-91.4772356,44.8262782],[-91.4771911,44.8262626]]}},{"type":"Feature","id":141082928,"properties":{"name":"Old Abe State Trail","highway":"cycleway","surface":null,"category":"trail"},"geometry":{"type":"LineString","coordinates":[[-91.4782029,44.8428848],[-91.4781654,44.8423257]]}},{"type":"Feature","id":169343798,"properties":{"name":"Highway 29 Bridge Walkway","highway":"cycleway","surface":null,"category":"trail"},"geometry":{"type":"LineString","coordinates":[[-91.462518,44.8994635],[-91.4622995,44.8994785],[-91.4621451,44.8994649],[-91.4620207,44.8994418],[-91.4617942,44.8993624],[-91.4616777,44.8993375],[-91.4615722,44.899325],[-91.4614468,44.8993219],[-91.4611752,44.8993313],[-91.4609307,44.8993351],[-91.4603323,44.899325],[-91.4601586,44.8993157],[-91.4595467,44.8992724],[-91.4592204,44.8992372],[-91.4581932,44.8991032],[-91.4580196,44.8990758],[-91.457892,44.8990463],[-91.4577887,44.8990027],[-91.4577162,44.8989565],[-91.4576722,44.8989221],[-91.4575136,44.8989104]]}},{"type":"Feature","id":202624330,"properties":{"name":null,"highway":"cycleway","surface":"asphalt","category":"trail"},"geometry":{"type":"LineString","coordinates":[[-91.4798174,44.8434421],[-91.479626,44.8434348],[-91.4794293,44.8434387],[-91.4793618,44.8434319],[-91.4793011,44.8434178],[-91.4792448,44.8434096],[-91.4791269,44.843409],[-91.4790509,44.8434133],[-91.4789404,44.8434377],[-91.4788811,44.8434467],[-91.4788052,44.8434496],[-91.4785545,44.8434445],[-91.4784412,44.8434424],[-91.478238,44.8434415]]}},{"type":"Feature","id":202624360,"properties":{"name":null,"highway":"cycleway","surface":"asphalt","category":"trail"},"geometry":{"type":"LineString","coordinates":[[-91.5146493,44.824561],[-91.5150301,44.8246351],[-91.5154404,44.8247379],[-91.5158283,44.8248612],[-91.5160248,44.8249328],[-91.5164576,44.8251102],[-91.5168888,44.8253098],[-91.5173581,44.8255287],[-91.5180077,44.8258429],[-91.5196653,44.8266215],[-91.5197844,44.8266767],[-91.5198926,44.8267153],[-91.5204643,44.8269853],[-91.520818,44.8271625],[-91.521091,44.8273093],[-91.5213814,44.8274816],[-91.5216239,44.82764],[-91.5219054,44.8278413],[-91.5228834,44.8286583],[-91.5229306,44.8287149],[-91.5229538,44.8287719],[-91.5229609,44.8288714]]}},{"type":"Feature","id":202624361,"properties":{"name":null,"highway":"cycleway","surface":"asphalt","category":"trail"},"geometry":{"type":"LineString","coordinates":[[-91.5140639,44.82446],[-91.5146493,44.824561]]}},{"type":"Feature","id":202624366,"properties":{"name":null,"highway":"cycleway","surface":"asphalt","category":"trail"},"geometry":{"type":"LineString","coordinates":[[-91.5118779,44.8244225],[-91.5124399,44.8243661],[-91.5128729,44.8243592],[-91.5131446,44.8243687],[-91.5136723,44.8244074],[-91.5140639,44.82446]]}},{"type":"Feature","id":202760144,"properties":{"name":null,"highway":"path","surface":null,"category":"trail"},"geometry":{"type":"LineString","coordinates":[[-91.4600796,44.7750236],[-91.4601526,44.775028],[-91.4601901,44.7750176],[-91.4602234,44.7749866],[-91.4603026,44.7749082],[-91.4604005,44.7748608],[-91.4604901,44.7748401],[-91.4605672,44.7748313],[-91.4609745,44.7748387],[-91.4611273,44.7748363],[-91.4613487,44.7748327],[-91.4617863,44.7748194],[-91.4621655,44.774812],[-91.4625744,44.774812]]}},{"type":"Feature","id":202760145,"properties":{"name":null,"highway":"path","surface":null,"category":"trail"},"geometry":{"type":"LineString","coordinates":[[-91.4595045,44.7749392],[-91.4600796,44.7750236]]}},{"type":"Feature","id":202760161,"properties":{"name":null,"highway":"path","surface":null,"category":"trail"},"geometry":{"type":"LineString","coordinates":[[-91.4565299,44.7749896],[-91.4587168,44.7748668],[-91.4589314,44.7748446],[-91.4590711,44.7748446],[-91.4594257,44.774922],[-91.4595045,44.7749392]]}},{"type":"Feature","id":202760164,"properties":{"name":null,"highway":"cycleway","surface":null,"category":"trail"},"geometry":{"type":"LineString","coordinates":[[-91.4469158,44.7271953],[-91.4469204,44.7272678],[-91.4469417,44.727301],[-91.447014,44.7273191],[-91.4474392,44.72731],[-91.4475242,44.727307],[-91.4476008,44.7273282],[-91.4476688,44.7273674],[-91.4477156,44.7274249],[-91.4477326,44.7275064],[-91.4477411,44.7277934],[-91.4477294,44.7292708],[-91.4477253,44.729798],[-91.4477125,44.7299913],[-91.4476827,44.7301514],[-91.4476189,44.730384],[-91.4476065,44.7305281],[-91.4476189,44.730668],[-91.4476274,44.7308251],[-91.4476445,44.731239],[-91.4476189,44.7315078],[-91.4475126,44.7322872],[-91.4475254,44.7323295],[-91.4475552,44.7323869],[-91.4475552,44.7324843],[-91.4475424,44.7325591],[-91.4474871,44.7326044],[-91.4474659,44.7326497],[-91.4474446,44.7328853],[-91.4473553,44.7337614],[-91.4473298,44.7339185],[-91.4472703,44.7341662],[-91.447249,44.7343806],[-91.4472447,44.7347099],[-91.4472447,44.7350059],[-91.447266,44.7352657],[-91.4472578,44.7354992],[-91.4472345,44.7357615],[-91.4472268,44.7359962],[-91.4472552,44.736506]]}},{"type":"Feature","id":202760166,"properties":{"name":null,"highway":"path","surface":null,"category":"trail"},"geometry":{"type":"LineString","coordinates":[[-91.4594257,44.774922],[-91.4594357,44.7749895],[-91.4594857,44.7750886],[-91.4594982,44.775133],[-91.4595087,44.7752247],[-91.4595232,44.7752602],[-91.4595858,44.7753312]]}},{"type":"Feature","id":202908803,"properties":{"name":null,"highway":"cycleway","surface":"asphalt","category":"trail"},"geometry":{"type":"LineString","coordinates":[[-91.5136403,44.8102705],[-91.5136332,44.8106094],[-91.5136403,44.8108429],[-91.5136686,44.8113978],[-91.5137571,44.8117041],[-91.5138565,44.8120621],[-91.5139482,44.8123921],[-91.5139621,44.8124476],[-91.5140668,44.8128665],[-91.5142891,44.8137559],[-91.5143752,44.8142252],[-91.5143994,44.814394],[-91.514412,44.8144616],[-91.5144127,44.8144891],[-91.5143932,44.8145266],[-91.5143688,44.8145435],[-91.5143404,44.8145553],[-91.5143407,44.8145762]]}},{"type":"Feature","id":202908846,"properties":{"name":null,"highway":"path","surface":null,"category":"trail"},"geometry":{"type":"LineString","coordinates":[[-91.5794133,44.8414731],[-91.5793706,44.841614]]}},{"type":"Feature","id":202908856,"properties":{"name":null,"highway":"path","surface":null,"category":"trail"},"geometry":{"type":"LineString","coordinates":[[-91.5793706,44.841614],[-91.5793535,44.8416836]]}},{"type":"Feature","id":202908861,"properties":{"name":null,"highway":"path","surface":"asphalt","category":"trail"},"geometry":{"type":"LineString","coordinates":[[-91.5794133,44.8414731],[-91.5795139,44.8414905],[-91.5795949,44.841494],[-91.5796587,44.8414888],[-91.5797495,44.8414714],[-91.5799017,44.8414226],[-91.5799826,44.8414035],[-91.580071,44.8413878],[-91.5801446,44.8413861],[-91.5802501,44.8413826],[-91.5805888,44.841407],[-91.5808293,44.8414139],[-91.5809716,44.8414174],[-91.5811679,44.8413983],[-91.5813299,44.8413739],[-91.5814108,44.841353],[-91.5814796,44.8413287],[-91.5815313,44.8412849],[-91.5815556,44.8412643],[-91.5815949,44.8412173],[-91.5816072,44.841146],[-91.5815851,44.841059],[-91.5815483,44.8410016],[-91.5814992,44.8409389],[-91.5814378,44.8408989],[-91.5814069,44.8408276],[-91.5813986,44.8407562]]}},{"type":"Feature","id":202908870,"properties":{"name":null,"highway":"path","surface":"asphalt","category":"trail"},"geometry":{"type":"LineString","coordinates":[[-91.5816707,44.8406661],[-91.5816292,44.8406779],[-91.5815875,44.8407162],[-91.5815458,44.8407423],[-91.5814918,44.8407545],[-91.5813986,44.8407562],[-91.5811186,44.8407067],[-91.5810133,44.8406901],[-91.580974,44.8406501],[-91.5808931,44.8405613],[-91.5807655,44.8404709],[-91.580601,44.8403908],[-91.5805029,44.8403647],[-91.5803164,44.8403473],[-91.5801004,44.8403404],[-91.5799385,44.8403595],[-91.5798501,44.8403821],[-91.5796906,44.8404656],[-91.5795581,44.8405178],[-91.5791753,44.8406205],[-91.5790698,44.8406727],[-91.5790232,44.8407214],[-91.5789962,44.8407667],[-91.5789716,44.840838],[-91.5789814,44.8409911],[-91.5789692,44.8410712],[-91.5789618,44.8411895],[-91.5789888,44.8412556],[-91.5790428,44.8413287],[-91.5791115,44.841367],[-91.5792538,44.8414226],[-91.5794133,44.8414731]]}},{"type":"Feature","id":202908907,"properties":{"name":null,"highway":"path","surface":null,"category":"trail"},"geometry":{"type":"LineString","coordinates":[[-91.5793535,44.8416836],[-91.5793265,44.8417845],[-91.5793093,44.8418315],[-91.5793211,44.8418709],[-91.5793249,44.8419178],[-91.5793498,44.8419822],[-91.5793753,44.8420263],[-91.5794144,44.8420511]]}},{"type":"Feature","id":203138847,"properties":{"name":null,"highway":"cycleway","surface":null,"category":"trail"},"geometry":{"type":"LineString","coordinates":[[-91.4588186,44.7654779],[-91.458861,44.7660938]]}},{"type":"Feature","id":203138853,"properties":{"name":null,"highway":"cycleway","surface":null,"category":"trail"},"geometry":{"type":"LineString","coordinates":[[-91.458861,44.7660938],[-91.4588338,44.7662103],[-91.4588755,44.7670019],[-91.4588981,44.7670739],[-91.4589117,44.7671249],[-91.4589131,44.767148],[-91.458882,44.7672248],[-91.4589006,44.7673697],[-91.4589139,44.7675862],[-91.459078,44.7698365],[-91.459088,44.7699565],[-91.4590927,44.7702303],[-91.4591311,44.7707558],[-91.4591261,44.7708375],[-91.4591061,44.7709671],[-91.4590957,44.7709924],[-91.459157,44.7710226],[-91.4591909,44.7710415],[-91.4591983,44.77116],[-91.4591953,44.771236],[-91.4591969,44.771308],[-91.4591992,44.7713596],[-91.4591864,44.771381],[-91.459213,44.7715404],[-91.4593338,44.7723501],[-91.4593648,44.7726388],[-91.4594591,44.7739714],[-91.4595121,44.7744818],[-91.4595003,44.7745394],[-91.4594723,44.774577],[-91.4595416,44.7746147],[-91.4595565,44.7747221],[-91.4595453,44.7748316],[-91.4595401,44.7748825],[-91.4595416,44.7749159],[-91.4595873,44.7750833],[-91.4595858,44.7753312],[-91.4595991,44.7755414],[-91.4596182,44.7757339],[-91.459686,44.7762412],[-91.4596875,44.7763008],[-91.4596654,44.7763688],[-91.459627,44.7764336],[-91.4595475,44.7765864],[-91.4595298,44.7766554],[-91.4595268,44.7767359],[-91.4595327,44.7768353],[-91.4595607,44.7770026],[-91.4596212,44.7772348],[-91.459627,44.7772913],[-91.4596167,44.7773405],[-91.4595917,44.7773781],[-91.4595445,44.7774064],[-91.4594723,44.7774388],[-91.4593824,44.7774691],[-91.4592837,44.777488],[-91.4591732,44.7775016],[-91.4590686,44.7775026],[-91.458516,44.7775162],[-91.4584104,44.7775307]]}},{"type":"Feature","id":203157740,"properties":{"name":null,"highway":"cycleway","surface":null,"category":"trail"},"geometry":{"type":"LineString","coordinates":[[-91.4523413,44.8117545],[-91.4521044,44.8115414],[-91.4519391,44.8114302],[-91.4518345,44.8113749],[-91.4517222,44.8113205],[-91.4516247,44.8112784],[-91.4515343,44.8112419],[-91.4514173,44.8112063],[-91.4512985,44.8111713],[-91.4512039,44.8111474],[-91.451097,44.8111275],[-91.4509658,44.8111059],[-91.4485472,44.8107951],[-91.4484362,44.810777],[-91.4483398,44.8107587],[-91.4482236,44.8107269],[-91.4480999,44.8106741],[-91.4480209,44.8106294],[-91.4479344,44.8105755],[-91.4478756,44.8105271],[-91.4478486,44.810505],[-91.4477856,44.8104328],[-91.4477317,44.810351],[-91.4476983,44.8102723],[-91.4476725,44.8101867],[-91.4476641,44.8101177],[-91.447669,44.8097287],[-91.447676,44.8091734],[-91.4476834,44.80858],[-91.4476839,44.8085405],[-91.4476994,44.8073004]]}},{"type":"Feature","id":203157744,"properties":{"name":null,"highway":"cycleway","surface":"asphalt","category":"trail"},"geometry":{"type":"LineString","coordinates":[[-91.4511032,44.8181336],[-91.4511108,44.8180635],[-91.4510952,44.816725],[-91.451106,44.816562],[-91.4511296,44.8164097],[-91.451164,44.8162437],[-91.45134,44.8156649],[-91.451413,44.8154729],[-91.4515135,44.8152639],[-91.451915,44.8143849],[-91.4522547,44.8136435],[-91.4523106,44.8135902],[-91.4523566,44.8135081],[-91.4524115,44.8133815]]}},{"type":"Feature","id":203157750,"properties":{"name":null,"highway":"cycleway","surface":null,"category":"trail"},"geometry":{"type":"LineString","coordinates":[[-91.4526601,44.8123973],[-91.452619,44.8122588],[-91.4525657,44.8121158],[-91.4525234,44.8120377],[-91.4524617,44.8119181],[-91.4523413,44.8117545]]}},{"type":"Feature","id":217228710,"properties":{"name":"East Lake Street","highway":"tertiary","surface":"concrete","category":"lane"},"geometry":{"type":"LineString","coordinates":[[-91.4962367,44.8091199],[-91.4963092,44.8091079],[-91.4963701,44.8090938],[-91.4965981,44.8089875],[-91.4967972,44.8089019],[-91.49702,44.8088039],[-91.4972595,44.8087114],[-91.4973499,44.8086736]]}},{"type":"Feature","id":217315201,"properties":{"name":"Spooner Avenue","highway":"tertiary","surface":null,"category":"lane"},"geometry":{"type":"LineString","coordinates":[[-91.4594949,44.8071601],[-91.4599341,44.8072245]]}},{"type":"Feature","id":217315206,"properties":{"name":"Spooner Avenue","highway":"tertiary","surface":"asphalt","category":"lane"},"geometry":{"type":"LineString","coordinates":[[-91.4599341,44.8072245],[-91.4606946,44.8073263],[-91.4610627,44.807367],[-91.4614286,44.8073917],[-91.4617765,44.807406]]}},{"type":"Feature","id":217315213,"properties":{"name":"Spooner Avenue","highway":"tertiary","surface":"asphalt","category":"lane"},"geometry":{"type":"LineString","coordinates":[[-91.4623658,44.8074067],[-91.4638669,44.8073942],[-91.4640085,44.8073937],[-91.4646442,44.8073914],[-91.4657755,44.8073814],[-91.4668748,44.8073723],[-91.4672154,44.8073695],[-91.4673851,44.8073681],[-91.468233,44.8073612],[-91.4683371,44.8073603],[-91.4683704,44.80736]]}},{"type":"Feature","id":218547275,"properties":{"name":"Highway 29 Bridge Walkway","highway":"cycleway","surface":"concrete","category":"trail"},"geometry":{"type":"LineString","coordinates":[[-91.4575136,44.8989104],[-91.4547759,44.8987725]]}},{"type":"Feature","id":260866814,"properties":{"name":null,"highway":"cycleway","surface":null,"category":"trail"},"geometry":{"type":"LineString","coordinates":[[-91.5142485,44.7944517],[-91.5142723,44.7944172],[-91.5142914,44.7943896],[-91.514339,44.794335],[-91.5143757,44.7943218],[-91.51446,44.7942952],[-91.5145569,44.7942552],[-91.5146129,44.7942202],[-91.5146385,44.7942041],[-91.5146962,44.7941495],[-91.5147598,44.7940439],[-91.5148249,44.7938948],[-91.514884,44.7936947],[-91.5149842,44.7933284],[-91.5150315,44.79325]]}},{"type":"Feature","id":260866815,"properties":{"name":null,"highway":"cycleway","surface":"asphalt","category":"trail"},"geometry":{"type":"LineString","coordinates":[[-91.4607602,44.7952619],[-91.4607417,44.795237],[-91.4607214,44.7952199],[-91.4607014,44.7952072],[-91.460601,44.7951622],[-91.4606276,44.79512],[-91.4606606,44.7950853],[-91.4607877,44.7950793],[-91.4609537,44.7950708],[-91.4631828,44.794952],[-91.4632952,44.7949474],[-91.4633668,44.7949501],[-91.4634405,44.7949547],[-91.4634974,44.794951],[-91.4635654,44.7949434],[-91.4636583,44.7949285],[-91.463773,44.7949132],[-91.4639207,44.7948974],[-91.4648587,44.7948414],[-91.4653818,44.7948147],[-91.4655869,44.7948052],[-91.465717,44.7948071],[-91.4658492,44.7948181],[-91.4659282,44.7948247],[-91.4660429,44.7948271],[-91.466165,44.7948242],[-91.4675839,44.7947424],[-91.4681015,44.794721],[-91.4681751,44.7946785],[-91.4682292,44.794646],[-91.468349,44.7946389],[-91.4684491,44.7946351],[-91.4685148,44.7946342],[-91.4686169,44.7946354],[-91.4686932,44.7946335],[-91.4688156,44.7946267],[-91.4691985,44.7946415],[-91.469412,44.7946343],[-91.4719726,44.7944917],[-91.4720653,44.7944614],[-91.4721769,44.7944393],[-91.4723046,44.7944245],[-91.4724977,44.7944112],[-91.4728571,44.7943883],[-91.4730448,44.7943811],[-91.4731135,44.7943929],[-91.4731681,44.7943951],[-91.4732187,44.7943856],[-91.4733359,44.7943541],[-91.4734317,44.7943401],[-91.4735243,44.7943383],[-91.4735744,44.7943344],[-91.4737875,44.7943179],[-91.4739043,44.7943218],[-91.4741592,44.7943338],[-91.4742733,44.7943393],[-91.474395,44.7943339],[-91.4757555,44.7942463],[-91.4759796,44.7942319],[-91.4762739,44.7942129],[-91.4766507,44.794199],[-91.4770455,44.7941957],[-91.4775116,44.7941681],[-91.4780828,44.794121],[-91.4781685,44.7941149],[-91.4782267,44.7941045],[-91.4784186,44.7940628],[-91.4784707,44.7940503],[-91.478527,44.7940478],[-91.4785756,44.7940507],[-91.4786426,44.7940622],[-91.47874,44.7940777],[-91.4788185,44.794079],[-91.4789196,44.7940728],[-91.4790637,44.7940457],[-91.4792773,44.7940063],[-91.4794982,44.7939848],[-91.4823267,44.7937842],[-91.4838381,44.7936645],[-91.485662,44.7935356],[-91.488439,44.7933973],[-91.4888995,44.7933667],[-91.4891181,44.7933605],[-91.4893374,44.7933725],[-91.489618,44.7933986],[-91.4897545,44.7934082],[-91.4898967,44.7934066],[-91.4900822,44.7934024],[-91.4902659,44.7934154],[-91.490304,44.793415],[-91.4903663,44.7934233],[-91.4904137,44.7934181],[-91.49057,44.793381],[-91.4906884,44.7933643],[-91.4911373,44.7933261],[-91.4917016,44.7932962],[-91.4920779,44.793301],[-91.4923406,44.7932937],[-91.4932971,44.7932411],[-91.4937515,44.7931814],[-91.4938529,44.7931744],[-91.4942636,44.793169],[-91.4943953,44.7931706],[-91.4948656,44.7931895],[-91.4950994,44.7931694],[-91.4953485,44.7931712]]}},{"type":"Feature","id":261478181,"properties":{"name":null,"highway":"cycleway","surface":"asphalt","category":"trail"},"geometry":{"type":"LineString","coordinates":[[-91.4985383,44.8134395],[-91.4984334,44.8134658],[-91.4982642,44.8135082],[-91.4979616,44.8135842],[-91.4974022,44.8135923],[-91.4969767,44.8136069],[-91.4962554,44.8136316],[-91.4952479,44.8136662],[-91.4946902,44.8136808]]}},{"type":"Feature","id":356362476,"properties":{"name":null,"highway":"cycleway","surface":"paved","category":"trail"},"geometry":{"type":"LineString","coordinates":[[-91.5263878,44.8012978],[-91.5263874,44.8013165],[-91.5263915,44.8015348],[-91.526429,44.8029966],[-91.5264311,44.8030527],[-91.5264249,44.8030841],[-91.52641,44.8031143],[-91.5263783,44.8031626],[-91.5263363,44.8032059],[-91.5262856,44.8032492],[-91.5262253,44.8032828],[-91.526176,44.8033042],[-91.5261164,44.8033183],[-91.5259777,44.8033366],[-91.5251996,44.8033932],[-91.5250961,44.8034165],[-91.5249721,44.8034673],[-91.524769,44.8035804],[-91.5246631,44.803678],[-91.524609,44.8037466],[-91.5245674,44.8038011],[-91.5245451,44.8038661],[-91.5245413,44.8039249],[-91.5245489,44.8039884],[-91.5245636,44.8040607],[-91.5245947,44.8041304],[-91.5246807,44.8042828],[-91.5246923,44.8043275],[-91.524703,44.8043734],[-91.5246851,44.804446],[-91.5246465,44.8045357],[-91.5246286,44.8045902],[-91.5246306,44.8046183],[-91.5246516,44.8046546],[-91.5247754,44.8048681],[-91.5247937,44.8049087],[-91.5248046,44.8049562],[-91.5247999,44.8050143],[-91.5247727,44.8050663],[-91.52455,44.8053436],[-91.5243563,44.8055439],[-91.5242873,44.8055963],[-91.5241297,44.8056889],[-91.5238205,44.805809],[-91.5231806,44.8060613],[-91.5231459,44.8060763],[-91.5230036,44.8061263],[-91.5225648,44.8062692],[-91.522088,44.8064848],[-91.5218338,44.8066441],[-91.5216403,44.8067963],[-91.5214992,44.8068752]]}},{"type":"Feature","id":362294560,"properties":{"name":"High Bridge","highway":"cycleway","surface":"wood","category":"trail"},"geometry":{"type":"LineString","coordinates":[[-91.5110955,44.8244943],[-91.5076421,44.8248835]]}},{"type":"Feature","id":362296435,"properties":{"name":null,"highway":"cycleway","surface":"paved","category":"trail"},"geometry":{"type":"LineString","coordinates":[[-91.5076421,44.8248835],[-91.5074551,44.8249152],[-91.5072198,44.8249723],[-91.5069174,44.8250479],[-91.5068367,44.8250569],[-91.5067523,44.8250431],[-91.5064555,44.8249465],[-91.506346,44.8249246],[-91.506068,44.8248894]]}},{"type":"Feature","id":363066719,"properties":{"name":"Lakeshore Trail","highway":"cycleway","surface":"asphalt","category":"trail"},"geometry":{"type":"LineString","coordinates":[[-91.5255283,44.8002985],[-91.5254718,44.8003836],[-91.5254056,44.8004699]]}},{"type":"Feature","id":363066720,"properties":{"name":"Lakeshore Tail","highway":"cycleway","surface":"asphalt","category":"trail"},"geometry":{"type":"LineString","coordinates":[[-91.5254056,44.8004699],[-91.5253839,44.8004937],[-91.5253321,44.8005404],[-91.525255,44.8006015],[-91.5248601,44.800906],[-91.5243986,44.8012176],[-91.5241074,44.8014085],[-91.5240203,44.8014667],[-91.5239828,44.8014917],[-91.5238569,44.8015808],[-91.5237112,44.801693],[-91.5231136,44.8018996],[-91.5229554,44.8019707],[-91.5227219,44.8020756],[-91.5223325,44.8022762],[-91.5218643,44.8025015],[-91.5216767,44.8026093],[-91.5215236,44.8026972],[-91.5212177,44.8028885],[-91.5200988,44.8036093],[-91.5197113,44.8038589],[-91.5193863,44.8040713],[-91.5190992,44.8042543],[-91.5189757,44.8042876],[-91.5186604,44.8042881],[-91.5184848,44.8043322],[-91.5183745,44.8044117],[-91.5183343,44.8045323],[-91.5183335,44.8045816],[-91.5183293,44.8048452],[-91.5183272,44.8049781],[-91.5183247,44.8051339],[-91.5182764,44.8052146],[-91.5180635,44.8053258],[-91.5178859,44.8054503],[-91.5176646,44.8056287],[-91.5173535,44.8057845],[-91.5169145,44.8059592],[-91.5166614,44.8060943],[-91.5164298,44.8062945],[-91.515947,44.8066657],[-91.5157171,44.8068396],[-91.5155399,44.8070105],[-91.5154005,44.8071705],[-91.515199,44.8074591],[-91.5150736,44.8075861],[-91.5150497,44.8076043]]}},{"type":"Feature","id":363066721,"properties":{"name":"Chippewa River State Trail","highway":"cycleway","surface":"paved","category":"trail"},"geometry":{"type":"LineString","coordinates":[[-91.584131,44.7513484],[-91.5844879,44.7512711],[-91.5847985,44.7512118],[-91.5852389,44.7511509],[-91.585663,44.7511007],[-91.5861707,44.7510686],[-91.5866718,44.7510614],[-91.58991,44.7510774],[-91.6087608,44.7511614],[-91.6096087,44.7511688]]}},{"type":"Feature","id":363066722,"properties":{"name":"Chippewa River State Trail","highway":"cycleway","surface":"paved","category":"trail"},"geometry":{"type":"LineString","coordinates":[[-91.5687527,44.7697559],[-91.5691167,44.7694439],[-91.5695534,44.7690785],[-91.570306,44.7684417],[-91.5710514,44.7677341],[-91.5714215,44.7673207],[-91.5719569,44.7667341],[-91.5725935,44.7659124],[-91.5732677,44.76487],[-91.5740533,44.7635332],[-91.5758799,44.7604267],[-91.5770547,44.7583469],[-91.5775238,44.7575736],[-91.5777301,44.7572285],[-91.5784497,44.7559933],[-91.5789646,44.7551078],[-91.5792868,44.7546239],[-91.579463,44.7543721],[-91.5796924,44.7540972],[-91.5798941,44.753875],[-91.5801081,44.7536405],[-91.580397,44.7533697],[-91.580951,44.7528776],[-91.5812338,44.7526603],[-91.5815188,44.7524611],[-91.5818549,44.7522521],[-91.5822976,44.7520101],[-91.5826499,44.7518521],[-91.5830092,44.7517056],[-91.583431,44.7515509]]}},{"type":"Feature","id":363066724,"properties":{"name":"Chippewa River State Trail","highway":"cycleway","surface":"paved","category":"trail"},"geometry":{"type":"LineString","coordinates":[[-91.5258799,44.7955731],[-91.5259093,44.7956951],[-91.5259571,44.7957767],[-91.5261287,44.7959852],[-91.5261474,44.796053],[-91.5261362,44.7961255],[-91.526094,44.796182],[-91.52602,44.7962234],[-91.5257316,44.796307],[-91.5256876,44.7963332],[-91.5256644,44.7963648],[-91.525644,44.796393]]}},{"type":"Feature","id":363066725,"properties":{"name":"Chippewa River State Trail","highway":"cycleway","surface":"paved","category":"trail"},"geometry":{"type":"LineString","coordinates":[[-91.583431,44.7515509],[-91.5836744,44.7514719],[-91.5839085,44.7514044],[-91.584131,44.7513484]]}},{"type":"Feature","id":368451308,"properties":{"name":"Ant Hill","highway":"path","surface":"dirt","category":"trail"},"geometry":{"type":"LineString","coordinates":[[-91.4627657,44.7563192],[-91.4627412,44.7564165],[-91.4626805,44.7564542],[-91.4625385,44.7564714],[-91.4623883,44.75646],[-91.4622166,44.7563723],[-91.462104,44.7564333],[-91.4619806,44.7564028],[-91.4616319,44.7564142],[-91.4613369,44.7563685],[-91.4612242,44.7564181],[-91.4610311,44.7563762],[-91.4608272,44.7563419],[-91.4603874,44.7563723],[-91.4600494,44.7563685],[-91.4598885,44.7564219],[-91.4597651,44.7564904],[-91.4597168,44.7565971],[-91.4597812,44.7566999],[-91.459926,44.7567952],[-91.4601513,44.756719],[-91.4604678,44.7566466],[-91.4606556,44.7566352],[-91.4608219,44.7566695],[-91.4608809,44.7567647],[-91.4607468,44.7568066],[-91.4605697,44.7567571],[-91.4603723,44.7568635],[-91.4602953,44.7569232],[-91.4601879,44.7569713],[-91.4600816,44.7570352],[-91.4600816,44.7571799],[-91.4600494,44.7572751],[-91.4599153,44.7572218],[-91.4598241,44.7571456],[-91.4596578,44.7572066],[-91.4595559,44.7573361],[-91.4595941,44.7574813],[-91.4596814,44.7575244],[-91.4598561,44.7575217],[-91.4599894,44.7574853],[-91.4601692,44.7574671],[-91.4602322,44.7574936],[-91.4602486,44.7575549],[-91.4602019,44.7576146],[-91.4601332,44.757705],[-91.4601285,44.7579544],[-91.4601256,44.7581094],[-91.4600921,44.7581983],[-91.4600595,44.7582414],[-91.4599847,44.7582464],[-91.459952,44.7582032],[-91.459924,44.7581369],[-91.4598637,44.7580851],[-91.4597953,44.7580959],[-91.459765,44.7581363],[-91.4597559,44.7581833],[-91.4598073,44.7582281],[-91.4599624,44.7583277],[-91.4600338,44.7584321],[-91.4600198,44.7585183],[-91.4599637,44.7586078],[-91.4598633,44.7586575],[-91.4597466,44.7586542],[-91.4597022,44.7586376],[-91.4596672,44.7586045],[-91.4595827,44.7584598],[-91.4595144,44.7581363],[-91.4595789,44.7580635],[-91.4597156,44.7580069],[-91.4597909,44.7579695],[-91.4598423,44.7579031],[-91.4598236,44.7578385],[-91.4597652,44.7578103],[-91.4596672,44.7578119],[-91.4595037,44.7578551],[-91.4594173,44.7579562],[-91.4594233,44.7580797],[-91.4594613,44.7582091],[-91.4595317,44.7585033],[-91.4595827,44.7586458],[-91.4596928,44.7587806],[-91.4597326,44.7588217],[-91.459854,44.7588615],[-91.4599941,44.7588598],[-91.4601272,44.7588515],[-91.4602719,44.7588648],[-91.4604027,44.7588681],[-91.4605942,44.7588781],[-91.4606759,44.7588167],[-91.4608487,44.7586236],[-91.4609238,44.758437],[-91.4609345,44.7582846],[-91.4610847,44.758216],[-91.4612349,44.7582275],[-91.4612403,44.758357],[-91.4611867,44.7584979],[-91.4612081,44.7587074],[-91.4612725,44.7589207],[-91.4612081,44.7590502],[-91.4612403,44.7591607],[-91.461251,44.7592673],[-91.4612993,44.7593125],[-91.4613507,44.7593722],[-91.4615729,44.7595987],[-91.461766,44.7596864],[-91.4619377,44.7597663],[-91.4621791,44.7598616],[-91.4623615,44.7599035],[-91.4624902,44.7598997],[-91.4625868,44.7597702],[-91.4626672,44.7596635],[-91.4625975,44.7595835],[-91.4622756,44.7595645],[-91.4619269,44.7594426],[-91.4616534,44.7593969],[-91.4615944,44.7593092],[-91.4615675,44.759195],[-91.4616973,44.7590582],[-91.4618415,44.7589989],[-91.4619326,44.7589073],[-91.4620047,44.7587186],[-91.4619913,44.7585969],[-91.4619699,44.7584712],[-91.4620611,44.7583265],[-91.4620825,44.7582313],[-91.4621306,44.7581999],[-91.4622053,44.7582347],[-91.4621796,44.7583176],[-91.4621726,44.7583807],[-91.4622077,44.7584254],[-91.462231,44.7584685],[-91.4622754,44.7585564],[-91.4623185,44.7586884],[-91.4623548,44.7586824],[-91.4623898,44.7585199],[-91.4624248,44.7584735],[-91.4625019,44.7584337],[-91.4625649,44.758442],[-91.4625883,44.7584901],[-91.4626396,44.7585746],[-91.4625814,44.7587912],[-91.462642,44.758898],[-91.462649,44.7590173],[-91.4627146,44.7590798],[-91.4628031,44.7591898],[-91.4628544,44.7592992],[-91.4629128,44.7593738],[-91.4630132,44.7593921],[-91.4630459,44.7594401],[-91.4630179,44.7595098],[-91.4630943,44.7596027],[-91.4630553,44.7596756],[-91.4631113,44.7597535],[-91.4631057,44.7598211],[-91.463123,44.7598977],[-91.463235,44.7600055],[-91.4633308,44.7600387],[-91.4634545,44.7600436],[-91.4637093,44.7600475]]}},{"type":"Feature","id":368452975,"properties":{"name":"Tunnels","highway":"path","surface":"dirt","category":"trail"},"geometry":{"type":"LineString","coordinates":[[-91.4791241,44.7603222],[-91.4789087,44.7602818],[-91.4787673,44.7602467],[-91.4784502,44.7602727],[-91.4782672,44.7602178],[-91.4781209,44.760212],[-91.478007,44.7602496],[-91.4778648,44.7601803],[-91.4776777,44.7601687],[-91.477324,44.7601341],[-91.4767264,44.7602294],[-91.4765963,44.7602207],[-91.4764296,44.7602929],[-91.4762792,44.7603217],[-91.4761207,44.7603362],[-91.4759824,44.7604516],[-91.4758483,44.7605469],[-91.4756568,44.7606035],[-91.4754954,44.7606391],[-91.4753264,44.7606314],[-91.4751628,44.7605991],[-91.4750421,44.7605362],[-91.4749536,44.7605191],[-91.4747256,44.7603401],[-91.4746559,44.7603191],[-91.4744822,44.7603557],[-91.4744125,44.7603227],[-91.4744064,44.7602544],[-91.4743313,44.7601972],[-91.4742079,44.7601953],[-91.4740524,44.7602163],[-91.4739451,44.7602086],[-91.47387,44.7601648],[-91.4738056,44.7601096],[-91.4736286,44.7600601],[-91.4735132,44.759982],[-91.4734508,44.7599684],[-91.4733738,44.7599515],[-91.4733389,44.7599039],[-91.4732558,44.7597287],[-91.4731377,44.759563],[-91.4730814,44.7594811],[-91.4729768,44.7592449],[-91.4729017,44.7590145],[-91.4729098,44.7588431],[-91.4727756,44.7585364],[-91.4726952,44.7584393],[-91.4726254,44.7582527],[-91.4725879,44.7580927],[-91.4725879,44.7579746],[-91.4725101,44.7577098],[-91.4724484,44.7576051],[-91.4723787,44.757567],[-91.4723545,44.7575289],[-91.4723545,44.757447],[-91.4724082,44.7573632],[-91.4724066,44.7573453],[-91.4724023,44.7572986],[-91.4724109,44.7572223],[-91.4723411,44.7571575],[-91.4723653,44.7570985],[-91.472317,44.757007],[-91.4722875,44.7568699],[-91.472207,44.7568509],[-91.4721346,44.7568528],[-91.4720032,44.7568071],[-91.4719656,44.756788],[-91.4719281,44.7567404],[-91.4719037,44.756655]]}},{"type":"Feature","id":368452976,"properties":{"name":"Mind Games","highway":"path","surface":"dirt","category":"trail"},"geometry":{"type":"LineString","coordinates":[[-91.4675341,44.7595619],[-91.4677333,44.7599402],[-91.467821,44.7601874],[-91.4678345,44.7603261],[-91.4677607,44.7607576],[-91.4677434,44.7608948],[-91.4677528,44.7609744],[-91.4678001,44.7610263],[-91.4678813,44.7610943],[-91.4682695,44.7611596],[-91.4684652,44.761287],[-91.4685885,44.7614349],[-91.4686289,44.7614738],[-91.4686691,44.7615595],[-91.4686343,44.7616053],[-91.468527,44.7615995],[-91.468409,44.76163],[-91.4682078,44.7616034],[-91.4680369,44.7615812],[-91.4678705,44.7615462],[-91.4677534,44.7615068],[-91.467661,44.7614587],[-91.4675747,44.7614018],[-91.4674724,44.7613184]]}},{"type":"Feature","id":368452977,"properties":{"name":"Fern Gully","highway":"path","surface":"dirt","category":"trail"},"geometry":{"type":"LineString","coordinates":[[-91.4628252,44.7533098],[-91.4628882,44.7533228],[-91.4629289,44.7533343],[-91.4629675,44.753343],[-91.463061,44.7533444],[-91.4632201,44.7533295],[-91.4632602,44.7533257],[-91.4633984,44.7533863],[-91.4635489,44.7534556],[-91.463681,44.7535408],[-91.4638009,44.7535999],[-91.4639515,44.7536428],[-91.4640103,44.753675],[-91.464057,44.75374],[-91.4641079,44.753753],[-91.4642284,44.7536875],[-91.4645408,44.7536635],[-91.4647177,44.7536923],[-91.4648457,44.7537457],[-91.4648864,44.7538266],[-91.4650973,44.7539406],[-91.4651893,44.7539565],[-91.4653112,44.7539305],[-91.4654413,44.7539478],[-91.465606,44.7539911]]}},{"type":"Feature","id":368452978,"properties":{"name":"Tetanus Shot","highway":"path","surface":"dirt","category":"trail"},"geometry":{"type":"LineString","coordinates":[[-91.4701666,44.7584461],[-91.4701629,44.7585222],[-91.4702273,44.7585869],[-91.4702649,44.7586936],[-91.4702595,44.7587545],[-91.4702756,44.7588535],[-91.4703239,44.758884],[-91.4704043,44.7587697],[-91.4705438,44.7587317],[-91.4706136,44.758785],[-91.4705975,44.7588954],[-91.4704794,44.7590211],[-91.470458,44.7591697],[-91.4705116,44.7592726],[-91.4707262,44.7592535],[-91.4708067,44.7592992],[-91.4708389,44.7594135]]}},{"type":"Feature","id":372754051,"properties":{"name":"Menomonie Street","highway":"residential","surface":"asphalt","category":"shared"},"geometry":{"type":"LineString","coordinates":[[-91.5118341,44.8012275],[-91.5125175,44.8012299],[-91.5137864,44.8012304],[-91.5139054,44.8012304]]}},{"type":"Feature","id":372754052,"properties":{"name":"Chippewa River State Trail","highway":"cycleway","surface":"asphalt","category":"trail"},"geometry":{"type":"LineString","coordinates":[[-91.5117208,44.801153],[-91.5114936,44.8011729],[-91.5106016,44.8013045],[-91.5099945,44.8014028],[-91.5099079,44.8014124],[-91.5098088,44.8014115],[-91.5096422,44.8014026],[-91.509546,44.8014063],[-91.5089425,44.8015338],[-91.5088447,44.801543],[-91.507857,44.8015825],[-91.5076678,44.8016161],[-91.5075044,44.8016438],[-91.5068969,44.8016337],[-91.506755,44.8016229],[-91.5066099,44.8016029],[-91.5058085,44.8014364],[-91.505717,44.8014114],[-91.5056171,44.8013963],[-91.5055098,44.8013873],[-91.5054516,44.8013764],[-91.5054009,44.8013629],[-91.5051017,44.8012669],[-91.5048899,44.8011964],[-91.5047075,44.8011413],[-91.5046109,44.8011127],[-91.5045573,44.8010785],[-91.5044634,44.8009814],[-91.5043883,44.8009053],[-91.504163,44.8007568],[-91.5039779,44.800635],[-91.503817,44.8005703],[-91.5034656,44.8004847],[-91.5031706,44.8004333],[-91.5028272,44.8003857],[-91.5025793,44.8003655],[-91.5024008,44.8003705],[-91.5020574,44.8004066],[-91.5017517,44.8004656],[-91.5014969,44.800536],[-91.5012608,44.800635],[-91.5011321,44.8006978],[-91.5009738,44.800793],[-91.5009255,44.800831],[-91.5008558,44.8008957],[-91.5003194,44.8015485],[-91.5002979,44.8015961],[-91.5002979,44.8016361],[-91.5003086,44.8016703],[-91.5003086,44.8017103],[-91.5001969,44.8021075],[-91.5000243,44.8027209],[-91.5000216,44.802778],[-91.500019,44.8029321],[-91.4999819,44.803134],[-91.4999312,44.8034096],[-91.4998786,44.8037473],[-91.4998252,44.8042153],[-91.4997916,44.8043884],[-91.4997346,44.8045833]]}},{"type":"Feature","id":372754055,"properties":{"name":"Chippewa River State Trail","highway":"cycleway","surface":"concrete","category":"trail"},"geometry":{"type":"LineString","coordinates":[[-91.5065444,44.81283],[-91.5064154,44.8128518]]}},{"type":"Feature","id":372769364,"properties":{"name":"50th Avenue","highway":"unclassified","surface":null,"category":"shared"},"geometry":{"type":"LineString","coordinates":[[-91.433067,44.915184],[-91.43222,44.915173],[-91.431541,44.915154],[-91.4301829,44.91508],[-91.4283375,44.9149584]]}},{"type":"Feature","id":375803320,"properties":{"name":null,"highway":"cycleway","surface":"asphalt","category":"trail"},"geometry":{"type":"LineString","coordinates":[[-91.4317229,44.7802173],[-91.4317211,44.7802859],[-91.4317211,44.7807521],[-91.4317299,44.7809072],[-91.4317386,44.7810024],[-91.4317794,44.7812031],[-91.4318319,44.7813934],[-91.4318989,44.7815486],[-91.4320126,44.7817762],[-91.4320621,44.781861],[-91.4321846,44.7820265],[-91.4322204,44.782069],[-91.4323449,44.7822169],[-91.4324994,44.7823845],[-91.432592,44.7824788],[-91.432718,44.7825848],[-91.4329337,44.7827462],[-91.433368,44.7830565],[-91.4337032,44.7833151],[-91.4337703,44.783373],[-91.4338119,44.7834169],[-91.4339626,44.7835923],[-91.4340472,44.7837103],[-91.4341406,44.7838525],[-91.4342366,44.7840185],[-91.4343183,44.7842358],[-91.4343445,44.7843413],[-91.434362,44.7844054],[-91.4343765,44.7844985],[-91.4344232,44.7851191],[-91.434452,44.7855879],[-91.4344727,44.7858949],[-91.4345034,44.786343],[-91.4345194,44.7865756],[-91.4345324,44.78676]]}},{"type":"Feature","id":403692462,"properties":{"name":null,"highway":"path","surface":"paved","category":"trail"},"geometry":{"type":"LineString","coordinates":[[-91.4896013,44.8144679],[-91.4896014,44.8145619],[-91.4895989,44.8147227],[-91.4895851,44.8148112]]}},{"type":"Feature","id":403702918,"properties":{"name":null,"highway":"cycleway","surface":"concrete","category":"trail"},"geometry":{"type":"LineString","coordinates":[[-91.4853397,44.8134754],[-91.4850906,44.8132971],[-91.4850079,44.8132332]]}},{"type":"Feature","id":403916945,"properties":{"name":null,"highway":"footway","surface":"paved","category":"trail"},"geometry":{"type":"LineString","coordinates":[[-91.4865323,44.8130247],[-91.4864763,44.8130262]]}},{"type":"Feature","id":403917975,"properties":{"name":null,"highway":"footway","surface":"concrete","category":"trail"},"geometry":{"type":"LineString","coordinates":[[-91.4777172,44.8173842],[-91.477761,44.8174215],[-91.478139,44.8173078],[-91.4783146,44.8172928],[-91.4785518,44.8171881],[-91.4789422,44.8170614],[-91.4794505,44.8169321],[-91.4796042,44.8169615],[-91.4797879,44.8169654]]}},{"type":"Feature","id":404329039,"properties":{"name":null,"highway":"footway","surface":"concrete","category":"trail"},"geometry":{"type":"LineString","coordinates":[[-91.4756893,44.8199266],[-91.4756734,44.8198852],[-91.4756593,44.8198476],[-91.4756326,44.8197705],[-91.4756381,44.8197102],[-91.4756672,44.8196345],[-91.4756901,44.8196036],[-91.4756901,44.8195863],[-91.4756711,44.8195687],[-91.475605,44.8195292],[-91.4755731,44.8195101],[-91.4755497,44.8194509],[-91.4755532,44.8194362],[-91.475575,44.8193438],[-91.4755778,44.8193265],[-91.4755572,44.8193092],[-91.4754587,44.8192753],[-91.4753818,44.8192307],[-91.4753331,44.8191861],[-91.4751295,44.8187551],[-91.474936,44.8182292],[-91.4749125,44.8181793],[-91.4748734,44.8181016],[-91.4748558,44.818042]]}},{"type":"Feature","id":404329040,"properties":{"name":null,"highway":"cycleway","surface":"concrete","category":"trail"},"geometry":{"type":"LineString","coordinates":[[-91.4748558,44.818042],[-91.4747385,44.8176037]]}},{"type":"Feature","id":404329041,"properties":{"name":null,"highway":"cycleway","surface":null,"category":"trail"},"geometry":{"type":"LineString","coordinates":[[-91.4747385,44.8176037],[-91.4745586,44.816993],[-91.4744026,44.8164199]]}},{"type":"Feature","id":404329042,"properties":{"name":null,"highway":"cycleway","surface":"concrete","category":"trail"},"geometry":{"type":"LineString","coordinates":[[-91.4744026,44.8164199],[-91.4737574,44.814239]]}},{"type":"Feature","id":404331415,"properties":{"name":null,"highway":"footway","surface":"concrete","category":"trail"},"geometry":{"type":"LineString","coordinates":[[-91.4723929,44.8100419],[-91.4725036,44.8100377]]}},{"type":"Feature","id":404331417,"properties":{"name":null,"highway":"cycleway","surface":"concrete","category":"trail"},"geometry":{"type":"LineString","coordinates":[[-91.470594,44.8039149],[-91.4701296,44.8038881]]}},{"type":"Feature","id":427095074,"properties":{"name":null,"highway":"cycleway","surface":"paving_stones","category":"trail"},"geometry":{"type":"LineString","coordinates":[[-91.5043677,44.8133307],[-91.5041732,44.8134332],[-91.5040888,44.8134727]]}},{"type":"Feature","id":427128274,"properties":{"name":null,"highway":"cycleway","surface":"asphalt","category":"trail"},"geometry":{"type":"LineString","coordinates":[[-91.4877835,44.8405336],[-91.4879311,44.8405577],[-91.4881255,44.8405798],[-91.4883258,44.8405969],[-91.4885454,44.8406105],[-91.4900747,44.8406455],[-91.4908135,44.8406332],[-91.4942761,44.8406975],[-91.4947903,44.8407195],[-91.4950546,44.8407484],[-91.4952996,44.8407912],[-91.4957369,44.8408239],[-91.495994,44.8408331],[-91.496137,44.8408359]]}},{"type":"Feature","id":427128275,"properties":{"name":null,"highway":"cycleway","surface":"asphalt","category":"trail"},"geometry":{"type":"LineString","coordinates":[[-91.496137,44.8408359],[-91.5018641,44.8409289]]}},{"type":"Feature","id":427144021,"properties":{"name":null,"highway":"cycleway","surface":"paved","category":"trail"},"geometry":{"type":"LineString","coordinates":[[-91.5133541,44.833285],[-91.5130249,44.8335701],[-91.5123578,44.8342046],[-91.5118784,44.8347325],[-91.511346,44.8353106],[-91.5111782,44.8354735],[-91.5109506,44.8356599],[-91.5107827,44.8357742],[-91.5104889,44.8359466],[-91.5103323,44.8360497],[-91.5102415,44.8361095],[-91.5100626,44.836263],[-91.5099873,44.8363472],[-91.5099168,44.8364259],[-91.5098262,44.8365371],[-91.5098141,44.8365592],[-91.5097599,44.8366577],[-91.5096932,44.8367973],[-91.5096022,44.8370553],[-91.5093438,44.8380298],[-91.5092334,44.8383651],[-91.5091052,44.8386689],[-91.5089859,44.8388882],[-91.5088004,44.8391953],[-91.5085044,44.8396151],[-91.5082304,44.8400004],[-91.5081509,44.8400944],[-91.5080581,44.840179],[-91.5080184,44.8402604],[-91.5079698,44.8403387],[-91.5078284,44.8405016],[-91.5077091,44.8406363],[-91.5075381,44.8408038],[-91.5073766,44.8409368],[-91.5073122,44.8409793],[-91.5072962,44.8409899],[-91.5072174,44.8410169],[-91.5071593,44.8410212],[-91.5018641,44.8409289]]}},{"type":"Feature","id":427146142,"properties":{"name":null,"highway":"cycleway","surface":null,"category":"trail"},"geometry":{"type":"LineString","coordinates":[[-91.458664,44.8385653],[-91.458423,44.8387289],[-91.4582366,44.8388347],[-91.4581271,44.8388385]]}},{"type":"Feature","id":427146151,"properties":{"name":null,"highway":"cycleway","surface":"asphalt","category":"trail"},"geometry":{"type":"LineString","coordinates":[[-91.4585401,44.8383826],[-91.4584816,44.8383764],[-91.4584331,44.8383695],[-91.4584072,44.8383512],[-91.4583975,44.8383191],[-91.458404,44.8382572],[-91.458446,44.8381196],[-91.458428,44.8380886],[-91.4583943,44.838037],[-91.4582633,44.8379804],[-91.458087,44.8379063],[-91.457935,44.8379155],[-91.4569712,44.8379521],[-91.4564731,44.8379544],[-91.4563114,44.8379521],[-91.4562597,44.8379499],[-91.4561853,44.8379338],[-91.4560365,44.8378811],[-91.4559168,44.8378008],[-91.4558554,44.8377113],[-91.455836,44.8376402],[-91.4558327,44.8375646],[-91.4558521,44.837404],[-91.4559168,44.8371586],[-91.4559265,44.8370921],[-91.4559136,44.8370325],[-91.4558651,44.8369729],[-91.4558133,44.8369385],[-91.4555902,44.836849],[-91.4541703,44.83631],[-91.4530772,44.8359454],[-91.4519678,44.835622],[-91.4519323,44.8356037],[-91.4518974,44.83556],[-91.4518514,44.8355348],[-91.4517562,44.8355034],[-91.4509038,44.8352459]]}},{"type":"Feature","id":427146152,"properties":{"name":null,"highway":"cycleway","surface":null,"category":"trail"},"geometry":{"type":"LineString","coordinates":[[-91.4509038,44.8352459],[-91.4498235,44.8349362]]}},{"type":"Feature","id":427146153,"properties":{"name":null,"highway":"cycleway","surface":null,"category":"trail"},"geometry":{"type":"LineString","coordinates":[[-91.4467793,44.8342467],[-91.4466923,44.8342385],[-91.4466717,44.8341691],[-91.4466222,44.8341081],[-91.4462304,44.8340187],[-91.4460557,44.833973],[-91.4457646,44.8339294],[-91.4454606,44.8338996],[-91.4450392,44.8338814],[-91.4445384,44.8338852],[-91.4441495,44.8339079],[-91.4436967,44.833957],[-91.4433984,44.8340099],[-91.442562,44.8342026],[-91.4421784,44.8343272],[-91.4416457,44.8345237],[-91.4411982,44.8347466],[-91.4396319,44.8355701],[-91.4392057,44.8357628],[-91.4389234,44.835861],[-91.4385558,44.8359706],[-91.4382193,44.8360601],[-91.4378671,44.836144],[-91.4375834,44.8362041]]}},{"type":"Feature","id":427147175,"properties":{"name":null,"highway":"cycleway","surface":"asphalt","category":"trail"},"geometry":{"type":"LineString","coordinates":[[-91.4938646,44.8397296],[-91.4943149,44.8400442],[-91.4943962,44.8401174],[-91.4944446,44.8401949],[-91.494476,44.8402729],[-91.4944937,44.8403801],[-91.4944878,44.8404344],[-91.4944524,44.8405374],[-91.4944299,44.8405757],[-91.4943994,44.8406112],[-91.4943612,44.8406478],[-91.4942761,44.8406975]]}},{"type":"Feature","id":427147176,"properties":{"name":null,"highway":"cycleway","surface":"asphalt","category":"trail"},"geometry":{"type":"LineString","coordinates":[[-91.4947903,44.8407195],[-91.4946782,44.8406655],[-91.4946272,44.8406293],[-91.4945467,44.8405569],[-91.4945094,44.8405054],[-91.4944878,44.8404344]]}},{"type":"Feature","id":427147177,"properties":{"name":null,"highway":"cycleway","surface":"asphalt","category":"trail"},"geometry":{"type":"LineString","coordinates":[[-91.4924743,44.839696],[-91.4924482,44.8397635],[-91.4923719,44.8398262],[-91.4923198,44.8398694],[-91.4922717,44.8399014],[-91.4922108,44.8399334],[-91.4921402,44.8399585],[-91.4917318,44.8400587],[-91.4915643,44.8401117],[-91.4914255,44.8401576],[-91.4913175,44.8402175],[-91.4911427,44.840333],[-91.4908462,44.840562],[-91.4908218,44.8405833],[-91.4908135,44.8406332]]}},{"type":"Feature","id":427147178,"properties":{"name":null,"highway":"cycleway","surface":"asphalt","category":"trail"},"geometry":{"type":"LineString","coordinates":[[-91.4877835,44.8405336],[-91.4878284,44.8406204],[-91.4878603,44.8406835]]}},{"type":"Feature","id":427147179,"properties":{"name":null,"highway":"cycleway","surface":"asphalt","category":"trail"},"geometry":{"type":"LineString","coordinates":[[-91.4878603,44.8406835],[-91.4881714,44.8412056]]}},{"type":"Feature","id":427147180,"properties":{"name":null,"highway":"cycleway","surface":"asphalt","category":"trail"},"geometry":{"type":"LineString","coordinates":[[-91.4881714,44.8412056],[-91.4882249,44.8412868],[-91.4882687,44.841333],[-91.4883231,44.8413641],[-91.488368,44.8413966],[-91.4884005,44.8414359],[-91.4884185,44.841479],[-91.488425,44.8415186],[-91.4884164,44.8415596],[-91.4883845,44.8416006]]}},{"type":"Feature","id":427147181,"properties":{"name":null,"highway":"cycleway","surface":"asphalt","category":"trail"},"geometry":{"type":"LineString","coordinates":[[-91.4883845,44.8416006],[-91.4883158,44.8415638],[-91.4879498,44.8412997],[-91.4878962,44.8412609],[-91.4878562,44.8412186],[-91.4878244,44.8411754],[-91.4878071,44.8411296],[-91.4877948,44.8410733],[-91.4877284,44.8410498],[-91.4876811,44.8410362],[-91.4875236,44.8410493],[-91.4874556,44.8410722],[-91.487376,44.8410994],[-91.4873303,44.8411064],[-91.4872831,44.8411037],[-91.4871816,44.8411013],[-91.4870915,44.8411052],[-91.4869565,44.8411142],[-91.4863493,44.8411736],[-91.4856175,44.8412796],[-91.4851131,44.8413662],[-91.484636,44.841464],[-91.4841856,44.8415629],[-91.4823598,44.8420103],[-91.4821876,44.8420534],[-91.4821326,44.842081],[-91.48211,44.8421039],[-91.4821035,44.8421521],[-91.4821294,44.842363],[-91.4821294,44.8424158],[-91.48211,44.8425602],[-91.4820583,44.842746],[-91.4819851,44.8429412],[-91.4819164,44.8431679],[-91.4819053,44.8432151],[-91.4818994,44.8432561],[-91.4818997,44.8432971],[-91.4819026,44.8433305],[-91.4819147,44.8433584],[-91.4819318,44.8433815]]}},{"type":"Feature","id":427314705,"properties":{"name":"Menomonie Street","highway":"secondary","surface":"asphalt","category":"lane"},"geometry":{"type":"LineString","coordinates":[[-91.521872,44.8009073],[-91.5220669,44.800878],[-91.5223855,44.8008301],[-91.5229137,44.8007507],[-91.5234221,44.8006743],[-91.5246938,44.8004917],[-91.5251475,44.8004279],[-91.5254325,44.8003878],[-91.5254718,44.8003836],[-91.525554,44.8003733]]}},{"type":"Feature","id":427314706,"properties":{"name":"Water Street","highway":"secondary","surface":"asphalt","category":"lane"},"geometry":{"type":"LineString","coordinates":[[-91.5204505,44.8016752],[-91.520654,44.8014991],[-91.5207242,44.8014301]]}},{"type":"Feature","id":427319392,"properties":{"name":"Lake Street","highway":"tertiary","surface":null,"category":"lane"},"geometry":{"type":"LineString","coordinates":[[-91.5077201,44.8069749],[-91.5078363,44.8069749],[-91.5082303,44.8069749],[-91.5086089,44.8069727],[-91.5090539,44.8069737]]}},{"type":"Feature","id":442425527,"properties":{"name":null,"highway":"cycleway","surface":"asphalt","category":"trail"},"geometry":{"type":"LineString","coordinates":[[-91.4960117,44.7931739],[-91.4961392,44.7931751],[-91.4963264,44.7932091],[-91.4965473,44.7932568],[-91.4978917,44.7932705],[-91.4987814,44.7933178],[-91.4990728,44.7932909],[-91.5008973,44.7933046],[-91.5025585,44.7933216],[-91.5034515,44.793325],[-91.5035511,44.7932981],[-91.5035896,44.7932819],[-91.5037351,44.7932735],[-91.5038937,44.7932676],[-91.5039663,44.7932765],[-91.5042081,44.793365],[-91.5042851,44.793377],[-91.5043206,44.793383],[-91.5043777,44.7933768],[-91.5044689,44.7933609],[-91.5047551,44.7933409],[-91.5079039,44.7933693],[-91.5081429,44.7933807],[-91.5082787,44.7933931],[-91.5083705,44.7934014],[-91.5084645,44.7934005],[-91.5085474,44.7933894],[-91.5086281,44.7933693],[-91.5087872,44.7933431],[-91.5088424,44.79333],[-91.5088995,44.79332],[-91.5090279,44.7933067],[-91.5091473,44.7933066],[-91.5091915,44.7933157],[-91.5092948,44.7933356],[-91.5093617,44.7933452],[-91.5094243,44.79336],[-91.5137589,44.7932935],[-91.5148759,44.7932761],[-91.5149415,44.7932709],[-91.5150315,44.79325],[-91.5151123,44.7932334],[-91.5151782,44.7932227],[-91.5152966,44.7932113],[-91.5154144,44.7932087],[-91.5154922,44.7932086],[-91.5155308,44.7932085],[-91.5157346,44.7932361],[-91.5158858,44.7932484],[-91.5160246,44.7932486],[-91.5180901,44.793217],[-91.5183478,44.7932106],[-91.5185936,44.7931936],[-91.5187224,44.7931893],[-91.5188908,44.7932061],[-91.5189375,44.7931928],[-91.5190233,44.7931846],[-91.5190993,44.7931872],[-91.5191847,44.79319],[-91.5192293,44.7931915],[-91.519327,44.793206],[-91.5193977,44.7932199],[-91.5197727,44.793331],[-91.5199082,44.7933596],[-91.520395,44.7934529],[-91.5207132,44.7935351],[-91.5211458,44.7936651],[-91.5215569,44.7938087],[-91.5216379,44.7938317],[-91.5218477,44.7938851],[-91.5219367,44.7939157],[-91.5227634,44.7943292],[-91.5231107,44.7945545],[-91.5233674,44.7947552],[-91.5242878,44.7955192],[-91.5243457,44.7955841],[-91.5243692,44.7956353]]}},{"type":"Feature","id":452968647,"properties":{"name":null,"highway":"cycleway","surface":"asphalt","category":"trail"},"geometry":{"type":"LineString","coordinates":[[-91.4683714,44.8072535],[-91.4682968,44.8072503],[-91.4682576,44.8072458],[-91.4681598,44.8072346],[-91.4677975,44.8071907],[-91.4676252,44.8071813],[-91.4673557,44.8071845],[-91.4664191,44.8072095],[-91.4657255,44.8072409],[-91.4653554,44.8072433],[-91.4652571,44.807244],[-91.4648016,44.8072464],[-91.4646415,44.8072473],[-91.4645587,44.8072481],[-91.4640057,44.8072533],[-91.4632253,44.8072607],[-91.4628254,44.8072617],[-91.462354,44.8072628],[-91.4620319,44.8072691],[-91.4615946,44.8072691],[-91.461356,44.8072566],[-91.4611975,44.8072422],[-91.4610114,44.8072252],[-91.4606314,44.8071688],[-91.4603177,44.8071186],[-91.4601012,44.8070748]]}},{"type":"Feature","id":452968650,"properties":{"name":null,"highway":"cycleway","surface":"asphalt","category":"trail"},"geometry":{"type":"LineString","coordinates":[[-91.4547465,44.8069682],[-91.4544107,44.8069839],[-91.4542784,44.8069982],[-91.4530722,44.807128]]}},{"type":"Feature","id":452968651,"properties":{"name":null,"highway":"cycleway","surface":"asphalt","category":"trail"},"geometry":{"type":"LineString","coordinates":[[-91.455745,44.8068647],[-91.4552458,44.8069086],[-91.4547465,44.8069682]]}},{"type":"Feature","id":452968652,"properties":{"name":null,"highway":"cycleway","surface":"asphalt","category":"trail"},"geometry":{"type":"LineString","coordinates":[[-91.4595534,44.8069588],[-91.4593594,44.8069257],[-91.4588555,44.8068812],[-91.4579792,44.8068463],[-91.4575564,44.8068209],[-91.4573354,44.8068066],[-91.4572159,44.8067989],[-91.4571139,44.8067917],[-91.4568142,44.8067707],[-91.4563989,44.806777],[-91.4561117,44.8067989],[-91.4559306,44.8068303],[-91.455745,44.8068647]]}},{"type":"Feature","id":452968653,"properties":{"name":null,"highway":"cycleway","surface":"asphalt","category":"trail"},"geometry":{"type":"LineString","coordinates":[[-91.4601012,44.8070748],[-91.4595534,44.8069588]]}},{"type":"Feature","id":452968656,"properties":{"name":null,"highway":"cycleway","surface":"asphalt","category":"trail"},"geometry":{"type":"LineString","coordinates":[[-91.4530597,44.8073393],[-91.4530585,44.807424],[-91.4530585,44.8077468],[-91.453085,44.8078659],[-91.4530806,44.807938],[-91.4530585,44.8080916],[-91.4530568,44.8081626],[-91.4530549,44.808246],[-91.4530529,44.8083333],[-91.4530497,44.8084709],[-91.4530497,44.8088576],[-91.4530497,44.8089066],[-91.4530497,44.8091688],[-91.4530497,44.8094819],[-91.4530497,44.8100037],[-91.4530497,44.8100717],[-91.4530451,44.8106658],[-91.4530505,44.8106938],[-91.453064,44.8107222],[-91.453094,44.810737],[-91.4531332,44.8107468],[-91.4533766,44.8107809],[-91.4535489,44.8108311],[-91.4536859,44.8109063],[-91.4537787,44.8109784],[-91.4538714,44.811085],[-91.4539068,44.8111492],[-91.4539421,44.8112511],[-91.4539554,44.8113796],[-91.4539567,44.8114109],[-91.4539861,44.8121057],[-91.4540194,44.8121982],[-91.4540787,44.8122763],[-91.4541461,44.812345],[-91.4542525,44.812415],[-91.4549969,44.8127724],[-91.4551115,44.8128027],[-91.4552057,44.8128088],[-91.4553162,44.8128057],[-91.4554045,44.8127838],[-91.4559391,44.8125863],[-91.4562837,44.8124609],[-91.4563794,44.8124317],[-91.4564795,44.8124112],[-91.4565808,44.8123953],[-91.4573692,44.8123752],[-91.4575593,44.8123937],[-91.457719,44.8124245],[-91.4579148,44.8124856],[-91.4579983,44.812528],[-91.4580726,44.8125695],[-91.458161,44.812637],[-91.4582663,44.8127407],[-91.4583519,44.8128666],[-91.4584017,44.8130076],[-91.4584149,44.8131508],[-91.4584221,44.8135924],[-91.4584265,44.8138776],[-91.4584397,44.8139528],[-91.4584928,44.8140813],[-91.4586341,44.8143039],[-91.4586474,44.8143853],[-91.4586297,44.8144449],[-91.4585811,44.8144888],[-91.4585374,44.8145066]]}},{"type":"Feature","id":453112464,"properties":{"name":null,"highway":"cycleway","surface":"asphalt","category":"trail"},"geometry":{"type":"LineString","coordinates":[[-91.5424083,44.8196082],[-91.5425689,44.8196473],[-91.5425827,44.8196575],[-91.5427278,44.819843],[-91.5428092,44.8199267],[-91.5428746,44.819981],[-91.5429097,44.8199991],[-91.5429735,44.8200127],[-91.5430102,44.8200093],[-91.5430756,44.8200037]]}},{"type":"Feature","id":453112467,"properties":{"name":null,"highway":"cycleway","surface":"asphalt","category":"trail"},"geometry":{"type":"LineString","coordinates":[[-91.5435955,44.8198543],[-91.5436737,44.8198328],[-91.5437327,44.8198147],[-91.5437646,44.819791],[-91.5438013,44.81974],[-91.5438396,44.8196846],[-91.5438667,44.8196699],[-91.5439584,44.8196564]]}},{"type":"Feature","id":453112468,"properties":{"name":null,"highway":"cycleway","surface":"concrete","category":"trail"},"geometry":{"type":"LineString","coordinates":[[-91.5430756,44.8200037],[-91.5435955,44.8198543]]}},{"type":"Feature","id":466424504,"properties":{"name":null,"highway":"footway","surface":"concrete","category":"trail"},"geometry":{"type":"LineString","coordinates":[[-91.5081041,44.7979442],[-91.5079811,44.7979438],[-91.5079599,44.7979437]]}},{"type":"Feature","id":466427387,"properties":{"name":null,"highway":"footway","surface":null,"category":"trail"},"geometry":{"type":"LineString","coordinates":[[-91.5192928,44.7933883],[-91.5192489,44.7934116],[-91.519229,44.7934293],[-91.5192251,44.7939174],[-91.5191698,44.7941208],[-91.519177,44.7945392],[-91.519178,44.7952708],[-91.5191781,44.7952964],[-91.5191804,44.7956935],[-91.5191809,44.7957783],[-91.5191813,44.7958505],[-91.5191816,44.7959021],[-91.5191867,44.7963962],[-91.5191853,44.7964792],[-91.5191872,44.7965796],[-91.5191889,44.7966677],[-91.5191816,44.7967051],[-91.5191616,44.7967374],[-91.5191399,44.7967524],[-91.5191125,44.7967658],[-91.5190834,44.796771],[-91.518722,44.7967818],[-91.5184794,44.7967891],[-91.5182545,44.7967922],[-91.5179814,44.796796],[-91.5172738,44.7968057],[-91.5171585,44.7968071],[-91.5170203,44.796802],[-91.5166846,44.796783],[-91.5165418,44.7967749],[-91.5164435,44.7967653],[-91.5162079,44.7967422],[-91.5160942,44.796731],[-91.5158483,44.7967036],[-91.5156412,44.7966806],[-91.5155457,44.7966699],[-91.5152719,44.7966393],[-91.5151882,44.7966174],[-91.5151081,44.7965773],[-91.5150444,44.7965309],[-91.5150099,44.7964844],[-91.5149862,44.7964302],[-91.5149819,44.7964119],[-91.5149735,44.7963759],[-91.5149789,44.796332],[-91.514999,44.7962894],[-91.5150332,44.7962454],[-91.515413,44.7957826],[-91.5155284,44.7956413],[-91.5157503,44.7953341],[-91.515774,44.7952785],[-91.5157795,44.7952295],[-91.5157722,44.7951869],[-91.5157624,44.795167],[-91.5157147,44.7951151],[-91.5156712,44.795087],[-91.5155012,44.7950197],[-91.5152754,44.7949305],[-91.5149437,44.7947995],[-91.5148785,44.7947833],[-91.5148134,44.7947764],[-91.5147352,44.794781],[-91.5146538,44.7947949],[-91.5145822,44.7948203],[-91.5145293,44.7948551],[-91.5144942,44.7948781],[-91.5143314,44.7950237],[-91.5142207,44.7951023],[-91.5140806,44.7951785],[-91.5140188,44.7952109],[-91.5138885,44.7952617],[-91.5137061,44.7953218],[-91.5134716,44.795405],[-91.5132795,44.7954928],[-91.5131069,44.7955807],[-91.5129701,44.7956616],[-91.5128398,44.7957702],[-91.5126444,44.7959551],[-91.5125467,44.7960406],[-91.5124523,44.7960983],[-91.5123187,44.7961769],[-91.5122699,44.7962185],[-91.5122479,44.7962445],[-91.512182,44.7963225],[-91.5118335,44.7967246],[-91.5116837,44.7968679],[-91.5115404,44.7970019],[-91.5113548,44.7971591],[-91.5113355,44.7971724],[-91.5112789,44.7972112],[-91.5111561,44.7972954],[-91.5109672,44.7974133],[-91.5108304,44.7974826],[-91.5106253,44.7975797],[-91.5106082,44.7975906],[-91.5105601,44.7976213],[-91.5104592,44.7976629],[-91.5099511,44.7977946],[-91.50977,44.7978229],[-91.5097035,44.7978417],[-91.5096877,44.7978462],[-91.5096199,44.797847],[-91.5094923,44.7978485],[-91.5091235,44.7978521],[-91.5087595,44.7978545],[-91.5086911,44.7978551],[-91.5085452,44.7978565],[-91.5079803,44.7978635],[-91.5077683,44.7978676],[-91.5077295,44.7978667],[-91.5076934,44.797857]]}},{"type":"Feature","id":471995435,"properties":{"name":null,"highway":"cycleway","surface":null,"category":"trail"},"geometry":{"type":"LineString","coordinates":[[-91.4479817,44.7966228],[-91.4479656,44.7965961],[-91.4479469,44.7964229],[-91.4479415,44.7962859],[-91.4479415,44.7962649],[-91.4479415,44.7962358],[-91.4479415,44.7960518],[-91.4479446,44.7959777],[-91.4480269,44.7958548],[-91.4480863,44.7958177],[-91.4481443,44.7958067],[-91.4487944,44.7957777],[-91.4501731,44.7956749],[-91.4504842,44.7956216],[-91.4510743,44.7955607],[-91.4514981,44.7955074],[-91.4515825,44.7955013],[-91.4517073,44.7954922],[-91.4521231,44.7954694],[-91.4525871,44.7954389],[-91.4531071,44.7954]]}},{"type":"Feature","id":477144940,"properties":{"name":"West Hamilton Avenue","highway":"tertiary","surface":null,"category":"lane"},"geometry":{"type":"LineString","coordinates":[[-91.5291885,44.783851],[-91.5294262,44.7839228]]}},{"type":"Feature","id":477348945,"properties":{"name":"Golf Road","highway":"secondary","surface":null,"category":"lane"},"geometry":{"type":"LineString","coordinates":[[-91.4561889,44.7697552],[-91.4556397,44.7693663],[-91.455462,44.7692647],[-91.4552999,44.7691805],[-91.4550822,44.7690826],[-91.4548758,44.7689996],[-91.4547806,44.7689683],[-91.4546638,44.7689298],[-91.4544437,44.768868],[-91.4542416,44.7688131],[-91.4540301,44.7687718],[-91.4538512,44.7687434],[-91.4538245,44.7687392],[-91.4535711,44.7687088],[-91.4533335,44.7686928],[-91.4532624,44.7686897],[-91.4530822,44.768682],[-91.4528207,44.768686],[-91.4525639,44.7686984],[-91.4522711,44.7687274],[-91.4520031,44.7687735],[-91.4517129,44.7688353],[-91.4513955,44.7689187],[-91.4511179,44.7690157],[-91.4508712,44.7691153],[-91.4506267,44.7692321],[-91.4503629,44.7693806],[-91.4489992,44.7702388],[-91.4486822,44.7704358],[-91.4483943,44.7705869],[-91.4480347,44.7707419]]}},{"type":"Feature","id":477379408,"properties":{"name":"Water Street","highway":"secondary","surface":null,"category":"lane"},"geometry":{"type":"LineString","coordinates":[[-91.5128177,44.8021735],[-91.5137646,44.8021728],[-91.513877,44.8021727]]}},{"type":"Feature","id":477386486,"properties":{"name":"5th Avenue","highway":"secondary","surface":"asphalt","category":"lane"},"geometry":{"type":"LineString","coordinates":[[-91.5098798,44.81061],[-91.5098836,44.8106988],[-91.5098833,44.8109361],[-91.5098893,44.811026],[-91.5099039,44.8111037],[-91.5099246,44.8111824],[-91.5099539,44.8112489],[-91.5100158,44.8113587],[-91.5101539,44.8115323],[-91.5101913,44.8116341],[-91.5102039,44.8116686],[-91.510234,44.8124532],[-91.5102371,44.8125328],[-91.5102415,44.8126106],[-91.5102582,44.8129042],[-91.5102789,44.8130277],[-91.5103327,44.8131447],[-91.5103835,44.813236],[-91.5104555,44.8133228],[-91.5105653,44.8134286],[-91.510631,44.8134827]]}},{"type":"Feature","id":477409435,"properties":{"name":"State Street","highway":"secondary","surface":"asphalt","category":"lane"},"geometry":{"type":"LineString","coordinates":[[-91.4962,44.7848306],[-91.4962001,44.784763]]}},{"type":"Feature","id":477409437,"properties":{"name":"State Street","highway":"secondary","surface":"asphalt","category":"lane"},"geometry":{"type":"LineString","coordinates":[[-91.4962235,44.7828504],[-91.4962319,44.7813826],[-91.4962359,44.7806925],[-91.4962465,44.7798183],[-91.4962597,44.7789697],[-91.4962651,44.7783662],[-91.4962701,44.7779388],[-91.4962718,44.7777888],[-91.4962959,44.77713],[-91.4963474,44.7757522]]}},{"type":"Feature","id":478191858,"properties":{"name":null,"highway":"cycleway","surface":"asphalt","category":"trail"},"geometry":{"type":"LineString","coordinates":[[-91.3808469,44.9189703],[-91.3809125,44.9190838],[-91.3809161,44.9191239],[-91.3808984,44.919184],[-91.3806612,44.9197203],[-91.3806082,44.9198431],[-91.3806082,44.9198907],[-91.3806294,44.9199308],[-91.3806542,44.9199509],[-91.380771,44.9199709]]}},{"type":"Feature","id":478191860,"properties":{"name":null,"highway":"cycleway","surface":"asphalt","category":"trail"},"geometry":{"type":"LineString","coordinates":[[-91.380771,44.9199709],[-91.3813691,44.9201113]]}},{"type":"Feature","id":478533931,"properties":{"name":null,"highway":"cycleway","surface":null,"category":"trail"},"geometry":{"type":"LineString","coordinates":[[-91.461275,44.8395861],[-91.461194,44.8396386],[-91.4611561,44.8396551],[-91.4611007,44.8396594]]}},{"type":"Feature","id":478681520,"properties":{"name":null,"highway":"cycleway","surface":"concrete","category":"trail"},"geometry":{"type":"LineString","coordinates":[[-91.4953485,44.7931712],[-91.4960117,44.7931739]]}},{"type":"Feature","id":478969355,"properties":{"name":null,"highway":"cycleway","surface":null,"category":"trail"},"geometry":{"type":"LineString","coordinates":[[-91.44946,44.7414168],[-91.4494711,44.7415539],[-91.4494608,44.7415722],[-91.4494324,44.7415906],[-91.4493705,44.7416034],[-91.4490917,44.7416327],[-91.4490349,44.7416309],[-91.4488883,44.7416517]]}},{"type":"Feature","id":478969356,"properties":{"name":null,"highway":"cycleway","surface":null,"category":"trail"},"geometry":{"type":"LineString","coordinates":[[-91.4472552,44.736506],[-91.44725,44.7367609]]}},{"type":"Feature","id":478969357,"properties":{"name":null,"highway":"cycleway","surface":null,"category":"trail"},"geometry":{"type":"LineString","coordinates":[[-91.44725,44.7367609],[-91.4472294,44.7369296],[-91.447201,44.7370451],[-91.4471881,44.7371863],[-91.4471803,44.7374944],[-91.4471855,44.7376173],[-91.4472526,44.7381454],[-91.4473404,44.7386699],[-91.447485,44.7393117],[-91.4476295,44.7397958],[-91.4477431,44.7401148],[-91.4478386,44.7403679],[-91.4479264,44.7405513],[-91.4482233,44.7411729],[-91.4482991,44.7413632],[-91.4483714,44.7413999],[-91.4484472,44.7415508],[-91.4484928,44.7416728],[-91.4484979,44.7417098],[-91.4485005,44.7417483],[-91.4485418,44.7418289],[-91.4489677,44.7424781],[-91.4492001,44.7427806],[-91.4495305,44.7432647],[-91.4497765,44.7436541],[-91.4498119,44.7437102],[-91.4499771,44.7439926],[-91.4500675,44.7441668],[-91.4503371,44.7447169],[-91.450558,44.7452358],[-91.4509917,44.7462332],[-91.4510356,44.7463139],[-91.4510721,44.7463468],[-91.4511209,44.746479],[-91.4511518,44.7465577],[-91.4511543,44.7466183],[-91.4512473,44.7468364],[-91.4515545,44.7475258],[-91.4516009,44.7476322],[-91.4516293,44.747733],[-91.4516577,44.7479035],[-91.4516861,44.7480154],[-91.4517662,44.7482079],[-91.4519194,44.7485414],[-91.4520424,44.7488092],[-91.4524167,44.7496031],[-91.4530699,44.7509305],[-91.4535889,44.7519503],[-91.4536426,44.7520281],[-91.4536912,44.7520642],[-91.4537591,44.7520892],[-91.4538058,44.7521705],[-91.4538493,44.752273],[-91.453864,44.7523433],[-91.453972,44.7525165],[-91.4542393,44.7530359],[-91.4545184,44.7536238],[-91.4549993,44.7546594],[-91.4551291,44.7550113],[-91.4553119,44.75561],[-91.4555062,44.7561336],[-91.4557986,44.7568955],[-91.4559327,44.7572135],[-91.4563165,44.7580276],[-91.4565981,44.7586015],[-91.4571156,44.7596996],[-91.4573676,44.7602285],[-91.4575518,44.7606011],[-91.4579631,44.761495],[-91.4580141,44.7615274],[-91.4580534,44.7615419],[-91.458093,44.761657],[-91.4581444,44.7617838],[-91.4581633,44.7618311],[-91.4581521,44.7618774],[-91.4582327,44.7620577],[-91.4582714,44.7621556],[-91.4583113,44.7622672],[-91.4585108,44.7630005],[-91.4585978,44.7634536],[-91.4586761,44.7642698],[-91.4586813,44.7644178],[-91.4586885,44.7645109],[-91.4586958,44.7646004],[-91.458695,44.7646322],[-91.4587023,44.7646804],[-91.4587309,44.7648046],[-91.4587686,44.7653605],[-91.4588113,44.765436],[-91.4588186,44.7654779]]}},{"type":"Feature","id":479142206,"properties":{"name":"Creek's Edge Trail","highway":"path","surface":"dirt","category":"trail"},"geometry":{"type":"LineString","coordinates":[[-91.4608281,44.8060668],[-91.4608312,44.8056641],[-91.4608148,44.8056193],[-91.4607843,44.8055723],[-91.4606359,44.8054926],[-91.4606039,44.8054537],[-91.4605782,44.8054023],[-91.4605343,44.805369],[-91.460456,44.8053296],[-91.4603718,44.8052961],[-91.4602962,44.8052809],[-91.4602285,44.8052854],[-91.4601556,44.8053197],[-91.4601063,44.8053163],[-91.4599004,44.8052596],[-91.4597458,44.8052223],[-91.4596493,44.8052018],[-91.4596053,44.8051743],[-91.4595785,44.8051367],[-91.4595629,44.8051049],[-91.4595796,44.8050693],[-91.4596246,44.8050503],[-91.4596933,44.8050431],[-91.4597481,44.8050144],[-91.4598184,44.8050037],[-91.4598847,44.8049869],[-91.4599125,44.8049527],[-91.4599166,44.8049176],[-91.4599052,44.8048862],[-91.4599005,44.8048478],[-91.4599341,44.8048149],[-91.4599751,44.8047636],[-91.4599991,44.8046965],[-91.4600386,44.8046489],[-91.4600876,44.8046134],[-91.4601673,44.8045787],[-91.460231,44.8045548],[-91.4603185,44.804507],[-91.4603669,44.8044056],[-91.4603563,44.8042857],[-91.4603316,44.8041829],[-91.4602877,44.8041329],[-91.4602101,44.8040875],[-91.4601293,44.8040311],[-91.4600612,44.8039822],[-91.45999,44.8039562],[-91.4599308,44.8039245],[-91.4598693,44.8038922],[-91.459789,44.8038556],[-91.4597325,44.803853],[-91.4596842,44.8038541],[-91.4596329,44.8038591],[-91.4595718,44.8038669],[-91.4595183,44.8038769],[-91.4594604,44.8039094],[-91.4594223,44.8039443],[-91.4593995,44.803989],[-91.4593693,44.8040577],[-91.4593421,44.804087],[-91.4593103,44.8041059],[-91.4592298,44.8041263],[-91.4591972,44.8041436],[-91.45912,44.8041616],[-91.4590789,44.8041812],[-91.4590352,44.8042096],[-91.4588828,44.8042661],[-91.4588436,44.8042958],[-91.4588183,44.8043508],[-91.4588263,44.8044026],[-91.458912,44.8044905],[-91.4589381,44.8045325],[-91.4589362,44.8045878],[-91.4589235,44.804627],[-91.4588931,44.8046666],[-91.4588358,44.8047101],[-91.4587577,44.804736],[-91.4586851,44.8047148],[-91.4585949,44.804686],[-91.4585602,44.804623],[-91.4585276,44.8045373],[-91.4584721,44.8044777],[-91.4584343,44.8044726],[-91.4583974,44.8044342],[-91.4583834,44.8043996],[-91.4584245,44.8043196],[-91.4584257,44.804298],[-91.4583801,44.8042482],[-91.4583792,44.8042155],[-91.4583914,44.8041614],[-91.4583522,44.8040849],[-91.4583486,44.8040388],[-91.4583735,44.8039914],[-91.4583634,44.8039491],[-91.4583037,44.8038851],[-91.4582758,44.8038102],[-91.4582446,44.8037722],[-91.4581407,44.8037333],[-91.458061,44.8037328],[-91.457971,44.8037091],[-91.4579076,44.8037005],[-91.4578525,44.8036769],[-91.4578334,44.8036276],[-91.4578306,44.8035769],[-91.4578101,44.8035246],[-91.4577408,44.8034838],[-91.4577048,44.8033897],[-91.4576583,44.8033032],[-91.4575647,44.8031922],[-91.4574831,44.8031525],[-91.4574115,44.8031231],[-91.4572407,44.8031202],[-91.4571851,44.8030915],[-91.457159,44.8030487],[-91.457114,44.8030144],[-91.4570602,44.803003],[-91.457017,44.8029853],[-91.4569938,44.8029583],[-91.4569822,44.8029241],[-91.4569883,44.8028873],[-91.4570039,44.8028479],[-91.4570422,44.802813],[-91.4571018,44.8028044],[-91.4571677,44.8027862],[-91.4572061,44.802751],[-91.4572145,44.8027085],[-91.4571981,44.8026635],[-91.4571818,44.8026264],[-91.4571616,44.8025978],[-91.4571057,44.8025381],[-91.4570829,44.8025065],[-91.4570163,44.8024684],[-91.4569268,44.8024829],[-91.4568609,44.8024794],[-91.4568389,44.8024523],[-91.4568267,44.8024107],[-91.4568346,44.8023615],[-91.4568397,44.8023147],[-91.4568609,44.8022629],[-91.4569198,44.8022228],[-91.4569912,44.8021902],[-91.4570667,44.8021577],[-91.4571543,44.8021429],[-91.4572808,44.8021369],[-91.457422,44.8020936],[-91.4575936,44.8020327],[-91.4576642,44.8020088],[-91.4577172,44.8019716],[-91.4577756,44.8019418],[-91.457833,44.8019381],[-91.4579702,44.8019722],[-91.4580385,44.8019863],[-91.4581033,44.8019828],[-91.4581479,44.8019935],[-91.4581844,44.8019607],[-91.458254,44.8019606],[-91.4583554,44.8019756],[-91.4585426,44.8019238],[-91.4586236,44.8019223],[-91.4587513,44.8019366],[-91.4588032,44.8019142],[-91.458854,44.8018791],[-91.45892,44.8018491],[-91.4589389,44.8018227],[-91.458928,44.8017989],[-91.4589,44.8017887],[-91.4588597,44.8017939],[-91.4587955,44.8018328],[-91.458751,44.8018347],[-91.4587199,44.8018055],[-91.4587401,44.801765],[-91.4589737,44.8017006],[-91.4590361,44.8016433],[-91.4590832,44.8015793],[-91.4591529,44.8015156],[-91.4592048,44.8014881],[-91.4592566,44.8014694],[-91.4593015,44.8014286],[-91.4593156,44.8013704],[-91.4593102,44.8012296],[-91.4594579,44.8011367],[-91.4594719,44.8010692],[-91.4594605,44.8010037],[-91.4594285,44.8009393],[-91.4593968,44.8008759],[-91.459384,44.8008163],[-91.4593874,44.8007568],[-91.4593316,44.8007078],[-91.459279,44.8007172],[-91.4592389,44.8007011],[-91.4592219,44.8006566],[-91.4592149,44.8006188],[-91.4592083,44.8005813],[-91.4591911,44.8005648],[-91.4591533,44.8005565],[-91.4590724,44.8005658],[-91.4590295,44.8005878],[-91.4589713,44.8005859],[-91.4588826,44.8005733],[-91.4588368,44.8005863],[-91.4588,44.8006097],[-91.4587833,44.8006451],[-91.4587641,44.800683],[-91.4587166,44.8007063],[-91.4586584,44.8007202],[-91.4585789,44.8007291],[-91.4584178,44.8007491],[-91.4582999,44.8007987],[-91.4582705,44.8008416],[-91.4582118,44.800867],[-91.4581684,44.8009003],[-91.4580767,44.8009548],[-91.457983,44.8009914],[-91.4578965,44.8009986],[-91.4578313,44.8009921],[-91.4577298,44.8009412],[-91.457672,44.8008557],[-91.4576097,44.8007733],[-91.4575558,44.800677],[-91.4575579,44.8006386],[-91.4575796,44.800611],[-91.4576635,44.8005545],[-91.4576912,44.8005271],[-91.4577044,44.8004992],[-91.4577086,44.8004662],[-91.4577105,44.8003603],[-91.4577201,44.8002938],[-91.4577072,44.8002442],[-91.4576698,44.8002069],[-91.4576044,44.8001667],[-91.4575781,44.8001163],[-91.4575043,44.7999902],[-91.4574488,44.7999165],[-91.4573735,44.7998515],[-91.4572946,44.7998091],[-91.4572139,44.7997441],[-91.457185,44.7997149],[-91.4571471,44.7996643],[-91.4571286,44.7996116],[-91.4571296,44.7995277]]}},{"type":"Feature","id":479142207,"properties":{"name":"Jump It! Trail","highway":"path","surface":"dirt","category":"trail"},"geometry":{"type":"LineString","coordinates":[[-91.4607843,44.8055723],[-91.4608368,44.8054814],[-91.4609731,44.8051765],[-91.4609911,44.805119],[-91.4609734,44.8050659],[-91.4609303,44.8050233],[-91.4608621,44.8049977],[-91.4606617,44.8049828],[-91.4605902,44.8049764],[-91.4605349,44.8049427],[-91.4604532,44.8048487],[-91.4603828,44.8048003],[-91.4603812,44.8047519],[-91.4603326,44.8046564],[-91.4602878,44.8045863],[-91.4603185,44.804507]]}},{"type":"Feature","id":479142208,"properties":{"name":"Short-Cut Trail","highway":"path","surface":"dirt","category":"trail"},"geometry":{"type":"LineString","coordinates":[[-91.4592298,44.8041263],[-91.4592109,44.8040995],[-91.4591651,44.8040742],[-91.4591665,44.8040292],[-91.4591831,44.8039861],[-91.4591604,44.8038057],[-91.4592037,44.8037525]]}},{"type":"Feature","id":479142209,"properties":{"name":"Half-Way Trail","highway":"path","surface":"dirt","category":"trail"},"geometry":{"type":"LineString","coordinates":[[-91.459789,44.8038556],[-91.4604177,44.8034276]]}},{"type":"Feature","id":479142210,"properties":{"name":"Bypass Trail","highway":"path","surface":"dirt","category":"trail"},"geometry":{"type":"LineString","coordinates":[[-91.4604177,44.8034276],[-91.4602425,44.8033675],[-91.4601184,44.8033188],[-91.4599916,44.8032685],[-91.459938,44.8032298],[-91.4598795,44.8031785],[-91.4598321,44.8031089],[-91.4596601,44.8027681],[-91.4596166,44.8027239],[-91.4595605,44.8026845],[-91.4594772,44.8026566],[-91.4593993,44.8026355],[-91.4591766,44.8025384],[-91.459077,44.8025103],[-91.4589219,44.8024941],[-91.4588561,44.8024915],[-91.4587269,44.8024745],[-91.4585728,44.8024858],[-91.4583523,44.8024811],[-91.4582612,44.8024698],[-91.4582022,44.8024222],[-91.4581219,44.8023711],[-91.457927,44.8022518]]}},{"type":"Feature","id":479142211,"properties":{"name":"Friendly Trail","highway":"path","surface":"dirt","category":"trail"},"geometry":{"type":"LineString","coordinates":[[-91.459938,44.8032298],[-91.4599426,44.8032916],[-91.459918,44.8033415],[-91.45988,44.8033808],[-91.4598176,44.8034082],[-91.4596469,44.803424],[-91.4595767,44.8034509],[-91.4595282,44.8034893],[-91.4594871,44.8035297],[-91.4594677,44.8035835],[-91.4594761,44.8036715],[-91.4594642,44.8037105],[-91.4594265,44.8037577],[-91.4593654,44.8037824],[-91.4593015,44.8037793],[-91.4592499,44.8037602],[-91.4592037,44.8037525],[-91.4590255,44.8037599],[-91.4588827,44.803757],[-91.4587342,44.8037593],[-91.458595,44.8037424],[-91.4584714,44.8037227],[-91.4583632,44.8036914],[-91.4583036,44.803511],[-91.4583089,44.803412],[-91.4583973,44.8032976],[-91.458468,44.8032223],[-91.4585652,44.8031534],[-91.4586624,44.8030719],[-91.4587861,44.8029841],[-91.459124,44.8028124],[-91.4592665,44.8027538],[-91.4593244,44.8027298],[-91.4593756,44.8026951],[-91.4593993,44.8026355]]}},{"type":"Feature","id":479142212,"properties":{"name":"Freefall Trail","highway":"path","surface":"dirt","category":"trail"},"geometry":{"type":"LineString","coordinates":[[-91.459789,44.8038556],[-91.4597572,44.8038142],[-91.4597255,44.8037959],[-91.459569,44.8037378],[-91.4594642,44.8037105]]}},{"type":"Feature","id":479142214,"properties":{"name":"Deep Woods Trail","highway":"path","surface":"dirt","category":"trail"},"geometry":{"type":"LineString","coordinates":[[-91.4594642,44.8037105],[-91.4593547,44.8036464],[-91.4592657,44.8035642],[-91.459254,44.8034567],[-91.4592354,44.8034146],[-91.4591881,44.8033877],[-91.4591249,44.8033464],[-91.4590526,44.8032018],[-91.4590598,44.8031343],[-91.45905,44.8030897],[-91.4590228,44.8030532],[-91.4589771,44.8030284],[-91.4589167,44.803019],[-91.4588322,44.8030276],[-91.4587613,44.8030435],[-91.4586624,44.8030719],[-91.4585061,44.8031371],[-91.458453,44.8031453],[-91.4583966,44.8031453],[-91.4583441,44.8031429],[-91.4582695,44.80313],[-91.4581848,44.8031085],[-91.458103,44.8030784],[-91.4580264,44.8030295],[-91.4579944,44.8029928],[-91.4579713,44.8029263],[-91.4578854,44.802853],[-91.457823,44.8027966],[-91.4577445,44.8027564],[-91.4576466,44.8026873],[-91.4571818,44.8026264]]}},{"type":"Feature","id":479142216,"properties":{"name":"Feel The Burn Trail","highway":"path","surface":"dirt","category":"trail"},"geometry":{"type":"LineString","coordinates":[[-91.4571818,44.8026264],[-91.4572987,44.8025605],[-91.4574212,44.8024234],[-91.457595,44.8022599],[-91.457695,44.8022242],[-91.4578277,44.802233],[-91.457927,44.8022518],[-91.4580048,44.8021854],[-91.4580982,44.8021405],[-91.4581783,44.8021261],[-91.4582795,44.8021187],[-91.4583862,44.8021379],[-91.4584848,44.8021319],[-91.4586549,44.8020547],[-91.4588061,44.8019965],[-91.4590682,44.8019837],[-91.4592891,44.8018708],[-91.4593104,44.8018088],[-91.4595895,44.8017329],[-91.4597415,44.8016573],[-91.4598626,44.8015905],[-91.4599641,44.8015271],[-91.4600333,44.8014373],[-91.4600884,44.8013497],[-91.4601186,44.801262],[-91.4601234,44.8011827],[-91.4601053,44.8011006],[-91.4600681,44.8010193],[-91.4599762,44.8008878],[-91.4599613,44.8007921],[-91.4598979,44.8007596],[-91.4597507,44.8007026],[-91.4596235,44.8006674],[-91.4594435,44.8005764],[-91.4594044,44.8005506],[-91.4593848,44.8005104],[-91.4593622,44.8004844],[-91.4593218,44.8004667],[-91.45927,44.8004431],[-91.459243,44.8004261],[-91.4592391,44.8004045],[-91.4592399,44.8003894],[-91.4592225,44.8003851],[-91.4591919,44.80039],[-91.4591523,44.8004017],[-91.4591366,44.8004167],[-91.459056,44.8004025],[-91.4589871,44.8003661],[-91.4589226,44.8003303],[-91.4588089,44.8003024],[-91.4586758,44.8002807],[-91.4585398,44.800262],[-91.4584143,44.8002684],[-91.4583065,44.8002859],[-91.4582022,44.8003285],[-91.4581313,44.8003149],[-91.4580792,44.8002903],[-91.4580512,44.8002772],[-91.4579817,44.8002316],[-91.4579013,44.8001488],[-91.4578362,44.8000904],[-91.4577459,44.8000413],[-91.4576946,44.8000307],[-91.4576993,44.8000755],[-91.4576922,44.8001718],[-91.4576698,44.8002069]]}},{"type":"Feature","id":479142217,"properties":{"name":"Surrender Trail","highway":"path","surface":"dirt","category":"trail"},"geometry":{"type":"LineString","coordinates":[[-91.4591911,44.8005648],[-91.4591931,44.8005386],[-91.4591849,44.8005113],[-91.4591392,44.8005053],[-91.4591117,44.8004815],[-91.4591103,44.8004598],[-91.4591358,44.8004533],[-91.4591493,44.8004386],[-91.4591366,44.8004167]]}},{"type":"Feature","id":479142220,"properties":{"name":"Fawn Trail","highway":"path","surface":"dirt","category":"trail"},"geometry":{"type":"LineString","coordinates":[[-91.4593104,44.8018088],[-91.4593284,44.8017351],[-91.4593374,44.801696],[-91.459331,44.801657],[-91.4593739,44.8015996],[-91.4594476,44.8015182],[-91.4594767,44.80146],[-91.4595213,44.8014018],[-91.4595566,44.8013567],[-91.4595542,44.8013068],[-91.4595407,44.8012272],[-91.4595039,44.8011743],[-91.4594579,44.8011367]]}},{"type":"Feature","id":479142221,"properties":{"name":"Gum Drop Trail","highway":"path","surface":"dirt","category":"trail"},"geometry":{"type":"LineString","coordinates":[[-91.459331,44.801657],[-91.4589737,44.8017006]]}},{"type":"Feature","id":479142222,"properties":{"name":null,"highway":"path","surface":"dirt","category":"trail"},"geometry":{"type":"LineString","coordinates":[[-91.4582446,44.8037722],[-91.4583632,44.8036914]]}},{"type":"Feature","id":479354225,"properties":{"name":"Watch For Deer Trail","highway":"path","surface":"dirt","category":"trail"},"geometry":{"type":"LineString","coordinates":[[-91.4618532,44.8065444],[-91.461949,44.8065064],[-91.4620897,44.8064619],[-91.4622388,44.8064483],[-91.4625389,44.8064988],[-91.4626305,44.806517],[-91.4627272,44.8065237],[-91.4629114,44.8065182],[-91.4630076,44.8065403],[-91.4630752,44.8065702],[-91.4631213,44.8066027],[-91.4631577,44.8066372],[-91.4631677,44.8066748],[-91.4631604,44.8067067],[-91.4631423,44.8067256],[-91.4631097,44.8067387],[-91.4630728,44.8067336],[-91.4629476,44.8066975],[-91.4628788,44.8067042],[-91.4628439,44.8067175],[-91.4628251,44.8067397],[-91.462826,44.8067559],[-91.4629121,44.8067918],[-91.4629461,44.8068158],[-91.4629713,44.8068467],[-91.4629572,44.8068891],[-91.4629204,44.8069198],[-91.462866,44.8069322],[-91.4627977,44.8069283],[-91.4627459,44.8069111],[-91.4627126,44.806866],[-91.4626775,44.8067604],[-91.4626538,44.806739],[-91.4626187,44.8067323],[-91.4625834,44.806742],[-91.4625021,44.8067814],[-91.4624125,44.8068469],[-91.4623867,44.8068911],[-91.462385,44.8069299],[-91.4624182,44.8069671],[-91.4624369,44.807001],[-91.4624598,44.807049],[-91.4624574,44.8070984],[-91.4624388,44.8071238],[-91.4624562,44.8071424],[-91.4624916,44.8071516],[-91.4625299,44.807138],[-91.4627027,44.8071398],[-91.4628275,44.8071327],[-91.4629489,44.8070763],[-91.4630536,44.8070164],[-91.4631259,44.8069031],[-91.4631792,44.8067838],[-91.4631981,44.8066707],[-91.4631869,44.8065875],[-91.4631439,44.806528],[-91.4629922,44.8064452],[-91.4629077,44.8064112],[-91.4628159,44.8063871],[-91.4622512,44.8063508],[-91.4621682,44.8063568],[-91.4619232,44.8064162],[-91.4618769,44.8064039],[-91.4618363,44.8063766],[-91.4617975,44.806363],[-91.4617493,44.8063671],[-91.4617073,44.8063952]]}},{"type":"Feature","id":479391735,"properties":{"name":null,"highway":"cycleway","surface":"asphalt","category":"trail"},"geometry":{"type":"LineString","coordinates":[[-91.4549547,44.8181523],[-91.4556657,44.8181728],[-91.4557052,44.8181766],[-91.4557441,44.8181766],[-91.4558078,44.8181785],[-91.4558913,44.8181826],[-91.4560221,44.8181952],[-91.4560618,44.8182061],[-91.4568535,44.8182188],[-91.457266,44.8182446],[-91.4573068,44.8182577]]}},{"type":"Feature","id":479765097,"properties":{"name":null,"highway":"cycleway","surface":"paved","category":"trail"},"geometry":{"type":"LineString","coordinates":[[-91.461507,44.8168405],[-91.4614678,44.8167634],[-91.4614297,44.8167179],[-91.4613604,44.816672],[-91.461074,44.8165246],[-91.4561222,44.8140896],[-91.4559825,44.8139766],[-91.4554971,44.8137368],[-91.4552924,44.8136253],[-91.4545193,44.8132795],[-91.4543883,44.8131928],[-91.4542817,44.813096],[-91.4542233,44.8130408],[-91.4541732,44.8130119],[-91.4541066,44.8129847],[-91.4537082,44.8128743],[-91.4535686,44.8128456],[-91.4534185,44.8128378],[-91.4532627,44.8128572],[-91.4531363,44.8129074],[-91.453051,44.8129809],[-91.4529933,44.8130571],[-91.4529837,44.8130735],[-91.4526716,44.8136064],[-91.4524958,44.8139338],[-91.4524594,44.814032],[-91.4523929,44.8141561],[-91.4523199,44.8142254],[-91.4522941,44.8142651],[-91.4522858,44.8143089],[-91.4522838,44.8143597],[-91.4522883,44.8144197],[-91.4522531,44.8144417],[-91.4522087,44.8144556],[-91.4521664,44.8144511],[-91.4521186,44.8144387]]}},{"type":"Feature","id":480759753,"properties":{"name":null,"highway":"cycleway","surface":"asphalt","category":"trail"},"geometry":{"type":"LineString","coordinates":[[-91.4524115,44.8133815],[-91.4523199,44.8133995],[-91.4522487,44.8133995],[-91.4521815,44.8133827],[-91.4518316,44.8132688],[-91.4517609,44.8132458],[-91.4500169,44.8126866],[-91.4484588,44.812187],[-91.4481144,44.8120819],[-91.4480515,44.812065],[-91.4471622,44.811814],[-91.4464559,44.8116146],[-91.4459066,44.8114465],[-91.4456642,44.8113666],[-91.4414319,44.8099713],[-91.4411792,44.8098976],[-91.4409201,44.8098384],[-91.440686,44.8097982],[-91.4403952,44.8097727],[-91.4400947,44.8097577],[-91.4397809,44.8097664],[-91.4395289,44.8097908],[-91.438747,44.809896],[-91.4385333,44.8099198],[-91.4382931,44.809937],[-91.4380688,44.8099415],[-91.4361325,44.8098796],[-91.4358505,44.8098793],[-91.4355826,44.8098874],[-91.4352087,44.8099036],[-91.4349161,44.8099288],[-91.4332106,44.8101067],[-91.4327334,44.8101544],[-91.4326112,44.8101535],[-91.4324819,44.8101368],[-91.4323712,44.8101052],[-91.4311987,44.809781],[-91.4310369,44.809724],[-91.4309104,44.8096679],[-91.4307799,44.8095922],[-91.4306415,44.8094884],[-91.4302142,44.8089811],[-91.430066,44.8088295],[-91.4299258,44.8087141],[-91.4297557,44.8085991],[-91.4295989,44.8085115],[-91.4287434,44.8080885],[-91.4285417,44.8079976],[-91.428362,44.8079291],[-91.428165,44.8078811],[-91.4279509,44.807847],[-91.4277279,44.8078384],[-91.422586,44.8078882],[-91.422445,44.8078884],[-91.4220124,44.807889],[-91.421349,44.80789],[-91.4211156,44.8078893],[-91.4210316,44.8078864],[-91.4208274,44.8078793],[-91.4205353,44.8078524],[-91.4203095,44.8078225],[-91.4200191,44.8077796],[-91.4173395,44.8073707],[-91.4172935,44.8074252]]}},{"type":"Feature","id":480759754,"properties":{"name":null,"highway":"cycleway","surface":"asphalt","category":"trail"},"geometry":{"type":"LineString","coordinates":[[-91.4499754,44.8127456],[-91.4500169,44.8126866],[-91.4501,44.8125131],[-91.4501372,44.8124356]]}},{"type":"Feature","id":480759756,"properties":{"name":null,"highway":"cycleway","surface":null,"category":"trail"},"geometry":{"type":"LineString","coordinates":[[-91.440686,44.8097982],[-91.4406617,44.8098693]]}},{"type":"Feature","id":486479418,"properties":{"name":"East Lake Street","highway":"tertiary","surface":"concrete","category":"lane"},"geometry":{"type":"LineString","coordinates":[[-91.4981142,44.8083446],[-91.4982207,44.8082958],[-91.498352,44.8082375],[-91.4984327,44.8081556]]}},{"type":"Feature","id":486479419,"properties":{"name":"Lake Street","highway":"tertiary","surface":"asphalt","category":"lane"},"geometry":{"type":"LineString","coordinates":[[-91.5138823,44.807003],[-91.5140359,44.8070411],[-91.5140682,44.8070491],[-91.5141935,44.8070908],[-91.5142743,44.8071292],[-91.5143571,44.8071744],[-91.5146495,44.8073701],[-91.5148766,44.8075546],[-91.5149915,44.8076461]]}},{"type":"Feature","id":486479422,"properties":{"name":"Water Street","highway":"secondary","surface":null,"category":"lane"},"geometry":{"type":"LineString","coordinates":[[-91.513877,44.8021727],[-91.5139933,44.8021729],[-91.5157956,44.8021703],[-91.5159106,44.8021702],[-91.5160288,44.8021701],[-91.5178307,44.8021677],[-91.5179486,44.8021676]]}},{"type":"Feature","id":486479424,"properties":{"name":"Summit Avenue","highway":"secondary","surface":"asphalt","category":"lane"},"geometry":{"type":"LineString","coordinates":[[-91.4959827,44.8011078],[-91.4961271,44.8011656],[-91.4962831,44.8011898],[-91.4963804,44.8012058],[-91.4964933,44.8012244]]}},{"type":"Feature","id":486482290,"properties":{"name":"Lake Street","highway":"tertiary","surface":null,"category":"lane"},"geometry":{"type":"LineString","coordinates":[[-91.5035813,44.8069815],[-91.5042826,44.8069816],[-91.5044014,44.8069816],[-91.5050784,44.806981],[-91.505122,44.806981],[-91.5055829,44.8069806],[-91.5056948,44.8069808]]}},{"type":"Feature","id":486482291,"properties":{"name":"Lake Street","highway":"tertiary","surface":null,"category":"lane"},"geometry":{"type":"LineString","coordinates":[[-91.5074308,44.806976],[-91.5072122,44.8069768],[-91.5069524,44.8069774],[-91.506848,44.8069777],[-91.5057993,44.8069802],[-91.5056948,44.8069808]]}},{"type":"Feature","id":486482292,"properties":{"name":"Lake Street","highway":"tertiary","surface":"asphalt","category":"lane"},"geometry":{"type":"LineString","coordinates":[[-91.5097839,44.8069744],[-91.5099306,44.8069742],[-91.510432,44.8069734],[-91.51164,44.8069702],[-91.5117405,44.8069702],[-91.5118478,44.8069703],[-91.511955,44.80697],[-91.5136146,44.806965],[-91.513745,44.8069769],[-91.5137724,44.8069821],[-91.5138823,44.807003]]}},{"type":"Feature","id":486484502,"properties":{"name":"West Hamilton Avenue","highway":"tertiary","surface":null,"category":"shared"},"geometry":{"type":"LineString","coordinates":[[-91.50876,44.7856748],[-91.5088995,44.7856732],[-91.510061,44.78566],[-91.5136898,44.7856089],[-91.5139672,44.7856024],[-91.5146074,44.785596]]}},{"type":"Feature","id":486484535,"properties":{"name":"West Hamilton Avenue","highway":"tertiary","surface":null,"category":"lane"},"geometry":{"type":"LineString","coordinates":[[-91.5190337,44.7855246],[-91.5191844,44.7855237],[-91.5203228,44.785517],[-91.5203871,44.7855166],[-91.5206336,44.7855004],[-91.5208707,44.7854277],[-91.5211595,44.7853171],[-91.5214256,44.7852309],[-91.5228526,44.7851999],[-91.5242324,44.7851699],[-91.5254366,44.7851437],[-91.5255841,44.7851414],[-91.5259813,44.7851353],[-91.5261483,44.7851032],[-91.5263539,44.7850637],[-91.52665,44.784933],[-91.5269633,44.7846573],[-91.5270328,44.7845736],[-91.5273412,44.7841014]]}},{"type":"Feature","id":487009894,"properties":{"name":"Lakeshore Trail","highway":"cycleway","surface":"asphalt","category":"trail"},"geometry":{"type":"LineString","coordinates":[[-91.5106668,44.810683],[-91.5109904,44.8106744],[-91.511129,44.8106721],[-91.5119436,44.8106578],[-91.5131668,44.8106407],[-91.5132178,44.8106451],[-91.5132731,44.81067],[-91.5133143,44.8106477]]}},{"type":"Feature","id":487544566,"properties":{"name":null,"highway":"cycleway","surface":"concrete","category":"trail"},"geometry":{"type":"LineString","coordinates":[[-91.500951,44.8100788],[-91.5006402,44.8102167],[-91.5006197,44.8102611]]}},{"type":"Feature","id":487544574,"properties":{"name":null,"highway":"cycleway","surface":"concrete","category":"trail"},"geometry":{"type":"LineString","coordinates":[[-91.4984928,44.8082431],[-91.498569,44.8082459],[-91.4986952,44.8082142],[-91.4987852,44.8082313],[-91.4990866,44.8085647],[-91.4991974,44.8086494],[-91.4992479,44.8086998],[-91.4993347,44.8087892],[-91.4999994,44.809383],[-91.5000539,44.8094152],[-91.5002591,44.809503],[-91.5009231,44.8100542],[-91.500951,44.8100788],[-91.5016074,44.8105671],[-91.5017523,44.8107102],[-91.5018764,44.8108013],[-91.5019605,44.8108665],[-91.5023192,44.8112598],[-91.5024931,44.8114848],[-91.5025222,44.8115466],[-91.5025368,44.8116139],[-91.5025354,44.8116804],[-91.5025203,44.8117478],[-91.5024919,44.8118745],[-91.5024472,44.8119836],[-91.5024085,44.8120687],[-91.5023276,44.8122101],[-91.5022279,44.8123286],[-91.5021816,44.8123677],[-91.502138,44.8123984],[-91.5021126,44.8124374]]}},{"type":"Feature","id":489604511,"properties":{"name":"Rally Road","highway":"path","surface":"dirt","category":"trail"},"geometry":{"type":"LineString","coordinates":[[-91.509055,44.8437586],[-91.5116339,44.8437281],[-91.5117203,44.8438176],[-91.5118016,44.8439848],[-91.5118321,44.8441448],[-91.5119215,44.8442846],[-91.5119846,44.8443437],[-91.5120259,44.8443763],[-91.512074,44.8444143],[-91.5121207,44.8444676],[-91.5121716,44.8445483],[-91.5121878,44.8446204],[-91.5122488,44.8446593],[-91.5122488,44.8446074],[-91.5122752,44.844544],[-91.5123025,44.8444216],[-91.5123026,44.8441886],[-91.5123577,44.8441612],[-91.5124044,44.8441796],[-91.5124329,44.844258],[-91.5125167,44.8443142],[-91.5125639,44.8443927],[-91.5125523,44.8444553],[-91.5125687,44.8445333],[-91.5126151,44.8446069],[-91.5126653,44.8447529],[-91.5127655,44.8448267],[-91.5127822,44.8448957],[-91.5129682,44.8450907],[-91.5129722,44.8451637],[-91.5131475,44.8454193],[-91.5131981,44.8454664],[-91.5132327,44.8455414],[-91.513238,44.8456349],[-91.5132672,44.8456797],[-91.5133244,44.8457586],[-91.5133672,44.8458395],[-91.5134173,44.8458492],[-91.5133564,44.8457626],[-91.513338,44.8456902],[-91.5133553,44.8456109],[-91.5133819,44.8455538],[-91.513198,44.8453137],[-91.5131308,44.8451984],[-91.5130306,44.8450427],[-91.5128717,44.8448599],[-91.5128466,44.8447841],[-91.5128645,44.8447133],[-91.5127947,44.8446445],[-91.5127468,44.8445558],[-91.5127319,44.8444071],[-91.5127302,44.8441829],[-91.5126439,44.843984],[-91.5126039,44.8439303],[-91.5126228,44.8438704],[-91.5127398,44.8438215],[-91.5128746,44.8438014],[-91.5130047,44.8438166],[-91.5130891,44.8438218],[-91.5131556,44.8437912],[-91.5132002,44.8437518],[-91.5133021,44.8437325],[-91.5133842,44.8437603],[-91.5134614,44.8438181],[-91.5135038,44.8438651],[-91.5134515,44.8439052],[-91.5133957,44.8439153],[-91.5133555,44.8439386],[-91.5132988,44.8440105],[-91.5132725,44.844088],[-91.5132201,44.8441974],[-91.5131434,44.8442659],[-91.5130772,44.8443434],[-91.5130538,44.8444321],[-91.513072,44.8445219],[-91.5131145,44.8445733],[-91.5131684,44.8446144],[-91.5131672,44.8446634],[-91.5131841,44.844749],[-91.5132212,44.844821],[-91.5132486,44.8448569],[-91.5132535,44.8448954],[-91.5132293,44.8449305],[-91.5132349,44.8449651],[-91.5132554,44.8449901],[-91.5133058,44.8450356],[-91.51336,44.8450826],[-91.5133655,44.8450518],[-91.5133214,44.8449558],[-91.5132489,44.8448087],[-91.513224,44.8447203],[-91.5132791,44.8447011],[-91.5133296,44.8446492],[-91.5133302,44.8445406],[-91.5134062,44.844336],[-91.5134297,44.8442646],[-91.5134831,44.8442104],[-91.5136087,44.844118],[-91.5137937,44.8440871],[-91.5138917,44.844063],[-91.5139822,44.8440396],[-91.514069,44.8440692],[-91.5142526,44.8441031],[-91.5142857,44.8441241],[-91.5142836,44.844156],[-91.5142348,44.844188],[-91.5142006,44.8442168],[-91.5141715,44.8442782],[-91.5142238,44.8442671],[-91.5142749,44.8442511],[-91.5143161,44.8442158],[-91.5143608,44.8441587],[-91.5143563,44.8440896],[-91.5143227,44.8439424],[-91.5143112,44.8438572],[-91.5143737,44.8437765],[-91.5144613,44.8437363],[-91.5145777,44.8437304],[-91.514712,44.84375],[-91.514803,44.8437955],[-91.5148707,44.8438563],[-91.5149778,44.8438985],[-91.5150595,44.8439075],[-91.5151188,44.8438871],[-91.5152151,44.8437719],[-91.5153481,44.8436706],[-91.515632,44.8434957],[-91.5158448,44.8433902],[-91.5158966,44.8433204],[-91.5159823,44.8432899],[-91.5161002,44.8432669],[-91.5162086,44.8432833],[-91.5164427,44.8433954],[-91.5165283,44.8434428],[-91.5166145,44.8434731],[-91.5167256,44.8434679],[-91.5168156,44.8434834],[-91.5169054,44.8434305],[-91.5170154,44.8433811],[-91.517131,44.843394],[-91.5172319,44.8434149],[-91.5173374,44.8434661],[-91.5174234,44.8434699],[-91.5175093,44.8434926],[-91.5176098,44.8435318],[-91.5177758,44.8436648],[-91.5179563,44.8438026],[-91.518097,44.8439574],[-91.5181389,44.8440258],[-91.5181867,44.8440646],[-91.5183138,44.8441209],[-91.5184755,44.8441787],[-91.5184346,44.8440633],[-91.5184081,44.8440131],[-91.5183621,44.8439554],[-91.5183161,44.8438904],[-91.5182914,44.8438429],[-91.5182861,44.8437855],[-91.5183307,44.8437331],[-91.518387,44.8437205],[-91.5184886,44.8437145],[-91.5186134,44.8437025],[-91.5187005,44.8436905],[-91.5188075,44.8436763],[-91.5190371,44.8435941],[-91.5192334,44.8435362],[-91.5194008,44.8435024],[-91.5196507,44.8435061]]}},{"type":"Feature","id":489606411,"properties":{"name":"J-Line","highway":"path","surface":"dirt","category":"trail"},"geometry":{"type":"LineString","coordinates":[[-91.518767,44.8447778],[-91.5187992,44.8447208],[-91.5188314,44.8446295],[-91.5187402,44.8445724],[-91.5185739,44.84458],[-91.5184666,44.844599],[-91.51837,44.8446827],[-91.5181608,44.8446941],[-91.5180857,44.8446979],[-91.5179999,44.8447055],[-91.5178282,44.8447588],[-91.5177102,44.8447626],[-91.5175868,44.8448006],[-91.5174688,44.8447816],[-91.5173186,44.8447892],[-91.5171523,44.8447284],[-91.5169538,44.844717],[-91.5166373,44.8446903],[-91.5163959,44.8447017],[-91.5162886,44.8446865],[-91.5160365,44.8445686],[-91.5158219,44.8444926],[-91.515661,44.8444393],[-91.5154196,44.8444393],[-91.5152845,44.8444556],[-91.5151997,44.8444659],[-91.5150441,44.8445002],[-91.5147812,44.8445268],[-91.5145238,44.8446067],[-91.5143986,44.8446283],[-91.5143253,44.8446409],[-91.5142126,44.8446561],[-91.5140973,44.8446905],[-91.514084,44.8447488],[-91.5141268,44.8448082],[-91.5141818,44.8448986],[-91.514193,44.8450358],[-91.5142908,44.8451557],[-91.5143664,44.8452109],[-91.5144243,44.8452739],[-91.5144865,44.8454048],[-91.5145577,44.8455609],[-91.5145888,44.845676],[-91.5146934,44.8457691],[-91.5148001,44.8458653],[-91.514938,44.8458984],[-91.5150226,44.8458352],[-91.5150892,44.8457707],[-91.5151715,44.8457533],[-91.515216,44.8457675],[-91.5152383,44.8458148],[-91.5151916,44.8459268],[-91.5150781,44.8460371],[-91.5149803,44.8461491],[-91.5148646,44.8462216],[-91.5147156,44.846321],[-91.5146096,44.8464285],[-91.5145444,44.8465496]]}},{"type":"Feature","id":489606844,"properties":{"name":"Barb Wire","highway":"path","surface":"dirt","category":"trail"},"geometry":{"type":"LineString","coordinates":[[-91.5184755,44.8441787],[-91.5183993,44.8441738],[-91.5183215,44.844176],[-91.518266,44.8441826],[-91.5181098,44.8442299],[-91.5179858,44.8442832],[-91.5179187,44.844289],[-91.5178334,44.8442602],[-91.5177561,44.8442847],[-91.5177053,44.8442789],[-91.5175955,44.8441953],[-91.5175102,44.8442011],[-91.5173679,44.8442977],[-91.5172561,44.8443034],[-91.5172398,44.8442429],[-91.5173394,44.8440988],[-91.5174451,44.8438826],[-91.5173435,44.8437745],[-91.517065,44.8437341],[-91.5168719,44.8437716],[-91.516756,44.8437644],[-91.5166076,44.8437183],[-91.5164653,44.8437139],[-91.5162865,44.8436534],[-91.5162275,44.8435914],[-91.5161462,44.8436404],[-91.5160649,44.8437788],[-91.5159348,44.843822],[-91.5158067,44.8438566],[-91.5157234,44.8439345],[-91.5155709,44.8440022],[-91.515451,44.8441031],[-91.5153168,44.8442299],[-91.5151502,44.8443092],[-91.5149691,44.8443538],[-91.5147782,44.8444072],[-91.5146176,44.8445211],[-91.5144694,44.8445724],[-91.5143986,44.8446283]]}},{"type":"Feature","id":489609464,"properties":{"name":"Midline","highway":"path","surface":"dirt","category":"trail"},"geometry":{"type":"LineString","coordinates":[[-91.5184755,44.8441787],[-91.5184952,44.8442291],[-91.518682,44.8443085],[-91.5188875,44.8444079],[-91.5189949,44.8445039],[-91.519001,44.8446346],[-91.5188734,44.844739],[-91.518767,44.8447778],[-91.5185652,44.8448516],[-91.5182243,44.8450171],[-91.5180142,44.8450635],[-91.5177667,44.845027],[-91.5175051,44.845133],[-91.5173137,44.8452125],[-91.5171639,44.8452212],[-91.5169771,44.8451896],[-91.5168093,44.8451628],[-91.5167112,44.8451562],[-91.5165618,44.8452224],[-91.5163762,44.8453055],[-91.5162714,44.8453563],[-91.5162152,44.8453852],[-91.5159967,44.8455303],[-91.5158006,44.8456628],[-91.5156185,44.8457754],[-91.515455,44.8458747],[-91.5152542,44.8460038],[-91.5151234,44.8461296],[-91.5149693,44.8462223],[-91.5147779,44.846368],[-91.5145444,44.8465496]]}},{"type":"Feature","id":489609874,"properties":{"name":"Goat Path","highway":"path","surface":"dirt","category":"trail"},"geometry":{"type":"LineString","coordinates":[[-91.5140973,44.8446905],[-91.5140484,44.8446292],[-91.5140566,44.84456],[-91.5142293,44.8445528],[-91.5143566,44.8445299],[-91.5145302,44.844462],[-91.5145725,44.8443718],[-91.5146044,44.8443116],[-91.514615,44.8442062],[-91.5146008,44.8441585],[-91.5146008,44.8440933],[-91.5146399,44.844008],[-91.5147111,44.8439489],[-91.5146867,44.8438768],[-91.5145363,44.8438509],[-91.51452,44.8439028],[-91.5145546,44.8439503],[-91.5145505,44.8440627],[-91.514476,44.8441376],[-91.5143608,44.8441587]]}},{"type":"Feature","id":489610185,"properties":{"name":"Nasty Goat","highway":"path","surface":"dirt","category":"trail"},"geometry":{"type":"LineString","coordinates":[[-91.5143161,44.8442158],[-91.5143053,44.8442706],[-91.5142678,44.8443291],[-91.5141685,44.8443537],[-91.5140078,44.8443236],[-91.5139021,44.8442645],[-91.5137638,44.8442285],[-91.5136703,44.8442487],[-91.5136439,44.8443308],[-91.5136968,44.8444259],[-91.5137679,44.8444821],[-91.5138208,44.8445427],[-91.5138817,44.8446219],[-91.5138872,44.8447305],[-91.5138858,44.8447963],[-91.5140159,44.844877],[-91.5140444,44.844965],[-91.5140484,44.8450226],[-91.5140952,44.8451307],[-91.5141602,44.845282],[-91.5142456,44.8453339],[-91.5143472,44.845429],[-91.5143025,44.8455083],[-91.5144062,44.8456438],[-91.5143655,44.8457288],[-91.5143269,44.8458499],[-91.5142395,44.8459767],[-91.5143106,44.8461223],[-91.5143554,44.8462203],[-91.5144387,44.8462736],[-91.5144733,44.8463802],[-91.514455,44.8465056],[-91.5145444,44.8465496]]}},{"type":"Feature","id":489610890,"properties":{"name":"Tilted","highway":"path","surface":"dirt","category":"trail"},"geometry":{"type":"LineString","coordinates":[[-91.5145444,44.8465496],[-91.5144346,44.8466808],[-91.514373,44.8468425],[-91.514373,44.8469954],[-91.5144038,44.8471133],[-91.5145024,44.8471789],[-91.5146441,44.8472663],[-91.5149399,44.8473944],[-91.5148434,44.8474038],[-91.5147499,44.847402],[-91.5146574,44.8473791],[-91.5144474,44.8472819],[-91.5141686,44.8471869],[-91.5141152,44.8471323],[-91.5140957,44.8470711],[-91.5140824,44.8469925],[-91.5140978,44.8468803],[-91.5141245,44.8468192],[-91.5141655,44.8467551],[-91.5141707,44.8467041],[-91.5141408,44.8466013],[-91.5141217,44.8465215],[-91.5141656,44.8464336],[-91.5141442,44.8463685],[-91.5140874,44.8462995],[-91.5140617,44.8462246],[-91.5140624,44.8461583],[-91.5140221,44.8461271],[-91.513964,44.8460788],[-91.5139241,44.8460086],[-91.5138798,44.8459273],[-91.5138416,44.8457812],[-91.5138523,44.8456831],[-91.5138774,44.8456355],[-91.5138373,44.8455975],[-91.5137838,44.8456028],[-91.5137384,44.8456504],[-91.5137072,44.8457229],[-91.5137249,44.8458166],[-91.5138252,44.8460116],[-91.5138944,44.8460562],[-91.5139393,44.8461278],[-91.5139531,44.8461902],[-91.5139699,44.8463132],[-91.5139826,44.8464159],[-91.5139321,44.8464759],[-91.5138953,44.8464858],[-91.5138561,44.846471],[-91.5138118,44.8463986],[-91.5138071,44.8463434],[-91.5137992,44.846311],[-91.5137699,44.8463146],[-91.5137375,44.8463402],[-91.5137544,44.8463704],[-91.5137878,44.846394],[-91.5138157,44.8464311],[-91.5138325,44.8464627],[-91.5138356,44.8464982],[-91.5138246,44.8465504],[-91.5138031,44.8466221],[-91.513711,44.8467642],[-91.5136638,44.8468178],[-91.513633,44.8468327],[-91.5136129,44.8469173],[-91.5135717,44.8469796],[-91.5135072,44.8470035],[-91.5134425,44.8469779],[-91.5133747,44.846825],[-91.513325,44.8467037],[-91.5132079,44.8465389],[-91.5130621,44.8464608],[-91.5129775,44.8463369],[-91.5129871,44.846224],[-91.5130248,44.8461641],[-91.5129532,44.8461165],[-91.5129486,44.8460414],[-91.5129861,44.845953],[-91.5130022,44.84588],[-91.5129375,44.8458918],[-91.5128862,44.8459397],[-91.5128381,44.846012],[-91.5127979,44.846088],[-91.5127732,44.8462125],[-91.5127802,44.8463077],[-91.5127747,44.8463919],[-91.5127201,44.8464648],[-91.512663,44.8465015]]}},{"type":"Feature","id":489611681,"properties":{"name":"Ligament","highway":"path","surface":"dirt","category":"trail"},"geometry":{"type":"LineString","coordinates":[[-91.5133819,44.8455538],[-91.5135747,44.8458504],[-91.5136028,44.8460391],[-91.5136541,44.8462146],[-91.5137375,44.8463402]]}},{"type":"Feature","id":489613571,"properties":{"name":"Stinger","highway":"path","surface":"dirt","category":"trail"},"geometry":{"type":"LineString","coordinates":[[-91.5145444,44.8465496],[-91.5147422,44.8466152],[-91.5149384,44.8467576],[-91.5151999,44.8468768],[-91.51541,44.8469496],[-91.5156015,44.8470424],[-91.515821,44.8471218],[-91.5159891,44.8472079],[-91.5161993,44.8472708],[-91.51633,44.8473304],[-91.5166149,44.8473867],[-91.5167737,44.8474099],[-91.5169511,44.8474794],[-91.5170912,44.8475489],[-91.517208,44.8475754],[-91.5175115,44.8475224],[-91.5177217,44.8474662],[-91.5177865,44.8474795],[-91.5178851,44.8475059],[-91.5180469,44.8475687],[-91.5181479,44.8477111],[-91.518334,44.8477588],[-91.518554,44.8478265],[-91.5186563,44.8479393],[-91.5188367,44.8480625],[-91.5188619,44.8481237],[-91.5188529,44.848238],[-91.5187631,44.8483369],[-91.5188705,44.8484429],[-91.5188752,44.8485654],[-91.5188985,44.8487011],[-91.5188944,44.848844],[-91.5188939,44.8488601],[-91.5189266,44.8490388],[-91.5189219,44.8492507],[-91.5189079,44.8494362],[-91.5189826,44.8496447],[-91.5189779,44.8498037],[-91.5189919,44.8501778],[-91.5189829,44.8503345],[-91.5189585,44.850408],[-91.5188732,44.8504426],[-91.5187898,44.8504397],[-91.5186744,44.85034],[-91.5185662,44.8502841],[-91.5184707,44.8502812],[-91.5183988,44.8503102],[-91.518377,44.8503203],[-91.5182494,44.8503797],[-91.5180626,44.8504294],[-91.5178011,44.8504791],[-91.5175302,44.8505353],[-91.5171675,44.8506494],[-91.517072,44.8507112],[-91.5169395,44.8507338],[-91.5168217,44.850759],[-91.5166803,44.8507631],[-91.5163843,44.8507481],[-91.5157341,44.8507671],[-91.5156499,44.8507526],[-91.5155817,44.8507309],[-91.5155464,44.8506953],[-91.5155313,44.8506577],[-91.5155765,44.8506203],[-91.5156177,44.850604],[-91.5158705,44.8505695],[-91.5161508,44.8505774],[-91.516322,44.8505931],[-91.5164426,44.8505667],[-91.5165314,44.8504808],[-91.5165882,44.8503673],[-91.5167608,44.8502985],[-91.5168781,44.8502095],[-91.5169584,44.8501328],[-91.5170579,44.8500675],[-91.517092,44.850006],[-91.5170648,44.8499208],[-91.5170159,44.8498174],[-91.5169558,44.8497076],[-91.5167176,44.849413],[-91.5165308,44.8492408],[-91.5163114,44.8490885],[-91.5159938,44.8489461],[-91.5156762,44.8488369],[-91.5154474,44.8486912],[-91.5153213,44.8485621],[-91.5151952,44.8484131],[-91.5151205,44.848284],[-91.515026,44.8482088],[-91.5148509,44.8481007],[-91.5148348,44.8480457],[-91.514768,44.8480053],[-91.5146933,44.8479667],[-91.5146235,44.8479207],[-91.514574,44.847894],[-91.5145083,44.8478942],[-91.5144521,44.8478666],[-91.5144013,44.8478237],[-91.5142987,44.8477584],[-91.5142206,44.8477339],[-91.5141371,44.8477268],[-91.5141105,44.8477017],[-91.5141341,44.8476844],[-91.514191,44.8476781],[-91.5142624,44.8476785],[-91.5143632,44.8476947],[-91.5144054,44.8476973],[-91.5144158,44.8476774],[-91.5144134,44.8476445],[-91.5143826,44.8476213],[-91.5143354,44.8476149],[-91.5142945,44.8475446],[-91.5143485,44.8475465],[-91.5144213,44.8475919],[-91.5144846,44.8476382],[-91.5145914,44.8476266],[-91.514674,44.8476727],[-91.5147526,44.8476723],[-91.5148987,44.8477496],[-91.5149319,44.8477574],[-91.5149566,44.8477472],[-91.5149848,44.8477323],[-91.515061,44.847734],[-91.5153919,44.847702],[-91.5154965,44.8477153],[-91.5156614,44.8477431],[-91.5157514,44.8477561],[-91.5158226,44.8477652],[-91.5159018,44.8477897],[-91.5160672,44.8477882],[-91.5161422,44.8477921],[-91.5162349,44.8478295],[-91.5163324,44.8478459],[-91.5163964,44.8478414],[-91.5164299,44.8478335],[-91.5164588,44.8477846],[-91.5164861,44.847755],[-91.516546,44.8477265],[-91.516209,44.8476814],[-91.5160566,44.8476684],[-91.5160105,44.8476495],[-91.5159653,44.8476571],[-91.5158512,44.8476174],[-91.5157696,44.8476152],[-91.5156837,44.8476207],[-91.5156019,44.8476146],[-91.5149399,44.8473944]]}},{"type":"Feature","id":489615792,"properties":{"name":"Birm Trail","highway":"path","surface":"dirt","category":"trail"},"geometry":{"type":"LineString","coordinates":[[-91.5145444,44.8465496],[-91.514491,44.8466884],[-91.5144776,44.8467814],[-91.5144398,44.8468792],[-91.5144643,44.8469233],[-91.5147112,44.847029],[-91.514789,44.8470731],[-91.5148713,44.8470826],[-91.5149447,44.8470889],[-91.5150483,44.8470912],[-91.5150826,44.8471094],[-91.5150937,44.8471394],[-91.5150292,44.8471709],[-91.5149514,44.8471646],[-91.5149313,44.8471804],[-91.5149847,44.8472087],[-91.5150696,44.8472166],[-91.5151527,44.8471928],[-91.5152607,44.8472292],[-91.5154206,44.8471993],[-91.5155332,44.8472292],[-91.5156022,44.8472405],[-91.5156586,44.8472261],[-91.5157453,44.8472277],[-91.5157565,44.8472623],[-91.5157276,44.847286],[-91.5156586,44.8473097],[-91.5155941,44.8473254],[-91.5156453,44.8473775],[-91.5157565,44.8474311],[-91.5158187,44.8474516],[-91.5159437,44.847509],[-91.5160375,44.8475127],[-91.5161292,44.8474794],[-91.5162012,44.8474217],[-91.5162366,44.8473933],[-91.51633,44.8473304]]}},{"type":"Feature","id":489616308,"properties":{"name":"Yellow Brick Road","highway":"path","surface":"dirt","category":"trail"},"geometry":{"type":"LineString","coordinates":[[-91.5160375,44.8475127],[-91.5161479,44.8475721],[-91.5162481,44.8476269],[-91.5163525,44.847662],[-91.5164415,44.8476825],[-91.516546,44.8477265],[-91.5166438,44.8477864],[-91.5167247,44.8478199],[-91.5169127,44.8479899],[-91.5171017,44.8480805],[-91.5172065,44.8480696],[-91.517393,44.8480968],[-91.5175105,44.8481493],[-91.517743,44.848258],[-91.5179193,44.8483395],[-91.5180444,44.8483286],[-91.5181543,44.8484246],[-91.5182587,44.8486217],[-91.518265,44.8486809],[-91.5182728,44.8487541],[-91.5182169,44.848895],[-91.5181102,44.848936],[-91.5180301,44.8489423],[-91.517999,44.8488981],[-91.5179178,44.8487972],[-91.5178151,44.8486614],[-91.5177864,44.848577],[-91.517762,44.8485053],[-91.5177057,44.8484416],[-91.5176078,44.8484159],[-91.5174589,44.8483456],[-91.5173865,44.8482667],[-91.5172403,44.8482153],[-91.5171706,44.8482125],[-91.5171129,44.8482429],[-91.5170016,44.8483066],[-91.5168916,44.8483113],[-91.5168139,44.8483304],[-91.5166878,44.8483456],[-91.5166046,44.8483884],[-91.5165939,44.8484368],[-91.5166409,44.8484739],[-91.5167321,44.8485538],[-91.5167937,44.8485766],[-91.5168554,44.8485728],[-91.516952,44.8485719],[-91.5170257,44.8486056],[-91.5170807,44.8486308],[-91.5171706,44.8486974],[-91.5172256,44.8487886],[-91.5172873,44.8488542],[-91.5174428,44.8489142],[-91.5174831,44.8489626],[-91.5174695,44.8490223],[-91.5173434,44.8491415],[-91.5173088,44.8492225],[-91.5173229,44.8492802],[-91.5174203,44.8493354],[-91.5175548,44.8493831],[-91.5176238,44.8493731],[-91.5177077,44.8493103],[-91.517875,44.8492514],[-91.5180679,44.8491804],[-91.518128,44.8492119],[-91.5181747,44.8492419],[-91.5182325,44.8493002],[-91.5182147,44.8494326],[-91.5180812,44.8495068],[-91.5179967,44.8495209],[-91.5178588,44.8495856],[-91.5176765,44.8496329],[-91.5174429,44.8497433],[-91.5173117,44.849819],[-91.5170648,44.8499208],[-91.5169792,44.8500122],[-91.5169113,44.8500883],[-91.5168044,44.8501559],[-91.5166628,44.8502068],[-91.5165176,44.8502527],[-91.5163939,44.8502751],[-91.5162288,44.8503124],[-91.5160256,44.8503381],[-91.5158959,44.8503208],[-91.5157408,44.8502981],[-91.5154495,44.8502659],[-91.5153374,44.8502613],[-91.5151375,44.8502337],[-91.5150906,44.8501917],[-91.5150791,44.8501346],[-91.5151281,44.8501267],[-91.51521,44.8501459],[-91.5152525,44.850186],[-91.5153805,44.8501785],[-91.5155152,44.8501644],[-91.5156074,44.850158],[-91.5157113,44.8501304],[-91.5158207,44.850119],[-91.5159222,44.8500783],[-91.5160628,44.8500331],[-91.5162078,44.8500234],[-91.5163015,44.8500035],[-91.5163618,44.8499416],[-91.5163784,44.8498187],[-91.516334,44.8497806],[-91.5162175,44.8497615],[-91.5161155,44.8497746],[-91.5159002,44.8498122],[-91.5157604,44.8498118],[-91.5156949,44.8498185],[-91.5156153,44.8498469],[-91.5155333,44.8498523],[-91.5150956,44.8498406],[-91.5150237,44.8498577],[-91.5149594,44.8498891],[-91.5148839,44.8498966],[-91.5148061,44.849891],[-91.5146886,44.8498846],[-91.5146213,44.8498603],[-91.5145591,44.8498398],[-91.5145181,44.8497858],[-91.5145305,44.8497432],[-91.5145362,44.8496784],[-91.5144019,44.8494404],[-91.5143398,44.8493131],[-91.5142685,44.8491182],[-91.5142592,44.8490533],[-91.5143229,44.8490347],[-91.5143889,44.8490427],[-91.5144674,44.8490829],[-91.5145436,44.8491746],[-91.5145612,44.8492761],[-91.5145718,44.8493635],[-91.5145641,44.8494254],[-91.5145854,44.8496303],[-91.5145935,44.8496808],[-91.514626,44.8497068],[-91.5146467,44.8496859],[-91.5147078,44.8494327],[-91.5147393,44.8492544],[-91.5147199,44.8491676],[-91.5146591,44.8491033],[-91.5143264,44.848793],[-91.5142783,44.8487048],[-91.514229,44.8486216],[-91.5142194,44.8485344],[-91.5142356,44.8484572],[-91.5142645,44.8483076],[-91.5143055,44.8482331],[-91.5143354,44.8481951],[-91.5143504,44.8481133],[-91.5144019,44.8480951],[-91.5144586,44.848106],[-91.5145553,44.8481804],[-91.5145582,44.848236],[-91.5145267,44.8483042],[-91.5145447,44.8483606],[-91.514563,44.8484062],[-91.5146213,44.8484385],[-91.5149068,44.8485928],[-91.5149641,44.8486517],[-91.5150372,44.8486847],[-91.5150862,44.8487575],[-91.5153439,44.8488934],[-91.5154807,44.8489812],[-91.5155711,44.8490302],[-91.5156117,44.8490937],[-91.5156365,44.8491979],[-91.5156401,44.8492677],[-91.5156925,44.8493216],[-91.5157633,44.8493409],[-91.5157898,44.8493024],[-91.5157745,44.8492204],[-91.5157038,44.8490724],[-91.5155946,44.8489558],[-91.5154525,44.8488486],[-91.5153882,44.8488533],[-91.5153546,44.8488478],[-91.5152357,44.8487841],[-91.515194,44.8487321],[-91.5151841,44.8486793],[-91.5150897,44.8485375],[-91.5150047,44.8484652],[-91.5149817,44.8483866],[-91.5150024,44.848323],[-91.5150118,44.8482854],[-91.515026,44.8482088]]}},{"type":"Feature","id":489623158,"properties":{"name":"La Roota","highway":"path","surface":"dirt","category":"trail"},"geometry":{"type":"LineString","coordinates":[[-91.5120259,44.8443763],[-91.5120738,44.8445174],[-91.5121198,44.8446655],[-91.5121269,44.8447709],[-91.5121764,44.8449214],[-91.5122508,44.845087],[-91.5123145,44.8451774],[-91.5124419,44.8453179],[-91.5125764,44.8455362],[-91.5125551,44.845752],[-91.5125339,44.8460632],[-91.5125045,44.8462125],[-91.5125144,44.8464163],[-91.5124748,44.8465901],[-91.5124844,44.846836],[-91.5124596,44.8469088],[-91.5123853,44.8470443],[-91.5122932,44.8471698],[-91.5123251,44.8472651],[-91.5123746,44.8473429],[-91.512541,44.8473203],[-91.5126755,44.8472199],[-91.51281,44.8471723],[-91.5128843,44.847102],[-91.5129197,44.8469364],[-91.5128383,44.8467909],[-91.5128383,44.8466528],[-91.512663,44.8465015]]}},{"type":"Feature","id":489623159,"properties":{"name":"Skippy","highway":"path","surface":"dirt","category":"trail"},"geometry":{"type":"LineString","coordinates":[[-91.512663,44.8465015],[-91.5126275,44.8464507],[-91.5126518,44.8464115],[-91.5126201,44.8462058],[-91.512635,44.8461157],[-91.5126198,44.845914],[-91.5126574,44.8457457],[-91.512711,44.8456405],[-91.5127582,44.8455098],[-91.5127727,44.8454283],[-91.5127242,44.845367],[-91.5126928,44.845308],[-91.5126972,44.8452258],[-91.5126709,44.8451603],[-91.5125582,44.8450149],[-91.5124798,44.8448032],[-91.5123812,44.8446909],[-91.5123347,44.8445906],[-91.512349,44.8444639],[-91.5123025,44.8444216]]}},{"type":"Feature","id":489837208,"properties":{"name":"Ski Trail","highway":"path","surface":"grass","category":"trail"},"geometry":{"type":"LineString","coordinates":[[-91.5190371,44.8435941],[-91.5190086,44.8436957],[-91.5190142,44.8438211],[-91.5190873,44.843921],[-91.5191419,44.8440041],[-91.5192318,44.8441161],[-91.5192566,44.8442102],[-91.5192458,44.8444831],[-91.5192345,44.8446781],[-91.5191935,44.8448155],[-91.519045,44.8449724],[-91.5190065,44.8450601],[-91.5190901,44.8452171],[-91.519111,44.8453361],[-91.5191149,44.8455035],[-91.5188365,44.8454977],[-91.5186089,44.8454804],[-91.5183284,44.8454516],[-91.5180792,44.8454306],[-91.517929,44.8453915],[-91.51765,44.8453763],[-91.5174136,44.8453623],[-91.5170616,44.845259],[-91.5168451,44.8451911],[-91.5167112,44.8451562],[-91.5166418,44.8451444],[-91.5158771,44.8451444],[-91.5155557,44.8450942],[-91.5153199,44.8450769],[-91.5150841,44.8450481],[-91.5149906,44.8450106],[-91.514891,44.8449506],[-91.5148528,44.8448632],[-91.5149321,44.8448133],[-91.5151522,44.8447862],[-91.5152386,44.84478],[-91.5153576,44.8447571],[-91.515428,44.844703],[-91.5154251,44.844601],[-91.5152981,44.8445429],[-91.5151141,44.8445248],[-91.5148025,44.8445574],[-91.5145828,44.8446444],[-91.5144116,44.8447368],[-91.5143733,44.8448002],[-91.5143963,44.8448672],[-91.514501,44.8449686],[-91.5146262,44.8450737],[-91.5149047,44.8451932],[-91.5151678,44.8453037],[-91.5153364,44.8453707],[-91.5154948,44.8453925],[-91.515712,44.8453689],[-91.5159521,44.8453454],[-91.5162152,44.8453852],[-91.5164017,44.845436],[-91.5164886,44.8454341],[-91.5167466,44.8454088],[-91.5169382,44.8454233],[-91.5171988,44.845512],[-91.5175463,44.8456497],[-91.5176663,44.8456787],[-91.5178375,44.8456497],[-91.5179882,44.8456316],[-91.5182718,44.8456642],[-91.5185299,44.845637],[-91.5186499,44.8456606],[-91.5187342,44.8457312],[-91.5186857,44.8458471],[-91.5185682,44.8459268],[-91.5182999,44.8460065],[-91.5180496,44.8460971],[-91.5178426,44.8461279],[-91.5175361,44.8461786],[-91.5171758,44.8462076],[-91.5166828,44.8462601],[-91.5162204,44.8462782],[-91.5158193,44.8462945],[-91.515482,44.846376],[-91.5153158,44.8464979],[-91.5153134,44.8466206],[-91.5154258,44.8467546],[-91.5155536,44.8468741],[-91.5157509,44.8470369],[-91.515821,44.8471218],[-91.5159135,44.8472445],[-91.5160883,44.8473771],[-91.5162012,44.8474217],[-91.5163444,44.8474808],[-91.5166046,44.8475414],[-91.5169298,44.8476451],[-91.5170396,44.8477057],[-91.5171809,44.8477889],[-91.5172627,44.8478722],[-91.5172244,44.8480098],[-91.5171017,44.8480805],[-91.5169791,44.8480841],[-91.5166879,44.8480334],[-91.5165652,44.8479971],[-91.5163021,44.8480352],[-91.5161335,44.8480243],[-91.5159495,44.8479573],[-91.5156915,44.8479048],[-91.5154514,44.8478867],[-91.5152623,44.8478794],[-91.515132,44.8479428],[-91.5150886,44.8480352],[-91.5151474,44.8481276],[-91.5151898,44.8481899],[-91.5154079,44.8483811],[-91.5155689,44.8484971],[-91.5156736,44.8486482],[-91.5157915,44.8487404],[-91.5159951,44.8487688],[-91.5163598,44.8487672],[-91.5166779,44.8487625],[-91.516778,44.8487546],[-91.5169025,44.8486726],[-91.5170004,44.8486175],[-91.5170257,44.8486056],[-91.517205,44.8485213],[-91.5173228,44.8485008],[-91.5176142,44.8485497],[-91.5177864,44.848577],[-91.5180012,44.8486111],[-91.518265,44.8486809],[-91.5183926,44.8487136],[-91.5185016,44.8488019],[-91.5185149,44.8489707],[-91.5185283,44.8491898],[-91.5186195,44.8493191],[-91.5186551,44.8493948],[-91.5186328,44.849461],[-91.5185016,44.8495746],[-91.5182877,44.8496858],[-91.5179015,44.8498097],[-91.5175071,44.8499221],[-91.5174407,44.8499467],[-91.5174118,44.8499861],[-91.5174585,44.8500444],[-91.5175742,44.8500712],[-91.5176898,44.8500949],[-91.5177276,44.8501532],[-91.517652,44.8502336],[-91.5175386,44.8502494],[-91.5173918,44.8502273],[-91.517186,44.8502565],[-91.5169448,44.8503314],[-91.5165882,44.8503673],[-91.5162464,44.8504102],[-91.5159762,44.8504514],[-91.5158442,44.8504532],[-91.5156379,44.8504304],[-91.5154377,44.8504442],[-91.5153079,44.850478],[-91.5152901,44.8505395],[-91.5153724,44.8506121],[-91.5154858,44.8506483],[-91.5155313,44.8506577],[-91.5156948,44.8506862],[-91.5159373,44.8506704],[-91.5161686,44.8506956],[-91.5164088,44.8506956],[-91.5166178,44.8506972],[-91.5167668,44.8506735],[-91.5169247,44.8506199],[-91.5172005,44.8505238],[-91.5175141,44.8504607],[-91.5178455,44.8503819],[-91.518128,44.850333],[-91.5183327,44.8502518],[-91.5185926,44.8500951],[-91.5188162,44.8498962],[-91.5188085,44.8497401],[-91.5187729,44.8496061],[-91.5187596,44.8494894],[-91.5187462,44.849368],[-91.5186617,44.8492214],[-91.5186061,44.8490511],[-91.5185928,44.8489486],[-91.5185972,44.8488414],[-91.5186261,44.8486316],[-91.5186328,44.848496],[-91.5184415,44.8482895],[-91.5181146,44.848105],[-91.5178922,44.848053],[-91.5176854,44.8480135],[-91.5176231,44.8479867],[-91.5175964,44.847941],[-91.517592,44.8478701],[-91.5176298,44.8477802],[-91.5177721,44.8475358],[-91.5177865,44.8474795],[-91.5178166,44.8473623],[-91.5177632,44.8471999],[-91.517721,44.8470438],[-91.5177766,44.8469255],[-91.5178878,44.8468246],[-91.5182918,44.8466709],[-91.5185208,44.8465717],[-91.5187,44.8464549],[-91.5188287,44.846289],[-91.5188621,44.8461245],[-91.5188892,44.8459015],[-91.5189405,44.8458127],[-91.5190383,44.8457078],[-91.5191065,44.8456084],[-91.5191149,44.8455035]]}},{"type":"Feature","id":490110816,"properties":{"name":"Putnam Trail","highway":"footway","surface":"dirt","category":"trail"},"geometry":{"type":"LineString","coordinates":[[-91.5046116,44.7993378],[-91.5046497,44.7992929],[-91.5046597,44.7992323],[-91.5046389,44.7991376],[-91.5045987,44.7990315],[-91.5048178,44.7988847],[-91.5049041,44.7989982],[-91.5049243,44.7991162],[-91.5051311,44.7992966],[-91.5053179,44.7994425],[-91.5054533,44.7995584],[-91.5055367,44.7996038]]}},{"type":"Feature","id":490110820,"properties":{"name":"Putnam Trail","highway":"footway","surface":"dirt","category":"trail"},"geometry":{"type":"LineString","coordinates":[[-91.5255046,44.7963614],[-91.5254771,44.7964325],[-91.5254247,44.7964878],[-91.5253113,44.7965958],[-91.5252331,44.7966393],[-91.5251009,44.796663],[-91.5249439,44.7967189],[-91.5247722,44.7967778],[-91.5245297,44.7968073],[-91.5243023,44.7968662],[-91.5236963,44.7969946],[-91.5234698,44.7970572],[-91.5231018,44.7971487],[-91.5228904,44.7971822],[-91.5227321,44.7972104],[-91.522448,44.7972961],[-91.522185,44.797347],[-91.5216735,44.7974234],[-91.5205723,44.7975604],[-91.5202886,44.7976311],[-91.5199503,44.7976739],[-91.5197283,44.7977747],[-91.5195796,44.7978177],[-91.5194221,44.7977638],[-91.519323,44.7978016],[-91.5191901,44.7978979],[-91.518944,44.7979776],[-91.5187189,44.7979925],[-91.5184247,44.7980102],[-91.5182477,44.7979961],[-91.5174874,44.7981259],[-91.5168392,44.7984294],[-91.5167154,44.7984624],[-91.5165718,44.7984344],[-91.51632,44.7983226],[-91.516169,44.7982898],[-91.516014,44.7982149],[-91.5158854,44.7982398],[-91.5157231,44.798331],[-91.5155555,44.7983516],[-91.5151938,44.7983804],[-91.5149578,44.798493],[-91.5145431,44.7986141],[-91.5141203,44.7987295],[-91.5138073,44.7986372],[-91.5136121,44.7985506],[-91.5133031,44.7985102],[-91.5131618,44.7985374],[-91.5127036,44.7987326],[-91.5124172,44.7988691],[-91.5120815,44.7989775],[-91.5118273,44.7990902],[-91.5113102,44.7992227],[-91.5109989,44.7993228],[-91.5108888,44.7994003],[-91.5107168,44.799449],[-91.5106264,44.799455],[-91.5104842,44.7994374],[-91.5102232,44.7995268],[-91.5101296,44.7995309],[-91.509666,44.7996185],[-91.5093713,44.7996124],[-91.5091088,44.7995759],[-91.5086345,44.7996756],[-91.5081674,44.7997892],[-91.5077115,44.7999081],[-91.5075324,44.7999296],[-91.5072522,44.7999313],[-91.5069571,44.7999451],[-91.506485,44.8000025],[-91.5063585,44.8000122],[-91.5062561,44.8000003],[-91.5061682,44.7999586],[-91.5060906,44.7998919],[-91.5060101,44.7998333],[-91.505912,44.799801],[-91.5058384,44.7997842],[-91.5057252,44.7997092],[-91.5055367,44.7996038],[-91.5053014,44.7995586],[-91.5052095,44.7995507]]}},{"type":"Feature","id":490119651,"properties":{"name":null,"highway":"cycleway","surface":"asphalt","category":"trail"},"geometry":{"type":"LineString","coordinates":[[-91.4627998,44.8195065],[-91.4627399,44.819581],[-91.462659,44.8198112],[-91.4625028,44.8200609],[-91.4624621,44.8201721],[-91.4622471,44.8205257],[-91.4619436,44.821059],[-91.4618562,44.8211861],[-91.4617646,44.8212902],[-91.4616568,44.8213872],[-91.4614814,44.8215072],[-91.4612293,44.8216593],[-91.4610247,44.8217778],[-91.4608431,44.8218775],[-91.4606543,44.8219748],[-91.4595157,44.8224596],[-91.4592372,44.8225683],[-91.4590073,44.8226467],[-91.4586,44.8227787],[-91.4583786,44.8228466],[-91.4581599,44.8229215],[-91.4579291,44.8230131],[-91.4576987,44.8231173],[-91.457487,44.8232094],[-91.4573667,44.8232504],[-91.4572532,44.8232787],[-91.4571335,44.8232963],[-91.4570084,44.823305],[-91.4568843,44.8233096],[-91.4567684,44.8233091],[-91.4566395,44.8233055],[-91.4565236,44.823293],[-91.4564134,44.8232734],[-91.4562977,44.8232428],[-91.4557845,44.8230753],[-91.4545859,44.8226147],[-91.4537654,44.8223364],[-91.4537028,44.8223128],[-91.4536639,44.8222935],[-91.4536378,44.8222718],[-91.4536189,44.8222452],[-91.4536101,44.8222205],[-91.4536083,44.8221914],[-91.4536107,44.8221566],[-91.4536086,44.8221351],[-91.4535984,44.8221185],[-91.4535832,44.8221041],[-91.4534255,44.822003],[-91.4533571,44.8219354],[-91.4533066,44.8218677],[-91.4532621,44.8217922],[-91.453234,44.8217265],[-91.4532207,44.821642],[-91.4532149,44.8211461],[-91.4531655,44.8205827],[-91.4531582,44.8204227],[-91.4531327,44.8202475],[-91.4528083,44.818932],[-91.4526518,44.8184255],[-91.452635,44.8183494],[-91.4526368,44.818272],[-91.4526507,44.8181868]]}},{"type":"Feature","id":491338914,"properties":{"name":"Stairway to Heaven","highway":"path","surface":"dirt","category":"trail"},"geometry":{"type":"LineString","coordinates":[[-91.4525882,44.8539152],[-91.45187,44.853908],[-91.4517976,44.8538749],[-91.4517228,44.853802],[-91.4516118,44.8537889],[-91.4515291,44.8538053],[-91.4514707,44.8538533],[-91.451424,44.8539328],[-91.4513797,44.8539891],[-91.4513073,44.8540271],[-91.4512512,44.8540106],[-91.4511558,44.8539418],[-91.4511004,44.8539287],[-91.450936,44.8539676],[-91.4508613,44.8539907],[-91.4507936,44.8539858],[-91.4507153,44.8539352],[-91.4506325,44.8538782],[-91.4505437,44.8538633],[-91.4503756,44.8538931],[-91.4502775,44.8539262],[-91.4502425,44.8539427],[-91.4501748,44.853951],[-91.4501538,44.8539229],[-91.4501444,44.8538864],[-91.4501094,44.8538848],[-91.4500837,44.8539146],[-91.4500697,44.8539609],[-91.4500347,44.8539775],[-91.4500137,44.8539378],[-91.4499857,44.8539378],[-91.4499436,44.8539543],[-91.4499063,44.8539162],[-91.4498712,44.8539262],[-91.4498292,44.853999],[-91.4498059,44.8539891],[-91.4497755,44.8539344],[-91.4497475,44.8538847],[-91.4497201,44.8538435],[-91.4495724,44.8536895],[-91.4494605,44.8536039],[-91.4493552,44.8535024],[-91.4493596,44.8533346],[-91.4493178,44.8532376],[-91.4492361,44.8531631],[-91.4491521,44.8530935],[-91.4490797,44.8530406],[-91.4490283,44.853029],[-91.4490493,44.8531002],[-91.449096,44.853125],[-91.4491521,44.8531813],[-91.4491451,44.8532011],[-91.449089,44.8531763],[-91.4490447,44.8531531],[-91.4489746,44.8531283],[-91.4489326,44.8531002],[-91.4488695,44.8530505],[-91.4488695,44.8529992],[-91.4488252,44.8529628],[-91.4488018,44.8529876],[-91.4487831,44.8530571],[-91.4487785,44.8531035],[-91.4487785,44.8531664],[-91.4487411,44.8531846],[-91.4486851,44.85313],[-91.4486571,44.8530331],[-91.4486232,44.8529785],[-91.4486057,44.8528933],[-91.4485893,44.8528254],[-91.4485613,44.8528287],[-91.4485286,44.8529346],[-91.4484866,44.8530025],[-91.4484936,44.8530985],[-91.448531,44.853168],[-91.4485683,44.8532227],[-91.4485683,44.853269],[-91.448538,44.8532856],[-91.4484866,44.853221],[-91.4484049,44.8531548],[-91.4483792,44.8530472],[-91.4484119,44.8528966],[-91.4484259,44.8528171],[-91.4483885,44.8527079],[-91.4483087,44.8525424],[-91.4482204,44.8524016],[-91.448179,44.8523029],[-91.4481433,44.8522179],[-91.4480875,44.8521399],[-91.4480616,44.8521037],[-91.4479917,44.8520611],[-91.4479379,44.8520391],[-91.4478818,44.8519994],[-91.4478445,44.8519779],[-91.4478071,44.8519116],[-91.4477514,44.851807],[-91.4477604,44.8517688],[-91.4478086,44.8517489],[-91.4478773,44.851735],[-91.4481046,44.8516786],[-91.4481529,44.8516332],[-91.4481658,44.8515732],[-91.4481498,44.8514019],[-91.4481389,44.8513299],[-91.4481328,44.8512728],[-91.4481795,44.8511868],[-91.4482986,44.8511118],[-91.4484358,44.8510659],[-91.4485781,44.8510437],[-91.4486944,44.850973],[-91.4488182,44.8508886],[-91.4489139,44.8508323],[-91.4490058,44.8508013],[-91.4491084,44.8507797],[-91.4492198,44.8507654],[-91.4498199,44.850786],[-91.4498736,44.8507959],[-91.4499623,44.8508323],[-91.450037,44.8508456],[-91.4501024,44.8508356],[-91.4502308,44.8508605],[-91.4503196,44.850877],[-91.4504013,44.8509168],[-91.4505204,44.8509118],[-91.4506745,44.8509449],[-91.4507982,44.8509515],[-91.4508986,44.8509714],[-91.4510107,44.8509929],[-91.4510995,44.8510128],[-91.4511718,44.8510244],[-91.4512255,44.8510376],[-91.4512746,44.8510475],[-91.451347,44.8510442],[-91.4514333,44.8510425],[-91.451452,44.8510596]]}},{"type":"Feature","id":491347029,"properties":{"name":"Salamander","highway":"path","surface":null,"category":"trail"},"geometry":{"type":"LineString","coordinates":[[-91.4515549,44.8510889],[-91.451579,44.8510851],[-91.4516622,44.8510775],[-91.4517614,44.8510699],[-91.451858,44.8510794],[-91.4519616,44.8510796],[-91.452085,44.8510891],[-91.4522312,44.8511167],[-91.4523532,44.8511528],[-91.4524699,44.8511851],[-91.4525718,44.8512041],[-91.4526966,44.8512441],[-91.4529138,44.8512792],[-91.4531029,44.8513097],[-91.4532411,44.8513496],[-91.453343,44.8513848],[-91.4533993,44.8514295],[-91.4534784,44.8514466],[-91.4536313,44.8514466],[-91.4537319,44.8514323],[-91.4538419,44.8514066],[-91.4539545,44.8514095],[-91.4540497,44.8513952],[-91.4541476,44.8513686],[-91.4542557,44.8513128]]}},{"type":"Feature","id":491347030,"properties":{"name":"Slingshot","highway":"path","surface":"dirt","category":"trail"},"geometry":{"type":"LineString","coordinates":[[-91.451452,44.8510596],[-91.4514156,44.8510575],[-91.4513324,44.8510822],[-91.4511527,44.8510708],[-91.451122,44.8510637],[-91.4510154,44.8510227],[-91.4508636,44.8509929],[-91.4507445,44.8509797],[-91.4505998,44.8509664],[-91.4504947,44.8509697],[-91.4503126,44.8509416],[-91.4501511,44.8509198],[-91.4500601,44.8509134],[-91.4500259,44.8508889],[-91.449928,44.8508836],[-91.4498399,44.85089],[-91.4497566,44.8508953],[-91.4496733,44.8508842],[-91.4495879,44.8508545],[-91.4494077,44.8508345],[-91.4491508,44.8508397],[-91.4489486,44.8508988],[-91.4488501,44.8509359],[-91.4487909,44.8509662],[-91.4487708,44.8510119],[-91.4486938,44.8510692],[-91.4486436,44.8511036],[-91.4485445,44.8511357],[-91.4484291,44.8511677],[-91.4483427,44.8512097],[-91.4482904,44.8512656],[-91.4482679,44.8513301],[-91.4482663,44.851388],[-91.4482743,44.8514456],[-91.4483492,44.8514889],[-91.4484222,44.8515424],[-91.4484058,44.8516022],[-91.4483576,44.8516542],[-91.4482929,44.8516924],[-91.4481239,44.8517439],[-91.4480373,44.8517634],[-91.4479682,44.8518058],[-91.4479377,44.8518453],[-91.4478991,44.8518867],[-91.4478864,44.8519325],[-91.447906,44.8519647],[-91.4479499,44.8519768],[-91.4479794,44.8519525],[-91.4480338,44.8519236],[-91.448065,44.8518923],[-91.4481198,44.8518975],[-91.4481511,44.8519617],[-91.4482928,44.8519779],[-91.4483763,44.8519708],[-91.4484164,44.8519446],[-91.4484681,44.8519187],[-91.4485388,44.8519083],[-91.4485933,44.8519085],[-91.4486275,44.8518742],[-91.448642,44.8518343],[-91.4486569,44.8517957],[-91.4486934,44.8517743],[-91.4487386,44.8517697],[-91.4488512,44.8517754],[-91.4489351,44.851773],[-91.4489946,44.8517515],[-91.4490651,44.8517013],[-91.4491058,44.8516654],[-91.4491583,44.8516452],[-91.4492026,44.8516442],[-91.4492576,44.8516631],[-91.4493167,44.8516983],[-91.4493635,44.8517582],[-91.4494145,44.8518571],[-91.4494681,44.851956],[-91.4494949,44.8519856],[-91.4495352,44.8519959],[-91.4496237,44.8519959],[-91.4497927,44.8519902],[-91.449908,44.851994],[-91.4500238,44.8519968],[-91.4501843,44.8520092]]}},{"type":"Feature","id":491348147,"properties":{"name":"Dogger","highway":"path","surface":"dirt","category":"trail"},"geometry":{"type":"LineString","coordinates":[[-91.451452,44.8510596],[-91.4514695,44.8510815],[-91.4514905,44.8510775],[-91.4515173,44.8510889],[-91.4515549,44.8510889],[-91.451579,44.8511155],[-91.4516568,44.8511212],[-91.451748,44.8511402],[-91.4518472,44.8511517],[-91.4519992,44.8511813],[-91.4520528,44.8512184],[-91.4520891,44.8512288],[-91.4520998,44.8512412],[-91.452077,44.851245],[-91.4519576,44.8512574],[-91.4518305,44.8512674],[-91.4516827,44.8513024],[-91.4515227,44.8513627],[-91.4514985,44.8514008],[-91.4514771,44.8514293],[-91.4514208,44.8514236],[-91.4513725,44.8514274],[-91.4513188,44.8513951],[-91.4512652,44.8513798],[-91.4512142,44.8513342],[-91.4510882,44.8512905],[-91.4509532,44.8512474],[-91.4508841,44.8512056],[-91.4508516,44.8512013],[-91.4508739,44.8512532],[-91.450937,44.8512877],[-91.4510366,44.8513252],[-91.4511057,44.8513872],[-91.4512577,44.851507],[-91.4513211,44.8515356],[-91.4513496,44.8515601],[-91.4513903,44.8515644],[-91.4513821,44.851586],[-91.4513557,44.851586],[-91.4512561,44.8515515],[-91.4511443,44.8515169],[-91.4510427,44.8514938],[-91.4510142,44.8514996],[-91.4510345,44.8515183],[-91.4510732,44.8515327],[-91.4511155,44.8515613],[-91.4511931,44.8516134],[-91.4511789,44.8516336],[-91.4511341,44.8516206],[-91.4509706,44.8515499],[-91.4508992,44.8515178],[-91.4508607,44.8515005],[-91.4507621,44.8514434],[-91.4506503,44.8514434],[-91.4505446,44.8514722],[-91.4504389,44.851501],[-91.4502987,44.8514881],[-91.4501523,44.851478],[-91.450008,44.8514736],[-91.4499125,44.8514477],[-91.4498539,44.8514639],[-91.4497803,44.8514549],[-91.4497051,44.8514477],[-91.4496482,44.8514506],[-91.4496482,44.8514736],[-91.4497153,44.8514981],[-91.4497986,44.8515313],[-91.449884,44.8515716],[-91.4499389,44.8516048],[-91.450006,44.8516221],[-91.4500731,44.8516595],[-91.4501645,44.8516826],[-91.4502133,44.8517143],[-91.450256,44.8517374],[-91.4503292,44.8517604],[-91.4503658,44.851782],[-91.4504279,44.8518615],[-91.4504709,44.8519182],[-91.450514,44.8519441],[-91.4505628,44.8519472],[-91.4506086,44.8519355],[-91.450628,44.8519016],[-91.4506697,44.8518667],[-91.4507395,44.8518495],[-91.4508097,44.8518523],[-91.4508882,44.8518627],[-91.4509431,44.8518901],[-91.4510142,44.851929],[-91.4512358,44.8520458],[-91.4512683,44.8520976],[-91.4513008,44.8521351],[-91.4512724,44.8521769],[-91.4513374,44.8522273],[-91.4513313,44.8522806],[-91.4513628,44.8523165],[-91.451435,44.8523585],[-91.4514472,44.8524175],[-91.4514065,44.8524536],[-91.4513408,44.8524721],[-91.4512437,44.8524969],[-91.4511992,44.8525588],[-91.4512154,44.8526006],[-91.4512818,44.8526205],[-91.451322,44.8526528],[-91.4513313,44.8526928],[-91.4513086,44.8527326],[-91.4512297,44.8527576],[-91.4510996,44.8528556]]}},{"type":"Feature","id":491441109,"properties":{"name":null,"highway":"footway","surface":"dirt","category":"trail"},"geometry":{"type":"LineString","coordinates":[[-91.4945579,44.8586045],[-91.4946046,44.858665],[-91.4946636,44.8587356],[-91.4947347,44.8588091],[-91.4948059,44.8588639],[-91.494938,44.8588898],[-91.4950417,44.8588826],[-91.4951738,44.8588307],[-91.4952876,44.85875],[-91.4953242,44.858629],[-91.4953222,44.8585065],[-91.4952653,44.8583567],[-91.4950905,44.8582039],[-91.4950295,44.8580786],[-91.4948994,44.8578034],[-91.4948587,44.8576333],[-91.4948913,44.8574907],[-91.4949748,44.8570585],[-91.4948997,44.8568456],[-91.4948218,44.8565391],[-91.4948006,44.8564398],[-91.4947987,44.856431],[-91.4948094,44.8563447],[-91.4948541,44.856277],[-91.4950159,44.8561362],[-91.4951252,44.8560302],[-91.4953117,44.8558031],[-91.4954565,44.8555869],[-91.4955905,44.8554285],[-91.4957276,44.8552931],[-91.4958801,44.8551544],[-91.4961066,44.8550528],[-91.4963007,44.8549698],[-91.4963931,44.8549109],[-91.496407,44.8548552],[-91.4963607,44.8547995],[-91.4962683,44.8546946],[-91.4962853,44.8546007],[-91.496376,44.8544165],[-91.4964379,44.8543249],[-91.4965123,44.8542409],[-91.4965884,44.8541957],[-91.4966485,44.8541418],[-91.496714,44.8540778],[-91.4968007,44.8540101],[-91.4969564,44.8539649],[-91.4970856,44.8539549],[-91.4972573,44.8539988],[-91.4975386,44.8540653],[-91.4976572,44.8540765],[-91.4977705,44.8540979],[-91.497974,44.8541317],[-91.4981191,44.8541506],[-91.4982129,44.8541418],[-91.4983013,44.8541819],[-91.498365,44.8542208],[-91.4984482,44.8542559],[-91.4985544,44.8542748],[-91.4986694,44.8543023],[-91.4987667,44.8543262],[-91.4988818,44.8543412],[-91.4989862,44.8543601],[-91.4990658,44.8543826],[-91.4991118,44.8543914],[-91.499241,44.8543751],[-91.4995224,44.8543387],[-91.4997113,44.8543375],[-91.4999588,44.8542944],[-91.5000849,44.8542382],[-91.5001316,44.8541223],[-91.5001129,44.8540329],[-91.5000709,44.85397],[-91.5000942,44.8538939],[-91.500116,44.8537724],[-91.5001261,44.8536485],[-91.5001282,44.853562],[-91.5001241,44.8534453],[-91.5000387,44.8533387],[-91.4999371,44.8532435],[-91.499872,44.8531542],[-91.4998314,44.8530605],[-91.4998416,44.8529942],[-91.4998375,44.8529092],[-91.4997846,44.8527853],[-91.4997298,44.8526311],[-91.4996708,44.8524956],[-91.4996403,44.852451],[-91.4996383,44.8523472],[-91.4995732,44.8522723],[-91.4995265,44.8521613],[-91.4994594,44.852095],[-91.49937,44.852023],[-91.4993415,44.8519841],[-91.4993191,44.8519019],[-91.4993323,44.8517171],[-91.4992957,44.8515644],[-91.4993201,44.8514793],[-91.4994197,44.8513136],[-91.4994665,44.8511911],[-91.4994543,44.8510412],[-91.4994279,44.8509764],[-91.4994197,44.8509332],[-91.4993994,44.8508669],[-91.4994584,44.8507761],[-91.4996027,44.8506608],[-91.499749,44.8505354]]}},{"type":"Feature","id":491441110,"properties":{"name":null,"highway":"footway","surface":"dirt","category":"trail"},"geometry":{"type":"LineString","coordinates":[[-91.4935187,44.8544777],[-91.4936574,44.8545564],[-91.4938022,44.8547093],[-91.4940148,44.854884],[-91.4940333,44.8551155],[-91.4940456,44.8553689],[-91.4940887,44.855631],[-91.4941627,44.8558843],[-91.4942767,44.8561158],[-91.4944646,44.8562163],[-91.4946156,44.8563102],[-91.4948006,44.8564398],[-91.4948775,44.8564937],[-91.4949946,44.8566051],[-91.4951702,44.8567121],[-91.4953273,44.856782],[-91.4954814,44.8568803],[-91.4955337,44.8569611],[-91.4956662,44.857055],[-91.4959867,44.857186],[-91.4962763,44.857269],[-91.496601,44.8574434]]}},{"type":"Feature","id":491441111,"properties":{"name":null,"highway":"footway","surface":"dirt","category":"trail"},"geometry":{"type":"LineString","coordinates":[[-91.4944646,44.8562163],[-91.4945786,44.8562556],[-91.4947203,44.8562906],[-91.4947881,44.8563015],[-91.4948541,44.856277]]}},{"type":"Feature","id":491441112,"properties":{"name":null,"highway":"footway","surface":"dirt","category":"trail"},"geometry":{"type":"LineString","coordinates":[[-91.496601,44.8574434],[-91.4966001,44.8575064],[-91.4967316,44.8578929],[-91.4968356,44.8579257],[-91.4969324,44.8579889],[-91.497005,44.8580659],[-91.4972895,44.8581751],[-91.4975869,44.8582033],[-91.4978244,44.8582206],[-91.4985015,44.8585153],[-91.4988471,44.8585749],[-91.4991078,44.8586492],[-91.4992768,44.8587304],[-91.4995009,44.8588926],[-91.4998091,44.8591542],[-91.5000104,44.859339],[-91.5001615,44.8595442],[-91.5004634,44.860033],[-91.5005506,44.8600809],[-91.5006377,44.8600979],[-91.500973,44.860112],[-91.5010515,44.8601484],[-91.5011001,44.8602205],[-91.5010692,44.8609839],[-91.5011021,44.8610302],[-91.5011755,44.8610389],[-91.502671,44.8608637],[-91.5027128,44.8608412],[-91.5027247,44.8607982],[-91.5026669,44.860503],[-91.5025514,44.8603769],[-91.5025021,44.8602636],[-91.5024265,44.8601443],[-91.5023512,44.8600973],[-91.5022937,44.8600148],[-91.5021872,44.8599383],[-91.5021733,44.8598925],[-91.5022057,44.8598074],[-91.5021986,44.8597687],[-91.5021736,44.8597177],[-91.5021183,44.8596007],[-91.5019983,44.8592565],[-91.5018936,44.8590796],[-91.5018436,44.859033],[-91.5018204,44.8589762],[-91.5018161,44.8589241],[-91.5018282,44.8588537],[-91.5018547,44.8587972],[-91.5018982,44.8587642],[-91.5019665,44.8587452],[-91.5019927,44.8587265],[-91.5022748,44.8585254],[-91.5023495,44.8584507],[-91.5023814,44.8583682],[-91.5023591,44.8581234],[-91.502288,44.8580567],[-91.5018781,44.8577814],[-91.5017913,44.8576777],[-91.5017656,44.857623],[-91.5017757,44.8575749],[-91.5018377,44.8574933],[-91.5018712,44.8574443],[-91.5018943,44.8572171],[-91.5018347,44.8570293],[-91.501855,44.856952],[-91.5017893,44.8568432],[-91.5017063,44.8567667],[-91.5016463,44.8566114],[-91.5015609,44.8564049],[-91.501481,44.856231],[-91.501431,44.8557421],[-91.5014288,44.8556162],[-91.5015054,44.8548707],[-91.5015505,44.8546367],[-91.5018229,44.8545792],[-91.5019123,44.8544702],[-91.5019946,44.854346],[-91.5021555,44.8538085],[-91.5021626,44.8536868],[-91.5021054,44.8533217],[-91.5020375,44.8531899],[-91.5020124,44.8531113],[-91.5020339,44.8530175],[-91.5020554,44.85284],[-91.5020267,44.8527336],[-91.5020875,44.8524293],[-91.5020267,44.8522848],[-91.5019195,44.852158],[-91.5018122,44.8520592],[-91.501662,44.8519907],[-91.5014382,44.8519831]]}},{"type":"Feature","id":491441114,"properties":{"name":null,"highway":"footway","surface":"dirt","category":"trail"},"geometry":{"type":"LineString","coordinates":[[-91.496601,44.8574434],[-91.4968068,44.8574142],[-91.4969224,44.8573114],[-91.4971775,44.8571742],[-91.4972834,44.8570999],[-91.4973111,44.8570032],[-91.4973111,44.8569042],[-91.4971785,44.8564188],[-91.4971873,44.8563167],[-91.4972318,44.8562146],[-91.4972358,44.8561249],[-91.4971683,44.856048],[-91.4970626,44.8559907],[-91.4970428,44.855903],[-91.4970549,44.8558113],[-91.4971736,44.8556229],[-91.4975985,44.8551532],[-91.4977801,44.8549937],[-91.4981485,44.8549383],[-91.4985177,44.8549108],[-91.498942,44.8549159],[-91.49936,44.8549817],[-91.499747,44.8549763],[-91.5000778,44.8549168],[-91.5009579,44.8545556],[-91.5011109,44.8545471],[-91.5012666,44.8545455],[-91.5013509,44.8544961],[-91.5013793,44.8540522],[-91.5015582,44.8531357],[-91.5015338,44.8521904],[-91.5014382,44.8519831],[-91.5012755,44.851874],[-91.5008554,44.8515848],[-91.5006196,44.8512797],[-91.5003077,44.8509731],[-91.499749,44.8505354],[-91.4994113,44.8502743],[-91.4991989,44.85011],[-91.4989676,44.8498007],[-91.4987659,44.8496293],[-91.4982703,44.8493925],[-91.4979954,44.8491187],[-91.4969148,44.8478556],[-91.4963535,44.8472833],[-91.4959911,44.8467686],[-91.4955186,44.8459346],[-91.4954816,44.8457363],[-91.4955796,44.845521],[-91.4957144,44.8454106],[-91.4957019,44.8453617],[-91.4956524,44.845297],[-91.4952043,44.8451207],[-91.4950814,44.8450481],[-91.494918,44.8449057],[-91.4947183,44.8447499],[-91.4947011,44.8446746],[-91.4947087,44.8445874],[-91.4948138,44.8444118],[-91.4944273,44.844163]]}},{"type":"Feature","id":491441117,"properties":{"name":null,"highway":"footway","surface":"dirt","category":"trail"},"geometry":{"type":"LineString","coordinates":[[-91.5000886,44.8613778],[-91.4996629,44.8612551],[-91.4992157,44.8612033],[-91.498736,44.8610938],[-91.4986221,44.8610477],[-91.4985815,44.8608921],[-91.4984026,44.8607826],[-91.498053,44.8607364],[-91.497744,44.8606039],[-91.4973781,44.8605924],[-91.4972643,44.8605578],[-91.496996,44.8596183],[-91.4969065,44.8595319],[-91.4964593,44.8593936],[-91.4961991,44.8592956],[-91.4960528,44.859163],[-91.4958495,44.8590823],[-91.4955486,44.8589498],[-91.4953454,44.8588172],[-91.4952876,44.85875]]}},{"type":"Feature","id":491441118,"properties":{"name":null,"highway":"footway","surface":"dirt","category":"trail"},"geometry":{"type":"LineString","coordinates":[[-91.4960528,44.859163],[-91.4961855,44.8588145],[-91.4963723,44.8583842],[-91.4964886,44.8582406],[-91.496607,44.8580019],[-91.4966713,44.8579171],[-91.4967316,44.8578929]]}},{"type":"Feature","id":493064076,"properties":{"name":"Chippewa River State Trail","highway":"cycleway","surface":"concrete","category":"trail"},"geometry":{"type":"LineString","coordinates":[[-91.5137951,44.8011517],[-91.512517,44.8011498],[-91.5117208,44.801153]]}},{"type":"Feature","id":502683885,"properties":{"name":"Grass Drags","highway":"path","surface":"grass","category":"trail"},"geometry":{"type":"LineString","coordinates":[[-91.454725,44.8527646],[-91.4545862,44.8528048],[-91.4543556,44.8528457],[-91.4541463,44.8528476],[-91.4539854,44.8528382],[-91.4537913,44.8527924],[-91.4536465,44.8527443],[-91.4535572,44.8526722],[-91.4533261,44.8525739],[-91.4531135,44.8524997],[-91.4528701,44.8524473],[-91.4527407,44.8524058],[-91.4526328,44.852349],[-91.4524849,44.8523293],[-91.4522816,44.8522922],[-91.4521584,44.8522616],[-91.4520228,44.8521939],[-91.4519365,44.8521764],[-91.4518626,44.8521895],[-91.4517948,44.8521895],[-91.4516592,44.8521546],[-91.4515668,44.8521437],[-91.4514528,44.8520978],[-91.4513923,44.8520702],[-91.4513069,44.8520486],[-91.4512358,44.8520458]]}},{"type":"Feature","id":596275090,"properties":{"name":"Carson Park Drive","highway":"tertiary","surface":"asphalt","category":"lane"},"geometry":{"type":"LineString","coordinates":[[-91.5166031,44.8079927],[-91.516296,44.8079691]]}},{"type":"Feature","id":596966452,"properties":{"name":null,"highway":"cycleway","surface":"asphalt","category":"trail"},"geometry":{"type":"LineString","coordinates":[[-91.5009792,44.805866],[-91.5004267,44.8058584],[-91.5003533,44.8058699],[-91.5003086,44.8058847],[-91.5002749,44.8059124],[-91.500196,44.8060464],[-91.5001002,44.8062212]]}},{"type":"Feature","id":612253474,"properties":{"name":null,"highway":"cycleway","surface":"paved","category":"trail"},"geometry":{"type":"LineString","coordinates":[[-91.4618109,44.8196997],[-91.4645306,44.8208539]]}},{"type":"Feature","id":612253475,"properties":{"name":null,"highway":"cycleway","surface":"paved","category":"trail"},"geometry":{"type":"LineString","coordinates":[[-91.4645306,44.8208539],[-91.4648874,44.821024],[-91.4654262,44.8212909],[-91.4657072,44.8214037],[-91.4659338,44.8215141],[-91.465987,44.821553],[-91.4659998,44.8215921]]}},{"type":"Feature","id":612253476,"properties":{"name":null,"highway":"cycleway","surface":"asphalt","category":"trail"},"geometry":{"type":"LineString","coordinates":[[-91.4540341,44.8181462],[-91.4549547,44.8181523]]}},{"type":"Feature","id":612253478,"properties":{"name":null,"highway":"cycleway","surface":"asphalt","category":"trail"},"geometry":{"type":"LineString","coordinates":[[-91.4511032,44.8181336],[-91.4511981,44.8181374],[-91.4512629,44.8181396],[-91.4513643,44.8181468],[-91.4526507,44.8181868],[-91.4531216,44.8181869]]}},{"type":"Feature","id":628945895,"properties":{"name":"Craig Road","highway":"tertiary","surface":null,"category":"lane"},"geometry":{"type":"LineString","coordinates":[[-91.519076,44.7925924],[-91.5190781,44.792275],[-91.5190772,44.7920852],[-91.5190768,44.7919935],[-91.5190757,44.7918226],[-91.5190743,44.7915515],[-91.5190738,44.7914582],[-91.519073,44.7912956],[-91.5190706,44.7910859],[-91.5190606,44.7908663],[-91.5190583,44.7906356],[-91.5190561,44.7903527],[-91.5190553,44.7902393],[-91.5190467,44.7899758],[-91.5190454,44.7899398],[-91.5190277,44.7897069]]}},{"type":"Feature","id":658562616,"properties":{"name":null,"highway":"cycleway","surface":"asphalt","category":"trail"},"geometry":{"type":"LineString","coordinates":[[-91.4308024,44.7950553],[-91.4304117,44.7972173],[-91.430394,44.7972956],[-91.4303782,44.7973798],[-91.4301007,44.7990252],[-91.4300815,44.7991022],[-91.4300097,44.799568],[-91.4299996,44.7996447],[-91.4299811,44.7998701],[-91.429977,44.8000689],[-91.429983,44.8003192],[-91.4300094,44.8008022],[-91.4301332,44.8020405],[-91.4301407,44.8021747],[-91.4301377,44.8027972]]}},{"type":"Feature","id":658588838,"properties":{"name":null,"highway":"cycleway","surface":"asphalt","category":"trail"},"geometry":{"type":"LineString","coordinates":[[-91.4578826,44.8087742],[-91.4578857,44.8084735],[-91.4578734,44.8084166],[-91.4578534,44.8083614],[-91.4578136,44.8083056],[-91.4577648,44.8082601],[-91.4577106,44.8082217],[-91.4576452,44.8081913],[-91.4575708,44.8081686],[-91.4573648,44.8081267],[-91.457268,44.808097],[-91.4571845,44.8080571],[-91.4571166,44.8080198],[-91.4570604,44.8079781],[-91.4569743,44.8079007],[-91.4569063,44.8078067],[-91.456865,44.8077022],[-91.456857,44.807615],[-91.4568609,44.8075144],[-91.4568947,44.8074302],[-91.4569645,44.807335],[-91.4570433,44.8072365],[-91.457069,44.8071844],[-91.4570704,44.8071361],[-91.4570466,44.8070959],[-91.4570017,44.8070659],[-91.4569414,44.807048],[-91.4568724,44.8070485],[-91.4568114,44.8070609],[-91.4564559,44.8072054],[-91.4563285,44.8072881],[-91.4562383,44.8073761],[-91.4562056,44.8074365],[-91.4562032,44.8074715],[-91.4562093,44.8074919],[-91.4562229,44.8075124],[-91.4562253,44.8075433],[-91.4562025,44.8075774],[-91.456154,44.8076505],[-91.4561411,44.8076849],[-91.456002,44.8084805],[-91.4559616,44.8092625],[-91.4559273,44.8096924],[-91.4559567,44.8097378],[-91.455985,44.8097892],[-91.4559944,44.8098434],[-91.4559743,44.8098903],[-91.4559275,44.8099372],[-91.4558908,44.8099773],[-91.4558885,44.8100227],[-91.4559074,44.8100624],[-91.4559715,44.8101249],[-91.4560652,44.8101864],[-91.4562138,44.8102594],[-91.4564822,44.8103561]]}},{"type":"Feature","id":660795780,"properties":{"name":null,"highway":"footway","surface":"concrete","category":"trail"},"geometry":{"type":"LineString","coordinates":[[-91.5188746,44.8049412],[-91.5188078,44.8049648],[-91.5187146,44.804973],[-91.5186457,44.8049548],[-91.5185249,44.8049524],[-91.5184007,44.8049747],[-91.5183272,44.8049781]]}},{"type":"Feature","id":660803768,"properties":{"name":"Putnam Trail","highway":"cycleway","surface":"gravel","category":"trail"},"geometry":{"type":"LineString","coordinates":[[-91.4955299,44.794521],[-91.4955719,44.7945209],[-91.4957917,44.7945346],[-91.4973153,44.7947575],[-91.4978085,44.7948662],[-91.4983129,44.7950076],[-91.49919,44.7952473],[-91.499626,44.7953996],[-91.5004211,44.7956085],[-91.5008205,44.795774],[-91.5015474,44.7960893],[-91.501849,44.7962296],[-91.5020141,44.7963148],[-91.5026523,44.7967783]]}},{"type":"Feature","id":660803769,"properties":{"name":"Putnam Trail","highway":"cycleway","surface":"gravel","category":"trail"},"geometry":{"type":"LineString","coordinates":[[-91.483052,44.8022445],[-91.4826995,44.80218],[-91.4824954,44.8020566],[-91.4823088,44.8018009],[-91.4820098,44.8013484],[-91.4818074,44.8010299],[-91.4816614,44.8007287],[-91.4816505,44.8004201],[-91.4817608,44.7990625],[-91.4818293,44.7982191],[-91.4818884,44.7979383],[-91.4820962,44.7976234],[-91.4823495,44.7973222],[-91.4825295,44.7971039],[-91.4827966,44.7969379],[-91.4838681,44.7964804],[-91.4844022,44.7962357],[-91.4846536,44.7961159],[-91.4851528,44.7957891],[-91.485682,44.7954825],[-91.4861683,44.7952573],[-91.4874143,44.794878],[-91.4882515,44.7946589],[-91.4888375,44.7945617],[-91.4890878,44.7945637],[-91.4892701,44.794552],[-91.4895277,44.7944916],[-91.4908157,44.7943181],[-91.4909941,44.7943104],[-91.4921954,44.7943075],[-91.4928459,44.7943046],[-91.4932866,44.7943273],[-91.4945285,44.7944545],[-91.4950363,44.7944878],[-91.4951454,44.7944936]]}},{"type":"Feature","id":667557004,"properties":{"name":null,"highway":"footway","surface":"dirt","category":"trail"},"geometry":{"type":"LineString","coordinates":[[-91.4595988,44.7994459],[-91.4595123,44.7994511],[-91.4589514,44.7994846],[-91.4583842,44.7994042],[-91.458091,44.799386],[-91.4577849,44.7994329],[-91.4575942,44.7994621],[-91.4572986,44.7994752],[-91.4572689,44.7994765],[-91.4571957,44.7994996],[-91.4571296,44.7995277]]}},{"type":"Feature","id":668123233,"properties":{"name":"Ski Trail","highway":"path","surface":"grass","category":"trail"},"geometry":{"type":"LineString","coordinates":[[-91.4661706,44.7577388],[-91.4660038,44.7572612],[-91.4660251,44.7571054],[-91.4660746,44.7569446],[-91.4661997,44.7567745],[-91.4663395,44.7564692],[-91.4665377,44.7562392],[-91.4667093,44.7560746],[-91.4667429,44.7559791],[-91.4667235,44.755876],[-91.4667329,44.7556075],[-91.4667329,44.7554065],[-91.466655,44.7550245],[-91.4666126,44.7549089],[-91.4664772,44.7547927],[-91.4661634,44.7546689],[-91.4656645,44.7545108],[-91.4652354,44.7543793],[-91.4648642,44.7544012],[-91.4646006,44.7545934],[-91.4644418,44.7546531],[-91.4640781,44.7550581],[-91.4640856,44.7550647],[-91.4640219,44.7554216],[-91.4639652,44.7562258],[-91.4638344,44.7564029],[-91.4638174,44.7564974],[-91.4638913,44.756668],[-91.4639159,44.7572281],[-91.4639159,44.7573936],[-91.4639159,44.7574688],[-91.4638616,44.7581476],[-91.4638332,44.7585013],[-91.4637375,44.759696],[-91.4637093,44.7600475],[-91.4636712,44.7601609]]}},{"type":"Feature","id":668123234,"properties":{"name":"Ski Trail","highway":"path","surface":"grass","category":"trail"},"geometry":{"type":"LineString","coordinates":[[-91.4638616,44.7581476],[-91.4627267,44.7580989],[-91.4601285,44.7579544]]}},{"type":"Feature","id":668123239,"properties":{"name":"Walking Trail","highway":"footway","surface":null,"category":"trail"},"geometry":{"type":"LineString","coordinates":[[-91.4701752,44.7570336],[-91.4705476,44.7571077],[-91.4707062,44.7571308],[-91.470942,44.7572636],[-91.4710883,44.7572925],[-91.4718432,44.757226],[-91.4722023,44.7571943],[-91.4724066,44.7573453],[-91.4724824,44.7574014],[-91.4725502,44.7575808],[-91.4726673,44.7578893],[-91.4730586,44.7590357],[-91.4733389,44.7597358],[-91.4734508,44.7599684],[-91.4735084,44.760088],[-91.4735423,44.7602434],[-91.4735525,44.7603141],[-91.4735621,44.7603806],[-91.4735793,44.7604993],[-91.473493,44.7607115],[-91.4732927,44.7608603],[-91.4732807,44.760899]]}},{"type":"Feature","id":668123240,"properties":{"name":"Ski Trail","highway":"path","surface":"grass","category":"trail"},"geometry":{"type":"LineString","coordinates":[[-91.4702706,44.757153],[-91.4704648,44.7572244],[-91.4707356,44.7574267],[-91.4709458,44.7574764],[-91.4714221,44.7574466],[-91.4717303,44.75743],[-91.4718977,44.7574164],[-91.4720199,44.7574134],[-91.4721787,44.7574532],[-91.4722627,44.7575527],[-91.4723838,44.7581168],[-91.4725149,44.7586437],[-91.472604,44.7590686],[-91.472613,44.7591113],[-91.4729866,44.759801],[-91.4732621,44.7601459],[-91.4733649,44.760226],[-91.4734536,44.7602951],[-91.4735525,44.7603141],[-91.4737291,44.7603481],[-91.4739393,44.7603448],[-91.4746724,44.7606963],[-91.4752375,44.7608124],[-91.4756485,44.7608389],[-91.4761201,44.7606797],[-91.4765638,44.7604907],[-91.4769654,44.7603581],[-91.477297,44.7602719],[-91.4774931,44.760252],[-91.4776846,44.7602984],[-91.4778294,44.7604476],[-91.4779648,44.7606167],[-91.4780675,44.7606731],[-91.478287,44.7606864],[-91.4786326,44.760557],[-91.4788843,44.7603193],[-91.4790022,44.7603337],[-91.479055,44.7603972],[-91.4788883,44.7605762],[-91.4785468,44.7609197],[-91.4783842,44.7610698],[-91.4781728,44.7611593],[-91.4778923,44.7611622],[-91.4775385,44.7612319],[-91.4774085,44.7612575],[-91.4770995,44.7613931],[-91.4767052,44.7616154],[-91.4764734,44.7617251],[-91.4758677,44.7616876],[-91.4753107,44.7615519],[-91.47477,44.7615404],[-91.4740301,44.7614768],[-91.4738268,44.7613383],[-91.4737252,44.7610294],[-91.4736439,44.7609717],[-91.4733349,44.7608966],[-91.4732807,44.760899],[-91.4731921,44.760903],[-91.4729116,44.7609434],[-91.4725497,44.7609723],[-91.4723587,44.7609694],[-91.4719806,44.7608943],[-91.4717936,44.7608193],[-91.4714805,44.7606634],[-91.4711756,44.7604786],[-91.471074,44.7602217],[-91.4709845,44.7598609],[-91.4709032,44.7595433],[-91.470891,44.7594481],[-91.4708949,44.7593992],[-91.4708992,44.7593095],[-91.4709664,44.7590563],[-91.4706585,44.7584138],[-91.4706371,44.7583692],[-91.4704135,44.7575783],[-91.4702874,44.7571741],[-91.4702706,44.757153],[-91.4701752,44.7570336],[-91.470133,44.7569807],[-91.4698108,44.7569322],[-91.4695878,44.756887],[-91.4694852,44.7568317],[-91.4694109,44.7566784],[-91.469333,44.7565728],[-91.4692835,44.7564346],[-91.4692835,44.7562637],[-91.4692941,44.7561381],[-91.4693436,44.7560099],[-91.4695524,44.7559043],[-91.4697966,44.7557912],[-91.4698993,44.7556882],[-91.4698957,44.7555198],[-91.4697259,44.7553992],[-91.4695206,44.755276],[-91.4695241,44.7551453],[-91.4696374,44.7549342],[-91.4697435,44.7547382],[-91.4698143,44.7545673],[-91.4699099,44.7544215],[-91.4699347,44.7543436],[-91.469786,44.7542607],[-91.4696532,44.7541428],[-91.4695638,44.7539898],[-91.4696004,44.7538397],[-91.4697711,44.7537559],[-91.4700191,44.7537704],[-91.4702926,44.7537753],[-91.4705639,44.7537617],[-91.4707997,44.7537271],[-91.470946,44.7536318],[-91.4709664,44.7534845],[-91.4708769,44.7533777],[-91.4706371,44.75332],[-91.470385,44.7533258],[-91.4701817,44.7532449],[-91.4698768,44.7531929],[-91.4696639,44.7533037],[-91.4695878,44.7533433],[-91.4694569,44.753474],[-91.4694144,44.7536097],[-91.469287,44.7539038],[-91.4692233,44.7542556],[-91.4691737,44.7545648],[-91.4692021,44.7546879],[-91.4691896,44.7547401],[-91.4691702,44.7548211],[-91.4690959,44.7549041],[-91.4690676,44.7549795],[-91.4690994,44.7551378],[-91.4690605,44.7552986],[-91.4688764,44.7555977],[-91.4689154,44.755834],[-91.4688977,44.7561104],[-91.4689437,44.7565653],[-91.4689932,44.7568367],[-91.4689897,44.7570277],[-91.4690251,44.7571509],[-91.4691136,44.7572414],[-91.4692941,44.757372],[-91.4695347,44.7576736],[-91.4697188,44.7579149],[-91.4698674,44.7581561],[-91.4700444,44.7583421],[-91.4701359,44.758451]]}},{"type":"Feature","id":668123242,"properties":{"name":"Walking Trail","highway":"footway","surface":"grass","category":"trail"},"geometry":{"type":"LineString","coordinates":[[-91.4733649,44.760226],[-91.473352,44.7603005],[-91.4733235,44.7604643],[-91.4732896,44.7605978],[-91.473188,44.7606897],[-91.4730647,44.7607422],[-91.4729415,44.7607531],[-91.4725569,44.7607958],[-91.4721647,44.7607461],[-91.471665,44.7605504],[-91.4714081,44.7603946],[-91.4712493,44.7600464],[-91.4711952,44.7597311],[-91.4713073,44.7596133],[-91.4714847,44.7594923],[-91.4716622,44.7593414],[-91.4717813,44.7592187],[-91.4720583,44.7591567],[-91.4720745,44.7590976],[-91.4720864,44.7590539],[-91.4720199,44.7585011],[-91.471721,44.7576754],[-91.4718424,44.7575461],[-91.4718631,44.7574693],[-91.4718977,44.7574164]]}},{"type":"Feature","id":668123246,"properties":{"name":"Fence Trail","highway":"path","surface":"dirt","category":"trail"},"geometry":{"type":"LineString","coordinates":[[-91.4670759,44.7618014],[-91.4671632,44.7616996],[-91.4674016,44.7614057],[-91.4674724,44.7613184],[-91.46761,44.7611488],[-91.4676374,44.7610476],[-91.4676389,44.7602128],[-91.4675595,44.7601216],[-91.4674684,44.7600967],[-91.4673727,44.7600984],[-91.4672536,44.7601183],[-91.4668029,44.7601166],[-91.4666395,44.760105],[-91.4665321,44.76011],[-91.46642,44.76011],[-91.465981,44.7601017],[-91.4655467,44.7600801],[-91.464991,44.7600818],[-91.4643675,44.7600751],[-91.4640173,44.7600652],[-91.4638678,44.7600619],[-91.4637093,44.7600475]]}},{"type":"Feature","id":668123247,"properties":{"name":"Split Rock","highway":"path","surface":"dirt","category":"trail"},"geometry":{"type":"LineString","coordinates":[[-91.4640781,44.7550581],[-91.4640781,44.7549294],[-91.4640781,44.7548981],[-91.4640405,44.7546505],[-91.463944,44.7547],[-91.4638742,44.7546657],[-91.4638742,44.7545286],[-91.4637348,44.7543458],[-91.463665,44.7542505],[-91.4637508,44.7541172],[-91.4637348,44.7540334],[-91.4636704,44.7539115],[-91.4636167,44.7539115],[-91.4634996,44.7540359],[-91.4633807,44.7540905],[-91.463209,44.7540067],[-91.4631608,44.7539381],[-91.4632144,44.7538505],[-91.4632681,44.7537553],[-91.4632359,44.7536829],[-91.4631232,44.753622],[-91.4629784,44.7534429],[-91.4628389,44.7533286],[-91.4628252,44.7533098],[-91.462813,44.7532217],[-91.4627683,44.75319],[-91.4626443,44.7531712],[-91.462492,44.7530975]]}},{"type":"Feature","id":668123249,"properties":{"name":"Ski Trail","highway":"path","surface":"grass","category":"trail"},"geometry":{"type":"LineString","coordinates":[[-91.4621018,44.7550031],[-91.4619101,44.7549104],[-91.4617933,44.7547976],[-91.4616733,44.7547254],[-91.4616556,44.7547147],[-91.4615855,44.7546169],[-91.4616229,44.7545655],[-91.4617069,44.7545124],[-91.4619498,44.7544759],[-91.4621529,44.7544096],[-91.4622836,44.754322],[-91.4624747,44.7542014],[-91.4626304,44.7540757],[-91.4628003,44.7539752],[-91.4629797,44.7539089],[-91.4630159,44.7538239],[-91.4629573,44.7537068],[-91.4627947,44.7536158],[-91.4626297,44.7535077],[-91.4622113,44.7533286],[-91.4617821,44.7531915],[-91.4613261,44.7531343],[-91.4611223,44.7531343],[-91.4608272,44.7530886],[-91.4605805,44.7530429],[-91.4604839,44.753081],[-91.4601728,44.7532981],[-91.4596256,44.7538391],[-91.4593735,44.754022],[-91.4588692,44.7541286],[-91.4583542,44.7541781],[-91.457512,44.7541591],[-91.4571204,44.7541362],[-91.4568898,44.754022],[-91.456643,44.7539648],[-91.456348,44.7539839],[-91.4559724,44.7540296],[-91.4557525,44.7540981],[-91.4556549,44.7541873],[-91.4558635,44.7545809],[-91.4559727,44.754787],[-91.4560854,44.7548117],[-91.4564715,44.7547528],[-91.457352,44.7547604],[-91.4580499,44.7547833],[-91.4588606,44.7548938],[-91.4594994,44.7549663],[-91.4616572,44.7549551],[-91.4621018,44.7550031],[-91.4623063,44.7550252],[-91.4625835,44.7551384],[-91.4627049,44.7552463],[-91.4627657,44.7563192],[-91.4628568,44.7563488],[-91.4638344,44.7564029],[-91.4640173,44.7564491],[-91.4646597,44.7564895],[-91.4647599,44.7565128],[-91.4649761,44.7565615],[-91.4656252,44.7572358],[-91.4659876,44.7577918],[-91.4660275,44.7578529],[-91.4660525,44.757882],[-91.4662528,44.7581157],[-91.4665176,44.7581784]]}},{"type":"Feature","id":670299343,"properties":{"name":"Rad","highway":"path","surface":"dirt","category":"trail"},"geometry":{"type":"LineString","coordinates":[[-91.4776217,44.7612966],[-91.4776949,44.7613774],[-91.4778697,44.7614842],[-91.4780201,44.7615506],[-91.4781502,44.7615881],[-91.4783047,44.761565],[-91.4784267,44.7615362],[-91.4784836,44.7615448],[-91.4785202,44.7615939],[-91.4785161,44.761692],[-91.4784632,44.7618017],[-91.4783738,44.7618681],[-91.4784104,44.7619634],[-91.4784673,44.7620558],[-91.4784832,44.7621401],[-91.4785202,44.7622232],[-91.4786096,44.7622953],[-91.4786916,44.7623103],[-91.4787519,44.7623213],[-91.4789104,44.7622405],[-91.4791096,44.7622607],[-91.4793129,44.7622318],[-91.4794796,44.762304],[-91.4796585,44.7623877],[-91.4798902,44.7623589],[-91.4800935,44.7622203],[-91.4802819,44.7620878],[-91.4803496,44.7620615],[-91.4803781,44.761972],[-91.4802846,44.7618306],[-91.4803008,44.7617469],[-91.4802358,44.7616863],[-91.4800569,44.7616314],[-91.4798107,44.7615156],[-91.4796337,44.7615309],[-91.4795371,44.761489],[-91.4794781,44.761409],[-91.4795532,44.7613671],[-91.4797088,44.7613861],[-91.4799058,44.7613914],[-91.4800105,44.7614217],[-91.4801272,44.7614928],[-91.4802828,44.7614432],[-91.4804437,44.761428],[-91.4804491,44.7613404],[-91.4805081,44.7613023],[-91.4805725,44.76115],[-91.4807066,44.7611995],[-91.4807276,44.7611437],[-91.480728,44.7610738],[-91.4806046,44.7610509],[-91.4804253,44.7610887],[-91.4800105,44.7611575],[-91.479859,44.7610966],[-91.4797302,44.7610585],[-91.4795371,44.7610547],[-91.4794406,44.7610928],[-91.4792314,44.7612833],[-91.4791723,44.7613252],[-91.4792314,44.7614851],[-91.4791455,44.7616146],[-91.4791228,44.7617465],[-91.4790569,44.7618346],[-91.478826,44.7619226],[-91.4787647,44.761946],[-91.4786574,44.7620184],[-91.4785823,44.7619994],[-91.4785769,44.7619232],[-91.4786359,44.7618127],[-91.4786037,44.761527],[-91.4786111,44.76124],[-91.4790168,44.7610281],[-91.4790543,44.7609176],[-91.4791267,44.760684],[-91.4792817,44.7603895],[-91.4792582,44.7603386],[-91.4791241,44.7603222]]}},{"type":"Feature","id":670300569,"properties":{"name":"Missing Link","highway":"path","surface":"dirt","category":"trail"},"geometry":{"type":"LineString","coordinates":[[-91.470458,44.7596382],[-91.4705904,44.7596339],[-91.4706582,44.7596853],[-91.470729,44.759734],[-91.4707668,44.7597547],[-91.4707953,44.7597881],[-91.4708215,44.7598455],[-91.4708616,44.7599478],[-91.4708854,44.7600512],[-91.4709262,44.7600994],[-91.4709817,44.7601781],[-91.471038,44.7602596],[-91.4710433,44.760381],[-91.4710865,44.7604477],[-91.471098,44.7605243],[-91.4711188,44.7605522],[-91.4711974,44.7605796],[-91.471306,44.7606353],[-91.4713714,44.760713],[-91.4714547,44.7607726],[-91.4715402,44.7608043],[-91.4715933,44.760842],[-91.4716619,44.760882],[-91.4717659,44.7608885],[-91.4718313,44.7609104],[-91.4718714,44.760935],[-91.4719137,44.7609782],[-91.4719584,44.7610132],[-91.4719985,44.7610225],[-91.4720431,44.7610078],[-91.4720809,44.7609886],[-91.4721402,44.7609717],[-91.4721987,44.7609755],[-91.472288,44.7610248],[-91.4724113,44.7610653],[-91.4725854,44.7610817],[-91.4726655,44.7610795],[-91.4727394,44.7610521],[-91.4728041,44.761027],[-91.4728966,44.7610149],[-91.4729582,44.7610292],[-91.4730028,44.7610565],[-91.4730568,44.7611003],[-91.4731323,44.761132],[-91.4731646,44.7611243],[-91.4731892,44.7610915],[-91.47318,44.7610499],[-91.4731307,44.7609942],[-91.4731107,44.7609581],[-91.4731446,44.7609395],[-91.4732385,44.7609482],[-91.4732925,44.7609865],[-91.4733702,44.7610859],[-91.4734172,44.7611703],[-91.4734665,44.761226],[-91.4734465,44.7612621],[-91.4733895,44.7613168],[-91.4733156,44.7613672],[-91.4733048,44.7613945],[-91.4733233,44.7614404],[-91.4733849,44.7614886],[-91.4733941,44.7615476],[-91.4734373,44.7615739],[-91.4735004,44.7615739],[-91.4735759,44.7615487],[-91.4736345,44.76154],[-91.4736545,44.7615564],[-91.4736529,44.7615848],[-91.4736037,44.7616384],[-91.4735882,44.7616767],[-91.4736021,44.7617073],[-91.4736437,44.7617161],[-91.4737423,44.7617008],[-91.4738871,44.761668],[-91.4739949,44.7615925],[-91.4740797,44.761552],[-91.4742137,44.7615531],[-91.4743339,44.7615465],[-91.4745172,44.7615575],[-91.474588,44.7615651],[-91.4746743,44.7615815],[-91.4747698,44.7616297],[-91.4748453,44.7616505],[-91.4749223,44.7616505],[-91.4749624,44.7616647],[-91.474987,44.7617358],[-91.475024,44.7617631],[-91.4750749,44.7617587],[-91.4751565,44.7617292],[-91.4752782,44.7616822],[-91.4753475,44.7616756],[-91.4754292,44.7617117],[-91.4755524,44.7617511],[-91.4757219,44.7617675],[-91.4758651,44.7617959],[-91.4759514,44.7618189],[-91.4760333,44.7618814],[-91.4760854,44.7619316],[-91.4761563,44.7619797],[-91.4762272,44.761983],[-91.4763165,44.7619644],[-91.4765229,44.7619392],[-91.4766046,44.7618999],[-91.4766832,44.7618288],[-91.4767725,44.7617828],[-91.476885,44.7617555],[-91.4770467,44.7617938],[-91.4771345,44.7617905],[-91.4771977,44.7617467],[-91.4772239,44.7616887],[-91.4772177,44.7616384],[-91.4771623,44.7616012],[-91.4771237,44.7616133],[-91.4770991,44.7616406],[-91.4770483,44.7617019],[-91.4770098,44.7617019],[-91.4769558,44.7616669],[-91.4769019,44.7616155],[-91.4769065,44.761575],[-91.4769959,44.7615433],[-91.4771786,44.7615102],[-91.4773696,44.7613428],[-91.4775079,44.7613168],[-91.4776217,44.7612966],[-91.4776827,44.7612302],[-91.4779225,44.7611926],[-91.4782152,44.7613889],[-91.4783453,44.7614149],[-91.4784063,44.7613658],[-91.4784023,44.76121],[-91.4785445,44.7610685],[-91.4788251,44.760979],[-91.4789023,44.7606673],[-91.4790997,44.7604492],[-91.4791241,44.7603222]]}},{"type":"Feature","id":670300796,"properties":{"name":"Long Trail North","highway":"path","surface":"dirt","category":"trail"},"geometry":{"type":"LineString","coordinates":[[-91.4776217,44.7612966],[-91.4775385,44.7612319],[-91.477468,44.7611771],[-91.4772159,44.7611238],[-91.4770603,44.7611009],[-91.476937,44.7611162],[-91.4767921,44.7610933],[-91.4767009,44.7611504],[-91.476658,44.7612457],[-91.4765078,44.7612914],[-91.4760154,44.7612519],[-91.4757959,44.7612201],[-91.4755519,44.7611942],[-91.4753934,44.7611537],[-91.4750803,44.761122],[-91.4749462,44.7610787],[-91.4747754,44.7610845],[-91.4745193,44.7610354],[-91.4742876,44.7608622],[-91.474129,44.7607121],[-91.4738566,44.7606053],[-91.4735621,44.7603806],[-91.4734257,44.7603253],[-91.473352,44.7603005],[-91.4729704,44.7601723],[-91.4726899,44.7601088],[-91.4723484,44.7599125],[-91.4722427,44.7597479],[-91.4721776,44.759491],[-91.4721222,44.759358],[-91.4720945,44.7593012],[-91.4721222,44.7592486],[-91.4721838,44.7592246],[-91.4723348,44.759194],[-91.4724673,44.7591414],[-91.4724981,44.7591064],[-91.4724735,44.7590496],[-91.4724026,44.7590364],[-91.4722023,44.7590649],[-91.4721438,44.7590386],[-91.4721561,44.7589905],[-91.4722301,44.7589511],[-91.4722485,44.7589292],[-91.4721561,44.7586995],[-91.4721469,44.7585092],[-91.4720976,44.7584414],[-91.4720914,44.758297],[-91.4720329,44.7581482],[-91.4719836,44.7579535],[-91.4719035,44.7578638],[-91.4718388,44.7577347],[-91.4718326,44.7576581],[-91.4718881,44.7575378],[-91.4719065,44.7574612],[-91.4718977,44.7574164],[-91.4718446,44.7572658],[-91.4718432,44.757226],[-91.4718385,44.7570864],[-91.4718292,44.7569376],[-91.4718754,44.7568457],[-91.4719656,44.756788]]}},{"type":"Feature","id":670300966,"properties":{"name":"Long Trail South","highway":"path","surface":"dirt","category":"trail"},"geometry":{"type":"LineString","coordinates":[[-91.4719037,44.756655],[-91.4719207,44.7566133],[-91.4719126,44.7564648],[-91.4719341,44.7563448],[-91.4718805,44.7561238],[-91.4718,44.7560439],[-91.4718107,44.7560115],[-91.4718831,44.7559296],[-91.4719019,44.7558724],[-91.4718831,44.7557981],[-91.4718724,44.7557296],[-91.4717571,44.7556153],[-91.4716739,44.7555182],[-91.4714862,44.7554705],[-91.4713065,44.7554667],[-91.4710275,44.7555429],[-91.4705283,44.7555552],[-91.4702841,44.7555717],[-91.4701558,44.755562],[-91.4701048,44.7555163],[-91.4701129,44.7554515],[-91.4700786,44.7553928],[-91.470027,44.7553429],[-91.4699003,44.7552909],[-91.4698383,44.7551505],[-91.4698527,44.7550553],[-91.4698286,44.7550096],[-91.4698903,44.7549315],[-91.4699236,44.7548312],[-91.4700405,44.7547334],[-91.4701075,44.754621],[-91.4701397,44.754522],[-91.4701263,44.7544439],[-91.4701343,44.7543868],[-91.47016,44.7543275],[-91.4702841,44.7541843],[-91.4704106,44.754082],[-91.4704187,44.7539582],[-91.4702926,44.7537753],[-91.4702255,44.7537087],[-91.4699815,44.7535106],[-91.4698983,44.7534877],[-91.4698178,44.7534973],[-91.4697508,44.7534706],[-91.4697105,44.7533334],[-91.4696639,44.7533037],[-91.4695657,44.7532858],[-91.4694906,44.7533239],[-91.4694021,44.7534249],[-91.4693082,44.7534915],[-91.4693072,44.7535815],[-91.4692438,44.7537449],[-91.4691822,44.7538249],[-91.4691822,44.7539087],[-91.4691822,44.753962],[-91.4691312,44.7539982],[-91.4690534,44.7540115],[-91.4690239,44.7540782],[-91.4690293,44.7541563],[-91.4690668,44.7542249],[-91.4690427,44.7543106],[-91.4690534,44.7544915],[-91.4690145,44.7545779],[-91.4690392,44.7546698],[-91.4690823,44.7547026],[-91.4691316,44.7547136],[-91.4691896,44.7547401]]}},{"type":"Feature","id":670301919,"properties":{"name":"Thrillville","highway":"path","surface":"dirt","category":"trail"},"geometry":{"type":"LineString","coordinates":[[-91.4691896,44.7547401],[-91.4692518,44.7547814],[-91.4692425,44.7548602],[-91.4691932,44.7549586],[-91.469224,44.7550264],[-91.4693226,44.7551118],[-91.4693565,44.7551949],[-91.4693565,44.7553328],[-91.4694058,44.7553831],[-91.4695013,44.7553699],[-91.4695167,44.755394],[-91.469489,44.7554618],[-91.4693873,44.7555078],[-91.4693195,44.7555559],[-91.4692025,44.7556347],[-91.4692363,44.7557506],[-91.4692487,44.7558053],[-91.469187,44.7558797],[-91.4691593,44.7559826],[-91.46911,44.7561445],[-91.4691039,44.7563304],[-91.4691408,44.7565011],[-91.4692052,44.7567268],[-91.4692986,44.7568693],[-91.4692939,44.7570418],[-91.4693826,44.7570551],[-91.4694433,44.7570982],[-91.4693032,44.7571214],[-91.4691912,44.7570816],[-91.4691631,44.757002],[-91.4691491,44.7568528],[-91.4691258,44.756929],[-91.4691398,44.7570849],[-91.4692425,44.7572142],[-91.469392,44.7572839],[-91.4695461,44.7573237],[-91.4696768,44.7574331],[-91.4696815,44.7575923],[-91.4697189,44.7576818],[-91.4697842,44.7576785],[-91.4698615,44.7575977],[-91.4698823,44.7574132],[-91.4699757,44.7574331],[-91.4700878,44.7575027],[-91.4701252,44.7575923],[-91.4701174,44.7577986],[-91.4701578,44.7581693],[-91.4702466,44.758229],[-91.470258,44.7582614],[-91.4702699,44.7582953],[-91.4702512,44.7583483],[-91.4701666,44.7584461]]}},{"type":"Feature","id":670458547,"properties":{"name":"Rebench","highway":"path","surface":"dirt","category":"trail"},"geometry":{"type":"LineString","coordinates":[[-91.4708389,44.7594135],[-91.4705653,44.7595201],[-91.4704794,44.7595811],[-91.470458,44.7596382],[-91.4704526,44.759722],[-91.4704891,44.7598354],[-91.4705095,44.7598888],[-91.4705664,44.7599515],[-91.4706914,44.7600201],[-91.4707534,44.7601399],[-91.4707906,44.7602286],[-91.470789,44.7602929],[-91.4707768,44.7603478],[-91.4707605,44.7604365],[-91.4707249,44.7605065],[-91.4706629,44.7605765],[-91.4706081,44.7606061],[-91.4705532,44.7606003],[-91.4704891,44.7605621],[-91.4704434,44.7605296],[-91.4704292,44.7604805],[-91.4704475,44.7604264],[-91.4704668,44.7603723],[-91.4705227,44.7603485],[-91.4706082,44.7603277],[-91.4706404,44.7602934],[-91.4706487,44.7602676],[-91.4705603,44.760194],[-91.4704139,44.7600843],[-91.4702899,44.7600179],[-91.4702066,44.7599335],[-91.4701576,44.7598553],[-91.4701361,44.7597906],[-91.4701802,44.7596867],[-91.4702086,44.7594889],[-91.4702005,44.7594233],[-91.4701293,44.759367],[-91.4699505,44.7592753],[-91.4698844,44.7592284],[-91.469859,44.7591887],[-91.4698712,44.7590364],[-91.4699129,44.7588423],[-91.469983,44.7587124],[-91.4699962,44.7586503],[-91.4699484,44.7585755],[-91.4698492,44.7585008]]}},{"type":"Feature","id":670459976,"properties":{"name":"Willinator","highway":"path","surface":"dirt","category":"trail"},"geometry":{"type":"LineString","coordinates":[[-91.4708389,44.7594135],[-91.4707101,44.7594135],[-91.4705545,44.7594516],[-91.4704473,44.7594744],[-91.4703722,44.7595544],[-91.4703185,44.7595316],[-91.4703185,44.7593983],[-91.4703614,44.7592878],[-91.4703453,44.7591621],[-91.4703775,44.7590554],[-91.4703614,44.7589983],[-91.470281,44.7590021],[-91.4701737,44.7590021],[-91.4700878,44.758945],[-91.4700503,44.7588764],[-91.4700557,44.758804],[-91.469983,44.7587124]]}},{"type":"Feature","id":670463325,"properties":{"name":"Walking Trail","highway":"footway","surface":null,"category":"trail"},"geometry":{"type":"LineString","coordinates":[[-91.4735084,44.760088],[-91.4736193,44.7601668],[-91.4737703,44.7602565],[-91.4739393,44.7603448]]}},{"type":"Feature","id":670552274,"properties":{"name":"Start Me Up","highway":"path","surface":"dirt","category":"trail"},"geometry":{"type":"LineString","coordinates":[[-91.4691896,44.7547401],[-91.4692764,44.7547573],[-91.4693103,44.7548055],[-91.4693134,44.7548777],[-91.4693534,44.7549717],[-91.4693503,44.7550068],[-91.4693473,44.7550593],[-91.469375,44.7551555],[-91.4693996,44.7552015],[-91.4694674,44.7552584],[-91.4695383,44.7553284],[-91.4695753,44.7554115],[-91.4695907,44.7554509],[-91.4695537,44.7555187],[-91.4694797,44.7555187],[-91.469415,44.7555319],[-91.469412,44.7556019],[-91.4694397,44.7556631],[-91.469452,44.7556959],[-91.4693658,44.7557988],[-91.469301,44.7559147],[-91.4692425,44.7561773],[-91.4692086,44.7562954],[-91.4692179,44.7564223],[-91.4692826,44.7566717],[-91.4693411,44.7567658],[-91.4693565,44.7568577],[-91.4694243,44.7568993],[-91.4694921,44.7569102],[-91.4696184,44.7569299],[-91.4697755,44.7569605],[-91.4698587,44.7570043],[-91.4698895,44.7570809],[-91.4699357,44.757164],[-91.470022,44.757234],[-91.470099,44.7573106],[-91.4701976,44.7574309],[-91.4702038,44.7575206],[-91.4702254,44.7575578],[-91.4702716,44.7576191],[-91.47025,44.7577219],[-91.4702962,44.7578204],[-91.4704041,44.7579932],[-91.470441,44.7581288],[-91.4704503,44.7582142],[-91.4704503,44.7582404],[-91.4703856,44.7581835],[-91.4703147,44.7581529],[-91.4702839,44.7581967],[-91.470258,44.7582614]]}},{"type":"Feature","id":670553299,"properties":{"name":"Worm","highway":"path","surface":"dirt","category":"trail"},"geometry":{"type":"LineString","coordinates":[[-91.4691335,44.7585641],[-91.4689506,44.7585693],[-91.4686172,44.7586657],[-91.4683459,44.7587868],[-91.4682218,44.7588253],[-91.4681133,44.7587758],[-91.4679892,44.7586024],[-91.4678264,44.7584152],[-91.4677683,44.7584179],[-91.4676997,44.7583045],[-91.4676763,44.758205],[-91.4675784,44.7580718]]}},{"type":"Feature","id":670553818,"properties":{"name":"Focus","highway":"path","surface":"dirt","category":"trail"},"geometry":{"type":"LineString","coordinates":[[-91.46642,44.7575432],[-91.4664403,44.7575894],[-91.4664037,44.7576529],[-91.4663825,44.7576803],[-91.4663387,44.7577367],[-91.4663346,44.7578348],[-91.4663875,44.7579359],[-91.4664891,44.7579561],[-91.4665786,44.7579272],[-91.4665704,44.7578493],[-91.4665338,44.75778],[-91.4664891,44.7577453],[-91.4664891,44.757702],[-91.4665623,44.7576703],[-91.4666192,44.7576616],[-91.4666477,44.7577165],[-91.466668,44.7578146],[-91.4666883,44.7579012],[-91.4667412,44.7579387],[-91.4668306,44.7579243],[-91.466855,44.7578695],[-91.4668591,44.7578146],[-91.4668306,44.7577684],[-91.4667534,44.7577136],[-91.46679,44.7576991],[-91.4668794,44.7577078],[-91.4669851,44.7577107],[-91.4670664,44.757702],[-91.4671518,44.7577857],[-91.4671802,44.7578493],[-91.4671884,44.757907],[-91.4671721,44.7579445],[-91.4670664,44.7579041],[-91.4669526,44.7579041],[-91.4669363,44.7579445],[-91.466981,44.7579994],[-91.467051,44.7580673],[-91.4670583,44.7580744],[-91.4671233,44.7581148],[-91.4673225,44.7581957],[-91.4673795,44.7582707],[-91.4673754,44.7583458],[-91.467365,44.7583864],[-91.467351,44.7584411],[-91.4671884,44.7585074],[-91.4670412,44.7585863],[-91.4670505,44.7586361],[-91.4670832,44.7586991],[-91.4672494,44.758724],[-91.4673713,44.7587817],[-91.4673388,44.7588914],[-91.4673347,44.7591079],[-91.4673551,44.759463],[-91.4674409,44.7595697]]}},{"type":"Feature","id":670555097,"properties":{"name":null,"highway":"path","surface":null,"category":"trail"},"geometry":{"type":"LineString","coordinates":[[-91.4665176,44.7581784],[-91.4668217,44.7586095]]}},{"type":"Feature","id":670555098,"properties":{"name":"Onion","highway":"path","surface":"dirt","category":"trail"},"geometry":{"type":"LineString","coordinates":[[-91.46642,44.7575432],[-91.4665298,44.7575346],[-91.4666761,44.7575432],[-91.4667737,44.7574971],[-91.4664769,44.7573989],[-91.4664485,44.7573527],[-91.4665664,44.7573816],[-91.4666924,44.7574076],[-91.4667778,44.7573902],[-91.4667371,44.7573614],[-91.4666111,44.75737],[-91.4665623,44.7573412],[-91.4665704,44.757295],[-91.4666924,44.7573123],[-91.4668379,44.7572684],[-91.4669648,44.7572632],[-91.4670989,44.7573036],[-91.4672494,44.7573902],[-91.4673998,44.757422],[-91.4676132,44.7575134],[-91.4677535,44.7576125],[-91.4679527,44.7577367],[-91.4680137,44.7578666]]}},{"type":"Feature","id":670556000,"properties":{"name":"Ski Trail","highway":"path","surface":null,"category":"trail"},"geometry":{"type":"LineString","coordinates":[[-91.4681194,44.7581726],[-91.4680868,44.7580369],[-91.4680137,44.7578666],[-91.4678551,44.7577511],[-91.467538,44.7576674],[-91.4672331,44.7576327],[-91.4669282,44.757627],[-91.466668,44.7576212],[-91.4665176,44.7576443],[-91.4663825,44.7576803],[-91.4662574,44.7577136],[-91.4661706,44.7577388],[-91.4659876,44.7577918]]}},{"type":"Feature","id":670559375,"properties":{"name":"Nod","highway":"path","surface":"dirt","category":"trail"},"geometry":{"type":"LineString","coordinates":[[-91.4666126,44.7549089],[-91.4665038,44.7549506],[-91.4664237,44.7549944],[-91.4662943,44.75499],[-91.4662327,44.755025],[-91.4662327,44.7551038],[-91.4665038,44.7552744],[-91.4665161,44.7553751],[-91.4664175,44.755502],[-91.4663867,44.7557602],[-91.4664052,44.7559439],[-91.4663806,44.7560752],[-91.466282,44.7560971],[-91.466171,44.756154],[-91.4660478,44.7562284],[-91.4657027,44.7562109],[-91.4656596,44.7562984],[-91.4656658,44.7563859],[-91.465715,44.7565215],[-91.4657212,44.7566266],[-91.4655363,44.7567797],[-91.4654562,44.7567316],[-91.4654686,44.7566178],[-91.4654008,44.756539],[-91.4653946,44.7564603],[-91.4654624,44.756329],[-91.4653392,44.7562109],[-91.4652714,44.7561452],[-91.465142,44.7559964],[-91.4650311,44.7559352],[-91.464914,44.755747],[-91.4647353,44.755677],[-91.4646983,44.7555764],[-91.4648031,44.755537],[-91.4649201,44.7555501],[-91.4652344,44.7557952],[-91.4652591,44.7559133],[-91.465333,44.7559527],[-91.4654871,44.7559396],[-91.4656904,44.7558302],[-91.4658383,44.7558302],[-91.4658753,44.7557995],[-91.4658937,44.7556683],[-91.4659492,44.7555807],[-91.465943,44.7554407],[-91.4660047,44.7553707],[-91.4659923,44.7553094],[-91.4657582,44.7551782],[-91.4658383,44.7550907],[-91.4657828,44.7549725],[-91.4656473,44.75485],[-91.4654316,44.7547668],[-91.4651666,44.7546049],[-91.464976,44.7544242],[-91.4649384,44.7544393],[-91.4649384,44.7544754],[-91.4649386,44.7545874]]}},{"type":"Feature","id":670559378,"properties":{"name":"The Pines","highway":"path","surface":"dirt","category":"trail"},"geometry":{"type":"LineString","coordinates":[[-91.4646006,44.7545934],[-91.4649386,44.7545874],[-91.4651728,44.7547012],[-91.4653392,44.7548412],[-91.4654501,44.7549375],[-91.4656041,44.7550031],[-91.4655856,44.7550775],[-91.4653946,44.7551169],[-91.4650619,44.7551563],[-91.4649509,44.7551563],[-91.464686,44.75506],[-91.4644888,44.7550119],[-91.464421,44.7550206],[-91.4644087,44.75513],[-91.4645011,44.7553226],[-91.4645073,44.7554757],[-91.4643471,44.7555807],[-91.4642995,44.7558049],[-91.4643163,44.7558914],[-91.4643717,44.7559308],[-91.4643594,44.7559921],[-91.4644826,44.7560533],[-91.4645381,44.756189],[-91.4646552,44.7562852],[-91.464723,44.7563378],[-91.4647291,44.7564428],[-91.4647599,44.7565128]]}},{"type":"Feature","id":670561881,"properties":{"name":"Skull","highway":"path","surface":"dirt","category":"trail"},"geometry":{"type":"LineString","coordinates":[[-91.465606,44.7539911],[-91.4657056,44.7540027],[-91.4657666,44.7540489],[-91.4658824,44.7540806],[-91.4659552,44.7541372],[-91.4661589,44.7541788],[-91.4662605,44.7542149],[-91.466291,44.7541846],[-91.466289,44.7541109],[-91.4663195,44.7540474],[-91.4663662,44.7539955],[-91.4664374,44.7539651],[-91.4665614,44.7539493],[-91.4666163,44.7539089],[-91.466663,44.7538078],[-91.4666346,44.7537169],[-91.4666305,44.7536288],[-91.4665797,44.7535638],[-91.4664679,44.7534686],[-91.4663225,44.7534481],[-91.4662458,44.7533897],[-91.4661935,44.7533531],[-91.466163,44.7532852],[-91.4662117,44.7532419],[-91.466291,44.7532679],[-91.466411,44.7533459],[-91.4665692,44.753378],[-91.466794,44.7534345],[-91.467175,44.7534209],[-91.4672819,44.7535143],[-91.4672846,44.7535863],[-91.4671914,44.7536856],[-91.4670105,44.7537946],[-91.4669091,44.7539367],[-91.4668516,44.7542345],[-91.4667309,44.7543474],[-91.4666328,44.7543965],[-91.466504,44.7544003],[-91.4664558,44.754427],[-91.4664772,44.7544936],[-91.4664796,44.7545214],[-91.4664826,44.7545565],[-91.4664343,44.7545908],[-91.4663619,44.754606],[-91.4662546,44.7545698],[-91.46615,44.7545032],[-91.4660695,44.7544784],[-91.4659703,44.754467],[-91.4658764,44.7544479],[-91.4657661,44.7544],[-91.4656243,44.7543013],[-91.4655679,44.7542993],[-91.4656162,44.7543813],[-91.4656323,44.754427],[-91.4657262,44.7544746],[-91.4658228,44.7544974],[-91.4659032,44.7545146],[-91.4660373,44.7545412],[-91.4663029,44.7546498],[-91.4665121,44.7546308],[-91.4667106,44.7546174],[-91.4668527,44.7546746],[-91.4669386,44.7547565],[-91.4670002,44.7548422],[-91.467011,44.7549089],[-91.4671344,44.7549927],[-91.467196,44.7550727],[-91.4671934,44.7552403],[-91.467188,44.7553774],[-91.4671639,44.7554117],[-91.467129,44.7553888],[-91.4671075,44.7552574],[-91.4670941,44.7551755],[-91.4670215,44.7551202],[-91.4668735,44.7549002],[-91.4668474,44.7548136],[-91.4667159,44.7547527],[-91.4666757,44.7547965],[-91.4666578,44.754887],[-91.4666126,44.7549089]]}},{"type":"Feature","id":670563639,"properties":{"name":"Far East","highway":"path","surface":"dirt","category":"trail"},"geometry":{"type":"LineString","coordinates":[[-91.462492,44.7530975],[-91.4623495,44.7530615],[-91.462297,44.7530141],[-91.4621362,44.7529324],[-91.4617231,44.752822],[-91.461369,44.7528143],[-91.4612618,44.7527839],[-91.4610525,44.7528105],[-91.4608326,44.7527343],[-91.4606663,44.7527648],[-91.4605268,44.7527305],[-91.460323,44.7527458],[-91.4601084,44.7527115],[-91.4597114,44.7527305],[-91.4593842,44.7527115],[-91.4590973,44.7527492],[-91.4588639,44.7527572],[-91.4587941,44.7528105],[-91.4589121,44.7528677],[-91.4591535,44.7528486],[-91.4594969,44.7528334],[-91.459749,44.7528372],[-91.4598724,44.7528867],[-91.460044,44.7528448],[-91.4601835,44.7528715],[-91.4604946,44.7528791],[-91.4606824,44.7529477],[-91.4608594,44.7529058],[-91.4611437,44.7529286],[-91.4616909,44.7529972],[-91.4621898,44.7531001],[-91.4623495,44.7530615]]}},{"type":"Feature","id":670564872,"properties":{"name":"Whoops","highway":"path","surface":"dirt","category":"trail"},"geometry":{"type":"LineString","coordinates":[[-91.4587941,44.7528105],[-91.4586409,44.7529036],[-91.4585527,44.7529439],[-91.4584293,44.7529553],[-91.4583918,44.752902],[-91.4584101,44.7527606],[-91.4583403,44.7526977],[-91.4555969,44.7526234],[-91.455409,44.7526424],[-91.4551781,44.7528121],[-91.4551513,44.7530103],[-91.4556549,44.7541873]]}},{"type":"Feature","id":670566113,"properties":{"name":"Ski Trail","highway":"path","surface":"grass","category":"trail"},"geometry":{"type":"LineString","coordinates":[[-91.4626297,44.7535077],[-91.4626297,44.7532601],[-91.462492,44.7530975],[-91.4624248,44.7530182],[-91.4624166,44.7529215],[-91.4625183,44.7528753],[-91.4626374,44.7528801],[-91.4628049,44.7528868],[-91.463,44.7529114],[-91.4633914,44.7529286],[-91.4637026,44.7529362],[-91.4640405,44.7529324],[-91.464239,44.7529972],[-91.4643785,44.753062],[-91.4647486,44.7530467],[-91.4650008,44.7530048],[-91.465151,44.7530734],[-91.4654728,44.753161],[-91.4657196,44.7531953],[-91.4658108,44.7532943],[-91.4658269,44.7534924],[-91.4658322,44.7537667],[-91.4657142,44.7538543],[-91.4654353,44.7538581],[-91.4651831,44.753801],[-91.4649739,44.7536791],[-91.4646682,44.7535077],[-91.4644965,44.7535077],[-91.4641049,44.7535381],[-91.4639654,44.7535077],[-91.4637991,44.7534315],[-91.4634451,44.7532067],[-91.4632251,44.7530505],[-91.463,44.7529114]]}},{"type":"Feature","id":670569540,"properties":{"name":"Fence Trail","highway":"path","surface":"dirt","category":"trail"},"geometry":{"type":"LineString","coordinates":[[-91.4673727,44.7600984],[-91.4673901,44.7599811],[-91.4674318,44.7597164],[-91.4674409,44.7595697]]}},{"type":"Feature","id":670569541,"properties":{"name":"Twister","highway":"path","surface":"dirt","category":"trail"},"geometry":{"type":"LineString","coordinates":[[-91.4645334,44.7596773],[-91.4645159,44.7595828],[-91.4645802,44.7595142],[-91.464709,44.7594723],[-91.4646661,44.7593657],[-91.4647841,44.7593009],[-91.4648646,44.7591981],[-91.4649987,44.7589809],[-91.4649397,44.7588743],[-91.464827,44.758901],[-91.4647197,44.7589048],[-91.46465,44.7589238],[-91.4646607,44.7588743],[-91.4646768,44.7587829],[-91.4647787,44.7586991],[-91.4648753,44.7586],[-91.4649772,44.7586686],[-91.465122,44.7587791],[-91.4653098,44.7588438],[-91.4653795,44.7589619],[-91.4654332,44.7590457],[-91.4654225,44.7590876],[-91.46546,44.7591333],[-91.465637,44.7592095],[-91.4658355,44.7591676],[-91.4660018,44.7591028],[-91.4662003,44.7589505],[-91.4662593,44.7587867],[-91.4662218,44.7586457],[-91.4659804,44.7586038],[-91.4658248,44.7586115],[-91.4657336,44.7585734],[-91.4656317,44.7583981],[-91.465519,44.7581658],[-91.465578,44.7580629],[-91.4656048,44.7578877],[-91.4656907,44.757922],[-91.465857,44.7580058],[-91.4659482,44.7579906],[-91.4659643,44.7578953]]}},{"type":"Feature","id":670569542,"properties":{"name":"Eagle","highway":"path","surface":"dirt","category":"trail"},"geometry":{"type":"LineString","coordinates":[[-91.4637093,44.7600475],[-91.4637776,44.7599855],[-91.4642028,44.7597591],[-91.4645334,44.7596773],[-91.4646548,44.7597237],[-91.4648603,44.7596508],[-91.4650891,44.7595413],[-91.4653133,44.7595646],[-91.4655935,44.7594916],[-91.4657616,44.7593689],[-91.4659204,44.7593855],[-91.466169,44.7592816],[-91.4664705,44.7590364],[-91.4665415,44.7589246],[-91.466705,44.7588184],[-91.4668217,44.7586095],[-91.4670412,44.7585863]]}},{"type":"Feature","id":670569543,"properties":{"name":"Sarah's Revenge","highway":"path","surface":"dirt","category":"trail"},"geometry":{"type":"LineString","coordinates":[[-91.4676439,44.7589827],[-91.4676156,44.7589246],[-91.4676343,44.758782],[-91.467695,44.758709],[-91.467639,44.758656],[-91.4675035,44.7585565],[-91.4674101,44.7584802],[-91.467365,44.7583864]]}},{"type":"Feature","id":670569544,"properties":{"name":"Axed","highway":"path","surface":"dirt","category":"trail"},"geometry":{"type":"LineString","coordinates":[[-91.4677683,44.7584179],[-91.467776,44.7585088],[-91.4678652,44.7586602],[-91.4678419,44.7587868],[-91.4677295,44.7588611],[-91.4676439,44.7589827],[-91.4675706,44.7590868],[-91.4675706,44.7594446],[-91.4675341,44.7595619],[-91.4674409,44.7595697]]}},{"type":"Feature","id":670570756,"properties":{"name":"Bump","highway":"path","surface":"dirt","category":"trail"},"geometry":{"type":"LineString","coordinates":[[-91.4722023,44.7590649],[-91.4720745,44.7590976],[-91.4708949,44.7593992],[-91.4708389,44.7594135]]}},{"type":"Feature","id":670571966,"properties":{"name":"Holy Roller","highway":"path","surface":"dirt","category":"trail"},"geometry":{"type":"LineString","coordinates":[[-91.4551513,44.7530103],[-91.4550975,44.7530702],[-91.4550569,44.7531943],[-91.4550894,44.753278],[-91.45513,44.7533675],[-91.4552276,44.753408],[-91.4552886,44.7534513],[-91.4553252,44.753535],[-91.4553049,44.7536274],[-91.4552561,44.7536851],[-91.4552845,44.7537342],[-91.4553821,44.7537833],[-91.4554268,44.7538526],[-91.4553699,44.7539478],[-91.4553821,44.7540056],[-91.4554228,44.7540835],[-91.4555447,44.7541182],[-91.4556016,44.7541759],[-91.4556382,44.7542625],[-91.4555935,44.754352],[-91.4555894,44.7544126],[-91.4556545,44.7545021],[-91.4557765,44.7545454],[-91.4558635,44.7545809],[-91.4559391,44.7546118],[-91.4560407,44.7546811],[-91.456118,44.75471],[-91.4562684,44.7547129],[-91.4563863,44.7547013],[-91.4565286,44.7546811],[-91.4567237,44.7546436],[-91.4570124,44.7545685],[-91.4571953,44.7545714],[-91.4573132,44.7546378],[-91.4574677,44.7546985],[-91.4576059,44.7547302],[-91.4577563,44.7546985],[-91.4579637,44.7546696],[-91.4581344,44.7547158],[-91.4583946,44.7547591],[-91.4586304,44.7547331],[-91.4588052,44.7547129],[-91.4590248,44.7547504],[-91.4591101,44.7547677],[-91.4591914,44.7548024],[-91.4593012,44.7547562],[-91.4594516,44.7547562],[-91.4595858,44.7547273],[-91.4597484,44.754762],[-91.4599354,44.7548197],[-91.4600289,44.7548428],[-91.4601428,44.7548111],[-91.4602403,44.7547793],[-91.4603501,44.7548111],[-91.460468,44.7548139],[-91.4605981,44.7548428],[-91.4607201,44.7548168],[-91.4608989,44.7548457],[-91.46109,44.7548139],[-91.4613055,44.7547764],[-91.4615088,44.7547706],[-91.4616733,44.7547254],[-91.4617608,44.7547013],[-91.461834,44.754684],[-91.4619641,44.7547042],[-91.4620373,44.7547216],[-91.462147,44.7546898],[-91.4622765,44.7546787]]}},{"type":"Feature","id":670572380,"properties":{"name":"Red Flint","highway":"path","surface":"dirt","category":"trail"},"geometry":{"type":"LineString","coordinates":[[-91.4622765,44.7546787],[-91.4625089,44.754684],[-91.4626471,44.7546638],[-91.4627528,44.7547013],[-91.4627284,44.7548457],[-91.4627203,44.7550189],[-91.462765,44.7550507],[-91.4628382,44.755016],[-91.4629398,44.7550045],[-91.4630414,44.7550507],[-91.4631512,44.7550997],[-91.4632407,44.7551459],[-91.4632854,44.7551777],[-91.4633138,44.7551286],[-91.4632813,44.7550103],[-91.4632976,44.7548948],[-91.4634033,44.7548024],[-91.4634724,44.7547216],[-91.463574,44.7546754],[-91.4636269,44.7546869],[-91.4636106,44.7547562],[-91.4635903,44.754788],[-91.463574,44.7548832],[-91.4635293,44.7549612],[-91.4634846,44.7549929],[-91.4634805,44.7550449],[-91.4635415,44.7550536],[-91.4637529,44.7549987],[-91.463948,44.7549467],[-91.4640781,44.7549294]]}},{"type":"Feature","id":670573137,"properties":{"name":"Dazed","highway":"path","surface":"dirt","category":"trail"},"geometry":{"type":"LineString","coordinates":[[-91.4660525,44.757882],[-91.4659643,44.7578953],[-91.465857,44.7577658],[-91.4657658,44.7577239],[-91.4655941,44.7577734],[-91.4654117,44.7579525],[-91.4652132,44.7581353],[-91.4650255,44.7582801],[-91.4650094,44.7585581],[-91.4648753,44.7586],[-91.46465,44.7585581],[-91.4645051,44.7586229],[-91.4643657,44.7587524],[-91.4642476,44.7587524],[-91.4640974,44.7587829],[-91.4640471,44.7587671],[-91.4640009,44.7586],[-91.4640277,44.7585353],[-91.4641404,44.7584819],[-91.4642028,44.7583358],[-91.4641344,44.7580258],[-91.4640813,44.7577832],[-91.4641952,44.7574651],[-91.4641762,44.7572225],[-91.4640699,44.756651],[-91.4642028,44.7565944],[-91.4643091,44.7567345],[-91.4643243,44.7569044],[-91.4643736,44.7572926],[-91.4643281,44.7579422],[-91.4643546,44.7581067],[-91.464404,44.7581552],[-91.4645368,44.7581606],[-91.4646583,44.7579584],[-91.4646014,44.7574678],[-91.4646431,44.7572764],[-91.4647418,44.757147],[-91.4648671,44.7571901],[-91.4648899,44.7573519],[-91.4648405,44.7575433],[-91.4647874,44.7577185],[-91.464833,44.7578694],[-91.4649203,44.7579126],[-91.4650342,44.7578856],[-91.4650683,44.7577508],[-91.4651442,44.7576268],[-91.4652354,44.7575972],[-91.4652619,44.7574759],[-91.4650721,44.757182],[-91.4649468,44.7570068],[-91.4649089,44.7566591],[-91.4648182,44.7565444]]}},{"type":"Feature","id":670707086,"properties":{"name":null,"highway":"path","surface":"dirt","category":"trail"},"geometry":{"type":"LineString","coordinates":[[-91.46465,44.7589238],[-91.4645616,44.758814],[-91.4644884,44.7587389],[-91.4643657,44.7587524]]}},{"type":"Feature","id":670707087,"properties":{"name":"Ski Trail","highway":"path","surface":"grass","category":"trail"},"geometry":{"type":"LineString","coordinates":[[-91.4639159,44.7573936],[-91.4636021,44.7573994],[-91.4631712,44.7573821],[-91.4629516,44.7572955],[-91.4628297,44.7571627],[-91.4627321,44.7568855],[-91.4627412,44.7564165],[-91.4627657,44.7563192]]}},{"type":"Feature","id":670708625,"properties":{"name":null,"highway":"path","surface":null,"category":"trail"},"geometry":{"type":"LineString","coordinates":[[-91.469644,44.7585314],[-91.4694379,44.7585594]]}},{"type":"Feature","id":670709391,"properties":{"name":"Ridgeline","highway":"path","surface":"dirt","category":"trail"},"geometry":{"type":"LineString","coordinates":[[-91.4666578,44.754887],[-91.466731,44.7550155],[-91.4668184,44.7552248],[-91.4668428,44.7553114],[-91.4668916,44.7553951],[-91.4668224,44.7555423],[-91.4668346,44.7557228],[-91.466798,44.7558051],[-91.4668041,44.7558671],[-91.4668407,44.7559407],[-91.4668672,44.7559999],[-91.4667493,44.7561472],[-91.4666009,44.7563853],[-91.4665602,44.756482],[-91.4665216,44.7565643],[-91.4664952,44.7567202],[-91.4662919,44.756827],[-91.4662411,44.7568876],[-91.4662451,44.7569324],[-91.4663468,44.7570334],[-91.4664017,44.7571662],[-91.4664037,44.757224],[-91.4663224,44.757286],[-91.4662756,44.7573394],[-91.4662899,44.7574347],[-91.4663691,44.7574997],[-91.46642,44.7575432]]}},{"type":"Feature","id":670711727,"properties":{"name":"Ski Trail","highway":"path","surface":"grass","category":"trail"},"geometry":{"type":"LineString","coordinates":[[-91.4617821,44.7531915],[-91.4619755,44.7532073],[-91.4621564,44.7531755],[-91.462256,44.753138],[-91.4623556,44.7531062],[-91.462492,44.7530975]]}},{"type":"Feature","id":670738091,"properties":{"name":"Jekyll and Hyde","highway":"path","surface":"dirt","category":"trail"},"geometry":{"type":"LineString","coordinates":[[-91.4680369,44.7615812],[-91.4678767,44.7616031],[-91.4677904,44.7616643],[-91.4678767,44.7617343],[-91.46808,44.7617606],[-91.4682294,44.7618339],[-91.4684186,44.7619079],[-91.4686324,44.7619857],[-91.4686598,44.7620188],[-91.4686132,44.7620519],[-91.4684158,44.7620227],[-91.4679444,44.7619682],[-91.4677772,44.7619565],[-91.4676922,44.761939],[-91.4675158,44.7618966],[-91.4672838,44.7618728],[-91.4671832,44.7618738],[-91.4671269,44.7618452],[-91.4670759,44.7618014]]}},{"type":"Feature","id":670738092,"properties":{"name":"Jekyll and Hyde","highway":"path","surface":"dirt","category":"trail"},"geometry":{"type":"LineString","coordinates":[[-91.4677904,44.7616643],[-91.467784,44.7617024],[-91.467784,44.7617329],[-91.4677518,44.7617481],[-91.467717,44.7617271],[-91.4676714,44.7617062],[-91.4676445,44.7617195],[-91.467674,44.761769],[-91.4677143,44.7617938],[-91.4676848,44.7618528],[-91.4676177,44.7618605],[-91.467556,44.7618624],[-91.4675292,44.7618757],[-91.4675158,44.7618966]]}},{"type":"Feature","id":676045690,"properties":{"name":null,"highway":"cycleway","surface":"concrete","category":"trail"},"geometry":{"type":"LineString","coordinates":[[-91.5029281,44.8094372],[-91.5029441,44.8094755],[-91.5029454,44.8094969],[-91.5029388,44.8095329],[-91.5029184,44.8095662],[-91.5028948,44.8095852],[-91.5028888,44.8095901],[-91.5028586,44.8096088]]}},{"type":"Feature","id":676627894,"properties":{"name":null,"highway":"cycleway","surface":"concrete","category":"trail"},"geometry":{"type":"LineString","coordinates":[[-91.5292474,44.7995867],[-91.5292655,44.799545],[-91.5292737,44.7994797],[-91.529261,44.7993947],[-91.5292305,44.799326],[-91.5291661,44.7992575],[-91.528744,44.7988901],[-91.5283889,44.7985843],[-91.5281869,44.7983876],[-91.5276369,44.7979351]]}},{"type":"Feature","id":676627895,"properties":{"name":null,"highway":"cycleway","surface":null,"category":"trail"},"geometry":{"type":"LineString","coordinates":[[-91.5276369,44.7979351],[-91.5254494,44.7962114]]}},{"type":"Feature","id":676627897,"properties":{"name":null,"highway":"cycleway","surface":"paved","category":"trail"},"geometry":{"type":"LineString","coordinates":[[-91.5254494,44.7962114],[-91.5253521,44.7961421],[-91.5251784,44.7960446],[-91.5250321,44.7959656],[-91.5249144,44.7958988],[-91.5247789,44.7958067],[-91.5246691,44.7957466],[-91.5245128,44.7956942],[-91.524438,44.7956662],[-91.5243692,44.7956353]]}},{"type":"Feature","id":676627898,"properties":{"name":null,"highway":"cycleway","surface":"asphalt","category":"trail"},"geometry":{"type":"LineString","coordinates":[[-91.5283889,44.7985843],[-91.5283533,44.7986],[-91.5282931,44.7986074],[-91.5282457,44.7986022],[-91.5281975,44.7985732],[-91.5281553,44.7985232],[-91.5281038,44.7984629],[-91.528033,44.7984208],[-91.5279088,44.7983737],[-91.5278446,44.7983563],[-91.5277771,44.7983469],[-91.527705,44.7983513],[-91.5266825,44.7984184],[-91.5265172,44.7984255],[-91.526405,44.7984123],[-91.5262968,44.7983864],[-91.5261369,44.7983084]]}},{"type":"Feature","id":676930552,"properties":{"name":null,"highway":"footway","surface":"asphalt","category":"trail"},"geometry":{"type":"LineString","coordinates":[[-91.5150315,44.79325],[-91.5150525,44.7931216],[-91.5150699,44.7930633]]}},{"type":"Feature","id":676930553,"properties":{"name":null,"highway":"cycleway","surface":"asphalt","category":"trail"},"geometry":{"type":"LineString","coordinates":[[-91.5091641,44.7928235],[-91.5097435,44.7927976],[-91.5100361,44.7928406],[-91.5121191,44.7928113],[-91.5136367,44.7927869],[-91.5137571,44.792791],[-91.5139292,44.7928158],[-91.5139833,44.7928216],[-91.5140374,44.7928183],[-91.5141465,44.7927912],[-91.5142209,44.7927798],[-91.5143848,44.7927812],[-91.5144837,44.7927679],[-91.5145891,44.7927424],[-91.5146768,44.7927144],[-91.5147722,44.7926751],[-91.5148582,44.7926382],[-91.5149347,44.7925678],[-91.5149961,44.7924885],[-91.5150394,44.7924041],[-91.515115,44.792148],[-91.5151978,44.7918945],[-91.5153803,44.7914946],[-91.5155166,44.7912701],[-91.5156656,44.7910673],[-91.5158369,44.7908501],[-91.5160463,44.7906267],[-91.5162601,44.7904184],[-91.5163263,44.7903696],[-91.516385,44.7903407],[-91.5164704,44.7903109],[-91.5165106,44.790286],[-91.5165383,44.7902545],[-91.5165994,44.7901618],[-91.5166605,44.7900945],[-91.5167648,44.7900188],[-91.5169329,44.7899032],[-91.5172232,44.7897283],[-91.5175562,44.789554],[-91.5178841,44.789407],[-91.5182171,44.7892744],[-91.5182861,44.7892682],[-91.5183703,44.7892714],[-91.5184226,44.789264],[-91.5184628,44.7892376],[-91.5184944,44.7892027],[-91.5185421,44.789159],[-91.518594,44.7891245],[-91.5186633,44.7890954],[-91.5187582,44.7890809]]}},{"type":"Feature","id":677777103,"properties":{"name":null,"highway":"cycleway","surface":"asphalt","category":"trail"},"geometry":{"type":"LineString","coordinates":[[-91.5009966,44.8066053],[-91.5008788,44.8066119],[-91.5007914,44.8066312],[-91.5007154,44.8066583],[-91.5005318,44.8067262],[-91.5005066,44.8067835],[-91.5004093,44.8068603]]}},{"type":"Feature","id":677777104,"properties":{"name":null,"highway":"cycleway","surface":"asphalt","category":"trail"},"geometry":{"type":"LineString","coordinates":[[-91.5005318,44.8067262],[-91.50041,44.8067052],[-91.500279,44.8066842]]}},{"type":"Feature","id":677794073,"properties":{"name":"Summit Avenue","highway":"secondary","surface":"asphalt","category":"lane"},"geometry":{"type":"LineString","coordinates":[[-91.4968339,44.8012437],[-91.4967234,44.8011935],[-91.4965192,44.8011594],[-91.4964159,44.8011415]]}},{"type":"Feature","id":677794075,"properties":{"name":"Summit Avenue","highway":"secondary","surface":"asphalt","category":"lane"},"geometry":{"type":"LineString","coordinates":[[-91.4964933,44.8012244],[-91.4967073,44.8012588],[-91.4968339,44.8012437]]}},{"type":"Feature","id":677794078,"properties":{"name":"Summit Avenue","highway":"secondary","surface":"asphalt","category":"lane"},"geometry":{"type":"LineString","coordinates":[[-91.4959827,44.8011078],[-91.4949969,44.8009384],[-91.4948357,44.8009079]]}},{"type":"Feature","id":677794083,"properties":{"name":"Summit Avenue","highway":"secondary","surface":"asphalt","category":"lane"},"geometry":{"type":"LineString","coordinates":[[-91.4963049,44.8011264],[-91.4961583,44.8011044],[-91.4959827,44.8011078]]}},{"type":"Feature","id":683359949,"properties":{"name":"Fern Sniper","highway":"path","surface":"dirt","category":"trail"},"geometry":{"type":"LineString","coordinates":[[-91.451122,44.8510637],[-91.4508772,44.8510539],[-91.4506568,44.8510365],[-91.4504062,44.8510179],[-91.4501286,44.8510099],[-91.4499472,44.8509702],[-91.4496314,44.8509435],[-91.4495379,44.8509436],[-91.4494702,44.8509189],[-91.4493692,44.8509115],[-91.4492113,44.8509213],[-91.4490744,44.8509507],[-91.4489496,44.850996],[-91.4488075,44.8510295],[-91.4487147,44.8511087],[-91.4486111,44.8511803],[-91.448507,44.851234],[-91.4484069,44.8512974],[-91.4483727,44.851365],[-91.4483706,44.8514248],[-91.4484319,44.8514787],[-91.448508,44.8515461],[-91.4485966,44.8516292],[-91.4488512,44.8517754],[-91.4489345,44.8518143],[-91.4490945,44.8518877],[-91.4492403,44.8519877],[-91.4494284,44.8521278],[-91.4495907,44.8522086],[-91.4497625,44.8522742],[-91.4499961,44.8523312],[-91.4501713,44.8524172],[-91.4503593,44.8524932],[-91.4506283,44.8526026],[-91.4507667,44.8527344],[-91.4509605,44.8528409],[-91.4510996,44.8528556]]}},{"type":"Feature","id":683359950,"properties":{"name":"Westside","highway":"path","surface":"dirt","category":"trail"},"geometry":{"type":"LineString","coordinates":[[-91.4542557,44.8513128],[-91.4542851,44.8512426],[-91.4543419,44.8512007],[-91.4543415,44.8511488],[-91.4543422,44.8510948],[-91.454386,44.8510851],[-91.4544119,44.8511075],[-91.4544162,44.8511509],[-91.4543954,44.8511943],[-91.4543943,44.8512467],[-91.4543671,44.8512773],[-91.4543521,44.8513267],[-91.4543929,44.8513995],[-91.4543952,44.8514657],[-91.4543993,44.8515235],[-91.4543869,44.8515679],[-91.4543833,44.8516054],[-91.4544139,44.8516086],[-91.4544385,44.8515919],[-91.4544503,44.8515613],[-91.454455,44.8514079],[-91.4544715,44.8513819],[-91.4545149,44.8513416],[-91.4545371,44.8512987],[-91.4545334,44.8512535],[-91.4545497,44.8512134],[-91.4546112,44.8511653],[-91.4546372,44.8511299],[-91.4546281,44.851084],[-91.4546472,44.8510456],[-91.4547052,44.851023],[-91.4547365,44.8509867],[-91.4547879,44.8509401],[-91.4548122,44.8509535],[-91.4548029,44.8509848],[-91.4547711,44.8510154],[-91.4547459,44.8510793],[-91.4547444,44.8511349],[-91.4547104,44.8511942],[-91.4546847,44.851272],[-91.454673,44.8513398],[-91.4546765,44.8513692],[-91.4547152,44.8513724],[-91.4547455,44.8513449],[-91.454762,44.8512779],[-91.4547924,44.8512197],[-91.454804,44.8511456],[-91.4548341,44.8511009],[-91.4548977,44.8510634],[-91.4549354,44.851056],[-91.4549375,44.8510864],[-91.4549159,44.851128],[-91.4548807,44.8511602],[-91.4548622,44.8512108],[-91.4548778,44.8513586],[-91.4548588,44.8514458],[-91.4548518,44.8515236],[-91.4548576,44.8515707],[-91.4549,44.8516146],[-91.4549209,44.8516856],[-91.4549135,44.8517156],[-91.4548933,44.8517443],[-91.4547758,44.8518144],[-91.4547376,44.8518478],[-91.4547244,44.8518856],[-91.454701,44.8519159],[-91.4546548,44.851938],[-91.4546217,44.8519513],[-91.4546295,44.8519661],[-91.4546614,44.851964],[-91.4547307,44.8519488],[-91.4547875,44.8519259],[-91.4548326,44.8518922],[-91.4548754,44.8518437],[-91.4548972,44.8518354],[-91.45491,44.8518467],[-91.4548894,44.8518779],[-91.4548577,44.851911],[-91.4548299,44.8519463],[-91.4548194,44.8519838],[-91.4548015,44.8520238],[-91.4547735,44.8520567],[-91.4547314,44.8520798],[-91.4546194,44.8521427],[-91.4546046,44.8521582],[-91.4546217,44.8521737],[-91.4547353,44.8521706],[-91.4547563,44.8521566],[-91.4548038,44.8521372],[-91.4548365,44.8521439],[-91.454845,44.8521671],[-91.4548303,44.8521921],[-91.4548046,44.8522112],[-91.4546793,44.8522762],[-91.4546699,44.852289],[-91.4546856,44.8522978],[-91.4547128,44.8522939],[-91.4547649,44.8522708],[-91.4548357,44.8522468],[-91.4548528,44.8522553],[-91.4548482,44.8522758],[-91.454814,44.8523027],[-91.4547773,44.8523286],[-91.4547283,44.8523574],[-91.4546855,44.8523711],[-91.454687,44.8523852],[-91.4547213,44.8523872],[-91.4548062,44.8523894],[-91.4548388,44.8524043],[-91.4548404,44.8524264],[-91.4548268,44.8524421],[-91.4547797,44.8524583],[-91.4547578,44.8524743],[-91.4547672,44.852492],[-91.4547991,44.8525053],[-91.4548529,44.8525019],[-91.4548755,44.852512],[-91.4548779,44.8525345],[-91.4548629,44.8525593],[-91.4548283,44.8525913],[-91.4548116,44.8526305],[-91.4547921,44.8526873],[-91.4547548,44.8527353],[-91.454725,44.8527646],[-91.4547074,44.8528542],[-91.4547168,44.8529436],[-91.4547495,44.8530594],[-91.4548233,44.8531757],[-91.4548332,44.8533137],[-91.4548231,44.8534901],[-91.4547821,44.8538236],[-91.4547729,44.853858],[-91.4547343,44.8538778],[-91.454629,44.8538846],[-91.4542927,44.8539231]]}},{"type":"Feature","id":691437416,"properties":{"name":"Traverse","highway":"path","surface":"dirt","category":"trail"},"geometry":{"type":"LineString","coordinates":[[-91.4542557,44.8513128],[-91.4543284,44.8514319],[-91.4543375,44.8514766],[-91.454319,44.8515131],[-91.4542781,44.8515397],[-91.4542208,44.8515459],[-91.4540934,44.8515308],[-91.4538634,44.8514706],[-91.4537112,44.8514681],[-91.4535696,44.8514882],[-91.4534887,44.851473],[-91.4533431,44.8514581],[-91.4531557,44.8514001],[-91.452922,44.8513548],[-91.4526867,44.8513464],[-91.4524813,44.8513382],[-91.4522945,44.8513001],[-91.4521964,44.8512761],[-91.4520998,44.8512412]]}},{"type":"Feature","id":691437419,"properties":{"name":"Traverse","highway":"path","surface":"dirt","category":"trail"},"geometry":{"type":"LineString","coordinates":[[-91.4516568,44.8511212],[-91.451697,44.8511079],[-91.4517507,44.8511079],[-91.4518097,44.8511136],[-91.4519626,44.851125],[-91.4520779,44.8511326],[-91.4521718,44.8511517],[-91.4522469,44.8511669],[-91.4523381,44.8512087],[-91.4524641,44.8512391],[-91.4526117,44.8512715],[-91.4527538,44.8512867],[-91.4528987,44.8513038],[-91.452963,44.8513114],[-91.4529684,44.8513304],[-91.452922,44.8513548]]}},{"type":"Feature","id":691444896,"properties":{"name":null,"highway":"footway","surface":"dirt","category":"trail"},"geometry":{"type":"LineString","coordinates":[[-91.4525882,44.8539152],[-91.4525176,44.8538837],[-91.4524222,44.8537026]]}},{"type":"Feature","id":691444897,"properties":{"name":null,"highway":"path","surface":"dirt","category":"trail"},"geometry":{"type":"LineString","coordinates":[[-91.4526921,44.8532792],[-91.4527889,44.8532506],[-91.4531281,44.853254],[-91.4532279,44.8533031],[-91.4534838,44.8535387],[-91.4535415,44.8536688],[-91.4535339,44.8539222]]}},{"type":"Feature","id":691466378,"properties":{"name":"Free Willy","highway":"path","surface":"dirt","category":"trail"},"geometry":{"type":"LineString","coordinates":[[-91.5179563,44.8438026],[-91.517993,44.8437076],[-91.5179408,44.8436468],[-91.5179358,44.8435859],[-91.5179823,44.8435579],[-91.5180707,44.843562],[-91.5182475,44.8435536],[-91.5184217,44.8435469],[-91.5185626,44.8435634],[-91.5186751,44.843493],[-91.5187338,44.8434176],[-91.5186946,44.8433197],[-91.5185989,44.8432519],[-91.5185182,44.8432095],[-91.518417,44.8432132],[-91.5183035,44.8432155],[-91.5181915,44.8431521],[-91.5180245,44.8430958],[-91.5178689,44.8430592],[-91.517661,44.8430293],[-91.5175216,44.8429978],[-91.5174445,44.8429735],[-91.5173278,44.8429804],[-91.5171654,44.842997],[-91.516607,44.843027],[-91.5165175,44.8430656],[-91.5164185,44.8430665],[-91.516244,44.8429688],[-91.5161903,44.8429274],[-91.5161226,44.8429241],[-91.5160407,44.8429506],[-91.5159916,44.8429987],[-91.5158354,44.8430369],[-91.5158001,44.8430054],[-91.5157583,44.8429326],[-91.5157072,44.8429126],[-91.5155949,44.8428928],[-91.5155224,44.8428759],[-91.515459,44.8429024],[-91.5154334,44.8429588],[-91.515375,44.8429852],[-91.5152962,44.8429788],[-91.5152446,44.8429474],[-91.5152025,44.8428959],[-91.5151419,44.8428861],[-91.5150506,44.8428943],[-91.5149713,44.8429026],[-91.514878,44.8429425],[-91.5148125,44.8429992],[-91.5147193,44.8430053],[-91.5145792,44.8429969],[-91.5144668,44.8430183],[-91.5144107,44.8430665],[-91.5143921,44.8431246],[-91.5144204,44.843171],[-91.5144765,44.8431859],[-91.5145325,44.843171],[-91.5145934,44.8431394],[-91.5146312,44.843128],[-91.5146897,44.8431263],[-91.5147744,44.8431433],[-91.5148454,44.843171],[-91.5149082,44.8431676],[-91.5150383,44.8431433],[-91.5151377,44.8431574],[-91.5152199,44.8431619],[-91.5153167,44.8431962],[-91.5154552,44.8432043],[-91.5155624,44.8431951],[-91.5156702,44.8431815],[-91.5157419,44.8431684],[-91.5158151,44.8431667],[-91.5158835,44.8431625],[-91.5159557,44.8431819],[-91.5160315,44.8432115],[-91.5161233,44.8432205],[-91.5162027,44.8432177],[-91.5162748,44.8432043],[-91.5163337,44.8432156],[-91.5163999,44.8432572],[-91.5164667,44.8432651],[-91.5165832,44.8432476],[-91.5166728,44.8432491],[-91.5167866,44.8432716],[-91.5168617,44.8433086],[-91.5169427,44.8433251],[-91.5170737,44.8433311],[-91.5171599,44.8433568],[-91.517267,44.8433781],[-91.5173402,44.8433808],[-91.5174164,44.8433819],[-91.5175351,44.8434196],[-91.517592,44.8434223],[-91.5176374,44.8434528],[-91.5176585,44.8435083],[-91.5176098,44.8435318]]}},{"type":"Feature","id":691500172,"properties":{"name":"Nemesis","highway":"path","surface":"dirt","category":"trail"},"geometry":{"type":"LineString","coordinates":[[-91.4666578,44.754887],[-91.4665874,44.7548134],[-91.4664695,44.7547239],[-91.4662499,44.7546661],[-91.4659897,44.7545766],[-91.4657458,44.7545073],[-91.4655344,44.7544265],[-91.4654328,44.754337],[-91.4652824,44.7542879],[-91.4651922,44.7542865],[-91.4650865,44.7543125],[-91.4650174,44.7543009],[-91.4650052,44.7542259],[-91.4649198,44.7542114],[-91.4648995,44.7542663],[-91.4648263,44.754324],[-91.4647328,44.7543818],[-91.4645499,44.7544279],[-91.4643466,44.7544943],[-91.4643263,44.7543933],[-91.4644604,44.7543298],[-91.4645987,44.7542374],[-91.4646109,44.7541768],[-91.4644116,44.7541392],[-91.4642653,44.7542345],[-91.4641433,44.7544077],[-91.4640945,44.7546041],[-91.4640405,44.7546505]]}},{"type":"Feature","id":691504144,"properties":{"name":"Bender","highway":"path","surface":"dirt","category":"trail"},"geometry":{"type":"LineString","coordinates":[[-91.4637375,44.759696],[-91.4636132,44.7596154],[-91.4635319,44.7595462],[-91.4635237,44.7594653],[-91.4635034,44.7594191],[-91.4634018,44.759396],[-91.4633489,44.7593787],[-91.4633733,44.7593441],[-91.463418,44.7593037],[-91.4633652,44.7592517],[-91.4632188,44.7591709],[-91.4630643,44.7590294],[-91.4630074,44.7588937],[-91.4630359,44.7588043],[-91.46317,44.7587581],[-91.4632514,44.7588216],[-91.4633001,44.7588447],[-91.463353,44.75881],[-91.4633733,44.7587667],[-91.4634953,44.7587638],[-91.4635522,44.7587436],[-91.4635319,44.7587061],[-91.4634058,44.7586426],[-91.4632026,44.7586051],[-91.4630318,44.7585733],[-91.4629546,44.7585069],[-91.4629424,44.7584376],[-91.4629993,44.758377],[-91.4632188,44.7583424],[-91.4633977,44.7583481],[-91.4634668,44.7584376],[-91.463605,44.758478],[-91.4637636,44.7584925],[-91.4638332,44.7585013]]}},{"type":"Feature","id":691522595,"properties":{"name":null,"highway":"path","surface":"dirt","category":"trail"},"geometry":{"type":"LineString","coordinates":[[-91.5184747,44.850602],[-91.5184231,44.8505133],[-91.5183802,44.8504397],[-91.518377,44.8503203]]}},{"type":"Feature","id":695612224,"properties":{"name":"Ski Trail","highway":"path","surface":"grass","category":"trail"},"geometry":{"type":"LineString","coordinates":[[-91.4665176,44.7581784],[-91.4666802,44.7581322],[-91.4669241,44.7580889],[-91.467051,44.7580673],[-91.4672128,44.7580398],[-91.4675217,44.7580629],[-91.4675784,44.7580718],[-91.4678145,44.7581091],[-91.4681194,44.7581726]]}},{"type":"Feature","id":695612225,"properties":{"name":"Ski Trail","highway":"path","surface":"grass","category":"trail"},"geometry":{"type":"LineString","coordinates":[[-91.4681194,44.7581726],[-91.4682251,44.7582621],[-91.4683186,44.7583314],[-91.4684975,44.7584064],[-91.4689545,44.7584906],[-91.4691335,44.7585641],[-91.4694379,44.7585594]]}},{"type":"Feature","id":702945673,"properties":{"name":null,"highway":"cycleway","surface":"asphalt","category":"trail"},"geometry":{"type":"LineString","coordinates":[[-91.5240203,44.8014667],[-91.5240102,44.8015026],[-91.5240196,44.8015344],[-91.5240441,44.801564],[-91.5240721,44.8015774],[-91.5241099,44.8015799]]}},{"type":"Feature","id":705121099,"properties":{"name":"Teapot","highway":"path","surface":"dirt","category":"trail"},"geometry":{"type":"LineString","coordinates":[[-91.4481511,44.8519617],[-91.448169,44.8520259],[-91.4482181,44.8521119],[-91.4482671,44.8522543],[-91.4483335,44.8523914],[-91.4483366,44.8524697],[-91.4483614,44.8525061],[-91.4484201,44.8525098],[-91.4484813,44.8524702],[-91.4485436,44.852405],[-91.4485978,44.8523724],[-91.448666,44.8523676],[-91.4487234,44.8523986],[-91.4487574,44.8524322],[-91.4487594,44.8524759],[-91.4487158,44.8525141],[-91.4486911,44.8525427],[-91.4486879,44.8525928],[-91.4487101,44.8526551],[-91.4487485,44.8527001],[-91.4488176,44.852729],[-91.4489019,44.8527343],[-91.4489863,44.8527261],[-91.4490366,44.8526917],[-91.4490894,44.852678],[-91.4491407,44.8526848],[-91.4491554,44.8527199],[-91.4491661,44.8527656],[-91.4491984,44.8528023],[-91.4492875,44.852837],[-91.4494229,44.8528966],[-91.449521,44.8529694],[-91.4496144,44.8530604],[-91.4496681,44.8531581],[-91.4496868,44.8532392],[-91.4497078,44.8533402],[-91.4496588,44.8534461],[-91.4496658,44.8535471],[-91.4497335,44.8536315],[-91.4498993,44.8536845],[-91.4500347,44.8536845],[-91.4501631,44.8536828],[-91.4503126,44.8536961],[-91.450448,44.8537044],[-91.4506068,44.8536878],[-91.4507549,44.8536169],[-91.450863,44.8536136],[-91.4509857,44.8535973],[-91.4511371,44.8535513],[-91.4512939,44.8535027]]}},{"type":"Feature","id":715565232,"properties":{"name":null,"highway":"cycleway","surface":"wood","category":"trail"},"geometry":{"type":"LineString","coordinates":[[-91.5025259,44.8129805],[-91.5021226,44.8124811]]}},{"type":"Feature","id":722302753,"properties":{"name":null,"highway":"cycleway","surface":"asphalt","category":"trail"},"geometry":{"type":"LineString","coordinates":[[-91.5289078,44.7839279],[-91.5289718,44.7839024],[-91.5290433,44.783897],[-91.5291345,44.7839326],[-91.5292333,44.7839646],[-91.5293675,44.7840062],[-91.5294873,44.7840561],[-91.529493,44.7840886],[-91.5295454,44.7841621],[-91.5296865,44.7841385],[-91.5297446,44.7841385],[-91.5298318,44.7841533],[-91.5299895,44.7842063],[-91.530114,44.7842564],[-91.5303446,44.7843853],[-91.5304686,44.7844568],[-91.5306841,44.784576],[-91.5308526,44.7847176],[-91.5309833,44.7848518],[-91.5311071,44.7849909],[-91.5311385,44.7850376],[-91.5312206,44.7851593],[-91.5313719,44.7854742],[-91.5315078,44.7857268],[-91.5316057,44.7859087],[-91.5316187,44.7859377],[-91.5318133,44.7863723],[-91.5318889,44.7865412],[-91.5319056,44.7866239]]}},{"type":"Feature","id":722302754,"properties":{"name":"Old Abe State Trail","highway":"cycleway","surface":"concrete","category":"trail"},"geometry":{"type":"LineString","coordinates":[[-91.5013204,44.8135333],[-91.5015227,44.8135056],[-91.5015946,44.8134964],[-91.5016726,44.8134791],[-91.5017467,44.8134531],[-91.5018175,44.813419],[-91.5018653,44.8133869],[-91.5019192,44.8133457],[-91.5019649,44.8132974],[-91.5019887,44.8132574],[-91.5020215,44.8132152],[-91.5020691,44.8131819],[-91.5021197,44.8131643],[-91.5021822,44.8131551],[-91.5024549,44.813129],[-91.5025275,44.8131221],[-91.5027015,44.8130974],[-91.5030632,44.8130512],[-91.5031208,44.8130459],[-91.5031845,44.813048],[-91.5035896,44.8130982],[-91.5037591,44.8131197],[-91.503878,44.8131478],[-91.5039258,44.8131673],[-91.5039759,44.8131918],[-91.5040369,44.8132282],[-91.5040846,44.8132598],[-91.5041152,44.81328],[-91.5041428,44.8132947],[-91.5041732,44.8133079],[-91.5042134,44.8133203],[-91.5042568,44.8133274],[-91.5043,44.8133305],[-91.5043677,44.8133307]]}},{"type":"Feature","id":722302755,"properties":{"name":"Old Abe State Trail","highway":"cycleway","surface":"paved","category":"trail"},"geometry":{"type":"LineString","coordinates":[[-91.5010204,44.8135739],[-91.5013204,44.8135333]]}},{"type":"Feature","id":722302757,"properties":{"name":null,"highway":"cycleway","surface":"concrete","category":"trail"},"geometry":{"type":"LineString","coordinates":[[-91.5096162,44.8207155],[-91.5093381,44.8202467],[-91.5092533,44.8201038],[-91.5092241,44.8200159],[-91.5091861,44.8199018],[-91.509134,44.8196658],[-91.5089365,44.8187711],[-91.5089013,44.8184851],[-91.5088752,44.8184049],[-91.5088341,44.8182785],[-91.5086278,44.8179352],[-91.5085909,44.8178495],[-91.5085647,44.8177548],[-91.5085481,44.8176601],[-91.5085529,44.8175648],[-91.5085653,44.8174649],[-91.5085886,44.8173509],[-91.5085969,44.8172971],[-91.5086185,44.8171564],[-91.5086228,44.8170658],[-91.5086046,44.8169691],[-91.5085677,44.8168787],[-91.5085168,44.8168057],[-91.5084541,44.8167317],[-91.5083148,44.8166147],[-91.508282,44.8165717],[-91.5082643,44.8165234],[-91.5082445,44.8164244],[-91.5081888,44.8163802],[-91.5081464,44.8163264],[-91.508108,44.8162234],[-91.5080765,44.8159871],[-91.5080774,44.815793],[-91.5081152,44.8155334],[-91.5081495,44.8154095],[-91.5082262,44.8152084],[-91.508303,44.8150636],[-91.5083591,44.8149877],[-91.5084424,44.8149153],[-91.5085526,44.8148553],[-91.5086899,44.8148402],[-91.5092495,44.8148355],[-91.5092482,44.8148105],[-91.5092453,44.8147646]]}},{"type":"Feature","id":725220214,"properties":{"name":"Jeffers Road","highway":"secondary","surface":"asphalt","category":"lane"},"geometry":{"type":"LineString","coordinates":[[-91.5244069,44.8432762],[-91.5244015,44.8433954],[-91.5243915,44.8437461],[-91.5243729,44.8443956],[-91.5243498,44.8452003],[-91.5243486,44.8452413],[-91.5243474,44.8452845],[-91.524298,44.8470048],[-91.5242414,44.8487627],[-91.5241873,44.8500135],[-91.5241103,44.8517953],[-91.5240835,44.8524167],[-91.5239999,44.8543508],[-91.5238628,44.8569437],[-91.5238514,44.8573572]]}},{"type":"Feature","id":737899015,"properties":{"name":"West Hamilton Avenue","highway":"tertiary","surface":null,"category":"lane"},"geometry":{"type":"LineString","coordinates":[[-91.5276273,44.7837049],[-91.5277041,44.7836618],[-91.5278427,44.7836124],[-91.5280256,44.7835749]]}},{"type":"Feature","id":737899016,"properties":{"name":"West Hamilton Avenue","highway":"tertiary","surface":null,"category":"lane"},"geometry":{"type":"LineString","coordinates":[[-91.5280256,44.7835749],[-91.528237,44.7835663],[-91.528351,44.7835732],[-91.5284606,44.783598],[-91.5287137,44.783677]]}},{"type":"Feature","id":737899017,"properties":{"name":"West Hamilton Avenue","highway":"tertiary","surface":null,"category":"lane"},"geometry":{"type":"LineString","coordinates":[[-91.5273412,44.7841014],[-91.5274246,44.7839738],[-91.5275896,44.7837416],[-91.5276273,44.7837049]]}},{"type":"Feature","id":743674318,"properties":{"name":null,"highway":"cycleway","surface":null,"category":"trail"},"geometry":{"type":"LineString","coordinates":[[-91.5410082,44.8326823],[-91.5408773,44.8325489],[-91.5408318,44.8324775],[-91.5407733,44.8323646],[-91.5407181,44.8322125],[-91.5406791,44.8320305],[-91.5406726,44.8319199],[-91.5406791,44.8318369],[-91.5406888,44.8317448],[-91.5407278,44.8316134],[-91.540926,44.8311825],[-91.5411927,44.8306872],[-91.5413711,44.8303069],[-91.5414166,44.8301802],[-91.5414426,44.8300581],[-91.5414524,44.8299198],[-91.5414459,44.8297954],[-91.5414134,44.8296203],[-91.5413517,44.8293],[-91.5413387,44.8291594],[-91.5413289,44.8288276],[-91.541329,44.8287342]]}},{"type":"Feature","id":751604145,"properties":{"name":null,"highway":"cycleway","surface":null,"category":"trail"},"geometry":{"type":"LineString","coordinates":[[-91.4731628,44.7944672],[-91.473081,44.7944544],[-91.4728868,44.7944448],[-91.472286,44.7944844],[-91.472073,44.7945012],[-91.4719726,44.7944917]]}},{"type":"Feature","id":751703116,"properties":{"name":"West Hamilton Avenue","highway":"tertiary","surface":"asphalt","category":"shared"},"geometry":{"type":"LineString","coordinates":[[-91.4967685,44.785659],[-91.4985801,44.7856606],[-91.4987597,44.7856608],[-91.4988705,44.7856604],[-91.4992807,44.7856591],[-91.5002869,44.7856651],[-91.5028293,44.7856715],[-91.502972,44.7856715],[-91.5043421,44.7856712],[-91.5044768,44.7856692],[-91.5045827,44.7856676],[-91.5055037,44.7856767],[-91.5056757,44.7856784],[-91.5059711,44.7856781],[-91.5062868,44.7856777],[-91.5064461,44.7856775],[-91.5066857,44.7856772],[-91.5070489,44.7856768],[-91.5073363,44.7856765],[-91.5074202,44.7856764],[-91.5077519,44.7856757],[-91.5086289,44.7856737],[-91.50876,44.7856748]]}},{"type":"Feature","id":751703119,"properties":{"name":"State Street","highway":"secondary","surface":"asphalt","category":"lane"},"geometry":{"type":"LineString","coordinates":[[-91.4961828,44.7852836],[-91.4961973,44.7849578],[-91.4962,44.7848306]]}},{"type":"Feature","id":751707804,"properties":{"name":"State Street","highway":"secondary","surface":"asphalt","category":"lane"},"geometry":{"type":"LineString","coordinates":[[-91.4961538,44.7888331],[-91.4961584,44.7884272],[-91.4961593,44.7883516],[-91.4961601,44.7882828],[-91.4961699,44.7875402],[-91.4961708,44.7874758],[-91.4961712,44.7873934],[-91.4961747,44.7866497],[-91.496175,44.7865787],[-91.4961755,44.7865056],[-91.4961782,44.7860955]]}},{"type":"Feature","id":751707806,"properties":{"name":"West MacArthur Avenue","highway":"residential","surface":"asphalt","category":"shared"},"geometry":{"type":"LineString","coordinates":[[-91.5062785,44.7892972],[-91.5057952,44.7892905],[-91.5051487,44.7892864],[-91.5045385,44.7892825],[-91.5037318,44.7892833],[-91.5036048,44.7892766],[-91.5032058,44.789274],[-91.5022505,44.7892707],[-91.5016251,44.7892691],[-91.5015875,44.789269],[-91.5011529,44.7892757],[-91.5002758,44.7892738],[-91.4999655,44.7892705],[-91.4998517,44.7892708],[-91.4986239,44.7892742],[-91.4970187,44.7892642],[-91.4968723,44.7892633]]}},{"type":"Feature","id":751712967,"properties":{"name":"State Street","highway":"secondary","surface":"asphalt","category":"lane"},"geometry":{"type":"LineString","coordinates":[[-91.4961312,44.7909549],[-91.4961317,44.7908855],[-91.4961365,44.7902474],[-91.496138,44.790174],[-91.496139,44.7901],[-91.4961481,44.7897219]]}},{"type":"Feature","id":757885145,"properties":{"name":null,"highway":"footway","surface":null,"category":"trail"},"geometry":{"type":"LineString","coordinates":[[-91.4406095,44.7921213],[-91.4400693,44.7921498],[-91.4397848,44.7921214],[-91.4395382,44.7921612],[-91.4393129,44.7922487],[-91.4390286,44.7922678],[-91.4387818,44.7922183],[-91.4385136,44.7921993],[-91.438299,44.7921421],[-91.4381864,44.7920965],[-91.4378216,44.7921269],[-91.4375158,44.7921612],[-91.437312,44.7921536],[-91.4371135,44.7921041],[-91.4369204,44.7919442],[-91.4367272,44.7917005],[-91.4366468,44.7915064],[-91.4366039,44.7913351],[-91.4366414,44.7911638],[-91.4365931,44.7910191],[-91.4365127,44.7908211],[-91.4364644,44.7906688],[-91.4363732,44.7905204],[-91.4362981,44.7904404],[-91.4360889,44.7903909],[-91.4353379,44.7903224],[-91.4351624,44.7902591],[-91.4349837,44.7901919],[-91.4348497,44.7901729],[-91.4344975,44.7901667],[-91.434265,44.7902463],[-91.4340075,44.790349],[-91.4338841,44.7904595],[-91.4337929,44.7906384],[-91.4337017,44.7907792]]}},{"type":"Feature","id":760209820,"properties":{"name":"Old Abe State Trail","highway":"cycleway","surface":"paved","category":"trail"},"geometry":{"type":"LineString","coordinates":[[-91.4992392,44.8147397],[-91.4992132,44.8146496],[-91.4991495,44.8144453],[-91.4990819,44.8142486],[-91.4990875,44.814182],[-91.499128,44.8141389],[-91.4993084,44.814054],[-91.4996827,44.8139168],[-91.4997659,44.8138933]]}},{"type":"Feature","id":768635313,"properties":{"name":"Chippewa River State Trail","highway":"cycleway","surface":"paved","category":"trail"},"geometry":{"type":"LineString","coordinates":[[-91.5437342,44.7787536],[-91.5434677,44.778775],[-91.5431577,44.7787934],[-91.5427283,44.7787997],[-91.5423885,44.7787799],[-91.5415739,44.7787544],[-91.5411081,44.7787454],[-91.5404731,44.7787454],[-91.5400813,44.778747],[-91.5397476,44.7787602],[-91.5393906,44.778803],[-91.5388274,44.7788852],[-91.5384148,44.7789593],[-91.5380764,44.7790448],[-91.5377566,44.7791435],[-91.5373742,44.7792867],[-91.537096,44.7794265],[-91.5368411,44.7795598],[-91.5365907,44.7797194],[-91.5363833,44.7798733],[-91.536161,44.78006],[-91.5358659,44.7803982]]}},{"type":"Feature","id":768635314,"properties":{"name":"Chippewa River State Trail","highway":"cycleway","surface":"paved","category":"trail"},"geometry":{"type":"LineString","coordinates":[[-91.5438255,44.7787432],[-91.5437342,44.7787536]]}},{"type":"Feature","id":768635315,"properties":{"name":"Chippewa River State Trail","highway":"cycleway","surface":"asphalt","category":"trail"},"geometry":{"type":"LineString","coordinates":[[-91.560972,44.7820814],[-91.5610403,44.7819189],[-91.5612707,44.7816969],[-91.5622687,44.7811193],[-91.5637008,44.7805127],[-91.5644786,44.7799796],[-91.5648058,44.7798463],[-91.5651548,44.7797218],[-91.565412,44.779496],[-91.5659324,44.7793094],[-91.5665117,44.7791724],[-91.5673003,44.7790162],[-91.5679172,44.7787611],[-91.5685341,44.7784679],[-91.5687004,44.7782509],[-91.5687651,44.7778408],[-91.568867,44.7766146],[-91.5688238,44.7750331],[-91.568749,44.7716793],[-91.5687527,44.7697559]]}},{"type":"Feature","id":768635316,"properties":{"name":"Chippewa River State Trail","highway":"cycleway","surface":"asphalt","category":"trail"},"geometry":{"type":"LineString","coordinates":[[-91.5609289,44.7821838],[-91.560972,44.7820814]]}},{"type":"Feature","id":823456765,"properties":{"name":"Craig Road","highway":"unclassified","surface":"asphalt","category":"lane"},"geometry":{"type":"LineString","coordinates":[[-91.5190833,44.7963966],[-91.519115,44.7961811],[-91.519118,44.7961333],[-91.5191211,44.7960777],[-91.5191192,44.7958514],[-91.5191186,44.795779],[-91.5191149,44.7956894],[-91.5191121,44.7955382],[-91.5191034,44.7954589],[-91.5190918,44.7954103],[-91.5190771,44.7953553]]}},{"type":"Feature","id":823456766,"properties":{"name":"Craig Road","highway":"unclassified","surface":"asphalt","category":"lane"},"geometry":{"type":"LineString","coordinates":[[-91.5190771,44.7953553],[-91.519076,44.7952885],[-91.5190698,44.7949257],[-91.5190633,44.7945392],[-91.5190733,44.7941493],[-91.5191125,44.7938461]]}},{"type":"Feature","id":823456767,"properties":{"name":"Craig Road","highway":"unclassified","surface":"asphalt","category":"lane"},"geometry":{"type":"LineString","coordinates":[[-91.5190771,44.7953553],[-91.5190485,44.7954377],[-91.5190327,44.795531],[-91.5190327,44.795602],[-91.5190328,44.7956916],[-91.5190325,44.7957809],[-91.5190341,44.7958526],[-91.5190406,44.7961339],[-91.5190432,44.7961862],[-91.5190564,44.7962702],[-91.5190833,44.7963966]]}},{"type":"Feature","id":823492539,"properties":{"name":"West Hamilton Avenue","highway":"tertiary","surface":null,"category":"lane"},"geometry":{"type":"LineString","coordinates":[[-91.5287137,44.783677],[-91.5291885,44.783851]]}},{"type":"Feature","id":823492540,"properties":{"name":"Short Road","highway":"tertiary","surface":null,"category":"lane"},"geometry":{"type":"LineString","coordinates":[[-91.5301149,44.7841373],[-91.5299052,44.784072],[-91.5294262,44.7839228]]}},{"type":"Feature","id":823492541,"properties":{"name":null,"highway":"cycleway","surface":null,"category":"trail"},"geometry":{"type":"LineString","coordinates":[[-91.5372942,44.7947278],[-91.5370647,44.794645],[-91.5368008,44.7945202],[-91.5365891,44.7944383]]}},{"type":"Feature","id":823492542,"properties":{"name":"Chippewa River State Trail","highway":"cycleway","surface":"asphalt","category":"trail"},"geometry":{"type":"LineString","coordinates":[[-91.5319869,44.7866005],[-91.5319056,44.7866239],[-91.5269668,44.7939283],[-91.5258799,44.7955731]]}},{"type":"Feature","id":823492543,"properties":{"name":"Chippewa River State Trail","highway":"cycleway","surface":"asphalt","category":"trail"},"geometry":{"type":"LineString","coordinates":[[-91.5320667,44.7863614],[-91.5321658,44.7865524]]}},{"type":"Feature","id":823492544,"properties":{"name":null,"highway":"cycleway","surface":null,"category":"trail"},"geometry":{"type":"LineString","coordinates":[[-91.5348547,44.7934694],[-91.5345981,44.7933082],[-91.5343819,44.7931625],[-91.5341547,44.7929753],[-91.5339568,44.792788],[-91.5338138,44.7926267],[-91.5337295,44.7925123],[-91.5335976,44.7922678],[-91.533517,44.792104],[-91.5334803,44.7919453],[-91.53344,44.7917138],[-91.533202,44.7905606],[-91.5327927,44.7887353],[-91.5326935,44.7883189],[-91.5325901,44.787822],[-91.5325291,44.7875352],[-91.5324398,44.7871784],[-91.5323599,44.7869682],[-91.5322471,44.7867048],[-91.5321658,44.7865524]]}},{"type":"Feature","id":823492545,"properties":{"name":null,"highway":"cycleway","surface":null,"category":"trail"},"geometry":{"type":"LineString","coordinates":[[-91.5365891,44.7944383],[-91.5348547,44.7934694]]}},{"type":"Feature","id":823492548,"properties":{"name":null,"highway":"cycleway","surface":null,"category":"trail"},"geometry":{"type":"LineString","coordinates":[[-91.5320667,44.7863614],[-91.5318321,44.7858764]]}},{"type":"Feature","id":823492549,"properties":{"name":null,"highway":"cycleway","surface":null,"category":"trail"},"geometry":{"type":"LineString","coordinates":[[-91.5318321,44.7858764],[-91.5317278,44.7859048],[-91.5316187,44.7859377]]}},{"type":"Feature","id":829531953,"properties":{"name":null,"highway":"service","surface":"paved","category":"shared"},"geometry":{"type":"LineString","coordinates":[[-91.4846968,44.8134051],[-91.4849779,44.8132135],[-91.4850611,44.8130948]]}},{"type":"Feature","id":829535249,"properties":{"name":null,"highway":"cycleway","surface":null,"category":"trail"},"geometry":{"type":"LineString","coordinates":[[-91.4536734,44.7953645],[-91.4539518,44.7953531],[-91.4545337,44.7953512],[-91.4549581,44.7953408],[-91.4550141,44.7953497],[-91.4551718,44.7954012],[-91.4552222,44.7954098],[-91.4552744,44.7954106],[-91.4553213,44.7953983],[-91.4553632,44.7953797],[-91.4553959,44.7953561],[-91.4554327,44.7953213],[-91.4554777,44.7952804]]}},{"type":"Feature","id":829535250,"properties":{"name":null,"highway":"cycleway","surface":null,"category":"trail"},"geometry":{"type":"LineString","coordinates":[[-91.4531071,44.7954],[-91.4536734,44.7953645]]}},{"type":"Feature","id":834251488,"properties":{"name":null,"highway":"cycleway","surface":"asphalt","category":"trail"},"geometry":{"type":"LineString","coordinates":[[-91.4360879,44.7869948],[-91.4362275,44.7872172],[-91.4362433,44.7872718],[-91.4362531,44.7876383],[-91.436261,44.787718],[-91.4362827,44.7877726],[-91.4363122,44.7878327],[-91.43633,44.7878901],[-91.4363319,44.7880118],[-91.4363122,44.7882887],[-91.4362984,44.7884104],[-91.4362846,44.7884594],[-91.4362196,44.7885]]}},{"type":"Feature","id":834345429,"properties":{"name":null,"highway":"footway","surface":"asphalt","category":"trail"},"geometry":{"type":"LineString","coordinates":[[-91.4418933,44.7933867],[-91.4419696,44.7933167],[-91.4420873,44.7931847],[-91.4422141,44.7930633],[-91.442317,44.7929705],[-91.4424536,44.7929531],[-91.442629,44.7929208],[-91.4426945,44.792863],[-91.4427108,44.7927984],[-91.4426852,44.7927238],[-91.442524,44.7925747],[-91.4423232,44.7923974],[-91.4421901,44.792293],[-91.4420757,44.7922234],[-91.441938,44.7921919],[-91.4418165,44.7921786],[-91.4416624,44.7922168],[-91.441534,44.792235],[-91.4413799,44.7922317],[-91.4410507,44.7921786],[-91.4406095,44.7921213]]}},{"type":"Feature","id":853576679,"properties":{"name":null,"highway":"cycleway","surface":"concrete","category":"trail"},"geometry":{"type":"LineString","coordinates":[[-91.5084424,44.8149153],[-91.508347,44.8151189],[-91.5083439,44.8151629],[-91.508354,44.8154418],[-91.5083774,44.8154897],[-91.5084243,44.8155376]]}},{"type":"Feature","id":863389605,"properties":{"name":null,"highway":"footway","surface":null,"category":"trail"},"geometry":{"type":"LineString","coordinates":[[-91.461507,44.8168405],[-91.4615138,44.8168731],[-91.4615161,44.8169038],[-91.4615006,44.8169353],[-91.4614781,44.816968],[-91.4614395,44.8170052],[-91.4607766,44.8177283],[-91.4607587,44.8177508],[-91.4607571,44.8177629],[-91.4607633,44.8177771],[-91.4607882,44.8177929],[-91.4607662,44.817817]]}},{"type":"Feature","id":863389607,"properties":{"name":null,"highway":"footway","surface":null,"category":"trail"},"geometry":{"type":"LineString","coordinates":[[-91.4606578,44.8179321],[-91.4606889,44.8179339],[-91.4607262,44.8179362],[-91.4607624,44.817947],[-91.4626554,44.8188349],[-91.4626926,44.8188461]]}},{"type":"Feature","id":863389608,"properties":{"name":null,"highway":"footway","surface":null,"category":"trail"},"geometry":{"type":"LineString","coordinates":[[-91.4606578,44.8179321],[-91.4606259,44.8179371],[-91.4606008,44.8179467],[-91.4605607,44.8179676],[-91.4604645,44.8180701]]}},{"type":"Feature","id":863389609,"properties":{"name":null,"highway":"footway","surface":null,"category":"trail"},"geometry":{"type":"LineString","coordinates":[[-91.4603953,44.8181665],[-91.4602395,44.8184084],[-91.4601572,44.8185395],[-91.4601489,44.8185578],[-91.4601549,44.8185898],[-91.4601642,44.8186239],[-91.4601831,44.8186488],[-91.4601906,44.8186582],[-91.4601662,44.8186726]]}},{"type":"Feature","id":863389610,"properties":{"name":null,"highway":"cycleway","surface":"asphalt","category":"trail"},"geometry":{"type":"LineString","coordinates":[[-91.4598572,44.8189446],[-91.4598872,44.8189435],[-91.4599189,44.8189454],[-91.4599528,44.8189582],[-91.4602065,44.8190483],[-91.4618109,44.8196997]]}},{"type":"Feature","id":863389611,"properties":{"name":null,"highway":"cycleway","surface":"paved","category":"trail"},"geometry":{"type":"LineString","coordinates":[[-91.4594623,44.8188191],[-91.4594143,44.8188151],[-91.4594138,44.8187848],[-91.4594021,44.8187512],[-91.4593436,44.8187152],[-91.4592871,44.818695],[-91.4587686,44.8185156],[-91.4584451,44.8184157],[-91.4579891,44.8183213],[-91.4578528,44.818303],[-91.4578103,44.8182987],[-91.4577759,44.8183094]]}},{"type":"Feature","id":863611744,"properties":{"name":"Highland Avenue","highway":"tertiary","surface":null,"category":"lane"},"geometry":{"type":"LineString","coordinates":[[-91.4707539,44.8073357],[-91.4703305,44.807343],[-91.4701885,44.8073454],[-91.4696113,44.8073552],[-91.469158,44.807357],[-91.4690193,44.8073575]]}},{"type":"Feature","id":865140703,"properties":{"name":null,"highway":"cycleway","surface":"concrete","category":"trail"},"geometry":{"type":"LineString","coordinates":[[-91.4585931,44.795331],[-91.4586374,44.7953078],[-91.4587261,44.7952763],[-91.4588185,44.7952501],[-91.4588942,44.7952409],[-91.4589862,44.7952375],[-91.459175,44.7952304],[-91.4596295,44.7952134],[-91.4598715,44.7952173],[-91.4600341,44.7952344],[-91.4602614,44.7952737],[-91.4603223,44.7952881],[-91.4603852,44.7953143],[-91.4604239,44.7953327],[-91.4605644,44.7953746],[-91.4606032,44.7953838],[-91.4606438,44.7953838],[-91.4606677,44.7953786],[-91.4606863,44.7953746],[-91.460714,44.7953602],[-91.4607343,44.7953419],[-91.4607565,44.7953143],[-91.4607639,44.7952842],[-91.4607602,44.7952619]]}},{"type":"Feature","id":865140705,"properties":{"name":null,"highway":"cycleway","surface":"concrete","category":"trail"},"geometry":{"type":"LineString","coordinates":[[-91.4562363,44.7952533],[-91.4567038,44.7952422],[-91.4567488,44.7952469],[-91.4567998,44.7952545],[-91.4568309,44.7952467],[-91.456896,44.7952441],[-91.4573253,44.7952242],[-91.457821,44.7952198],[-91.4579842,44.7952114],[-91.4580828,44.7952079],[-91.4581352,44.7952197],[-91.4581806,44.7952286],[-91.4582885,44.7952198],[-91.4583312,44.7952158],[-91.4584065,44.7952142],[-91.4584526,44.7952142],[-91.4584773,44.7952182],[-91.458502,44.7952278],[-91.45852,44.7952382],[-91.4585335,44.7952493],[-91.4585671,44.7952954],[-91.4585931,44.795331]]}},{"type":"Feature","id":874456030,"properties":{"name":null,"highway":"cycleway","surface":null,"category":"trail"},"geometry":{"type":"LineString","coordinates":[[-91.5042851,44.793377],[-91.5043012,44.7934563]]}},{"type":"Feature","id":893747158,"properties":{"name":null,"highway":"cycleway","surface":null,"category":"trail"},"geometry":{"type":"LineString","coordinates":[[-91.4497765,44.7436541],[-91.4486907,44.74397]]}},{"type":"Feature","id":905478003,"properties":{"name":"East Lake Street","highway":"tertiary","surface":"concrete","category":"lane"},"geometry":{"type":"LineString","coordinates":[[-91.4972794,44.8086031],[-91.4971936,44.8086381],[-91.4970922,44.8086756],[-91.4969127,44.8087525],[-91.4967516,44.80883],[-91.4965365,44.8089281],[-91.4963195,44.8090321],[-91.4962781,44.8090708],[-91.4962367,44.8091199]]}},{"type":"Feature","id":905487105,"properties":{"name":"Eddy Lane","highway":"tertiary","surface":null,"category":"lane"},"geometry":{"type":"LineString","coordinates":[[-91.4979125,44.8505783],[-91.4978733,44.8505602],[-91.497815,44.8505517],[-91.497519,44.8505503],[-91.4966875,44.8505602],[-91.4947761,44.8505757]]}},{"type":"Feature","id":905487107,"properties":{"name":"Eddy Lane","highway":"tertiary","surface":null,"category":"lane"},"geometry":{"type":"LineString","coordinates":[[-91.4781896,44.8507325],[-91.4781048,44.8507304],[-91.4775525,44.8507373],[-91.4769273,44.8507439],[-91.4756098,44.8507493],[-91.4753805,44.8507504],[-91.4745051,44.8507545]]}},{"type":"Feature","id":905487108,"properties":{"name":"Eddy Lane","highway":"tertiary","surface":null,"category":"lane"},"geometry":{"type":"LineString","coordinates":[[-91.4745051,44.8507545],[-91.4740571,44.8507532],[-91.4736771,44.8507492],[-91.4735205,44.8507482]]}},{"type":"Feature","id":905487109,"properties":{"name":"Eddy Lane","highway":"tertiary","surface":null,"category":"lane"},"geometry":{"type":"LineString","coordinates":[[-91.4735205,44.8507482],[-91.473311,44.8507491]]}},{"type":"Feature","id":905487111,"properties":{"name":"Starr Avenue","highway":"tertiary","surface":null,"category":"lane"},"geometry":{"type":"LineString","coordinates":[[-91.4781402,44.8558347],[-91.4781311,44.8563624],[-91.4781252,44.8567035],[-91.4781412,44.8573079]]}},{"type":"Feature","id":905487113,"properties":{"name":"Starr Avenue","highway":"tertiary","surface":null,"category":"lane"},"geometry":{"type":"LineString","coordinates":[[-91.4783702,44.8623913],[-91.478416,44.863247],[-91.478416,44.863373],[-91.4784384,44.8637255],[-91.478447,44.863861],[-91.478447,44.863979],[-91.478455,44.864059],[-91.478447,44.864178],[-91.478424,44.864285],[-91.478378,44.864365],[-91.478325,44.864429],[-91.478264,44.864487],[-91.478203,44.864532],[-91.478127,44.864578]]}},{"type":"Feature","id":905487116,"properties":{"name":"Melby Street","highway":"tertiary","surface":"asphalt","category":"lane"},"geometry":{"type":"LineString","coordinates":[[-91.4683688,44.8647209],[-91.4672329,44.8647294],[-91.4667791,44.8647328],[-91.4657435,44.8647407],[-91.4654126,44.864743]]}},{"type":"Feature","id":905820047,"properties":{"name":"Eddy Lane","highway":"tertiary","surface":null,"category":"lane"},"geometry":{"type":"LineString","coordinates":[[-91.4947761,44.8505757],[-91.4934994,44.8505799],[-91.4909363,44.8506084]]}},{"type":"Feature","id":905831700,"properties":{"name":"Forest Street","highway":"unclassified","surface":"asphalt","category":"lane"},"geometry":{"type":"LineString","coordinates":[[-91.5048371,44.817428],[-91.5051273,44.8186026]]}},{"type":"Feature","id":905839043,"properties":{"name":"Water Street","highway":"secondary","surface":null,"category":"lane"},"geometry":{"type":"LineString","coordinates":[[-91.5011139,44.801968],[-91.5004492,44.8018619]]}},{"type":"Feature","id":905852923,"properties":{"name":"Summit Avenue","highway":"secondary","surface":"asphalt","category":"lane"},"geometry":{"type":"LineString","coordinates":[[-91.4964159,44.8011415],[-91.4963049,44.8011264]]}},{"type":"Feature","id":905859955,"properties":{"name":null,"highway":"pedestrian","surface":"concrete","category":"shared"},"geometry":{"type":"LineString","coordinates":[[-91.4987499,44.7993879],[-91.4973382,44.7991362],[-91.4972047,44.7991124],[-91.4970906,44.7990925]]}},{"type":"Feature","id":905859956,"properties":{"name":"State Street","highway":"secondary","surface":"asphalt","category":"shared"},"geometry":{"type":"LineString","coordinates":[[-91.4950034,44.7987439],[-91.4950082,44.7986729],[-91.4950369,44.798305],[-91.4950645,44.7979432],[-91.4950709,44.7978591]]}},{"type":"Feature","id":905859957,"properties":{"name":"Garfield Avenue","highway":"residential","surface":null,"category":"lane"},"geometry":{"type":"LineString","coordinates":[[-91.4970906,44.7990925],[-91.4969929,44.7990769],[-91.4951308,44.7987664],[-91.4950034,44.7987439]]}},{"type":"Feature","id":905867478,"properties":{"name":"State Street","highway":"secondary","surface":"asphalt","category":"shared"},"geometry":{"type":"LineString","coordinates":[[-91.4950709,44.7978591],[-91.4950761,44.7977856],[-91.4951016,44.797427],[-91.4951282,44.7970517],[-91.4951336,44.7969757]]}},{"type":"Feature","id":906058592,"properties":{"name":"5th Avenue","highway":"secondary","surface":"asphalt","category":"shared"},"geometry":{"type":"LineString","coordinates":[[-91.5097839,44.8069744],[-91.5097856,44.8070774],[-91.5097979,44.8078327],[-91.5097991,44.8079043],[-91.5098014,44.8079832],[-91.5098231,44.8087307],[-91.5098252,44.8088038],[-91.5098286,44.8088878],[-91.5098584,44.8096369],[-91.5098615,44.8097134]]}},{"type":"Feature","id":906063627,"properties":{"name":"State Street","highway":"secondary","surface":"asphalt","category":"lane"},"geometry":{"type":"LineString","coordinates":[[-91.4962043,44.7845318],[-91.4962107,44.7835321],[-91.4962235,44.7828504]]}},{"type":"Feature","id":906081837,"properties":{"name":"Bartlett Avenue","highway":"tertiary","surface":"asphalt","category":"lane"},"geometry":{"type":"LineString","coordinates":[[-91.422458,44.80376],[-91.4237804,44.8037569],[-91.4256003,44.8037527],[-91.4258361,44.8037521],[-91.4264093,44.8037508],[-91.4275112,44.8037408],[-91.4286492,44.8037391],[-91.4287443,44.803739],[-91.4288664,44.8037372],[-91.4296082,44.8037237]]}},{"type":"Feature","id":906134197,"properties":{"name":"Keith Street","highway":"residential","surface":null,"category":"lane"},"geometry":{"type":"LineString","coordinates":[[-91.4734416,44.7996008],[-91.4734406,44.7993024],[-91.4734405,44.7992656],[-91.4734402,44.7991765],[-91.4734385,44.7990899],[-91.4734315,44.7987389],[-91.4734238,44.7983483],[-91.4734223,44.7982732],[-91.4734231,44.7981888],[-91.4733968,44.7978255],[-91.4733954,44.7977909],[-91.4733917,44.7977024],[-91.4733811,44.7974493],[-91.4733769,44.7973485],[-91.4733762,44.7972744],[-91.4733738,44.797015]]}},{"type":"Feature","id":906134206,"properties":{"name":"Fairfax Street","highway":"tertiary","surface":"concrete","category":"lane"},"geometry":{"type":"LineString","coordinates":[[-91.4683581,44.8011611],[-91.4683643,44.8009167],[-91.4683689,44.8008153],[-91.4683728,44.8007635]]}},{"type":"Feature","id":906134207,"properties":{"name":"Fairfax Street","highway":"tertiary","surface":"concrete","category":"lane"},"geometry":{"type":"LineString","coordinates":[[-91.4683829,44.8037443],[-91.4683841,44.8036654],[-91.4683845,44.8036374],[-91.4683961,44.8028635],[-91.4683899,44.8026317],[-91.4683741,44.8020447],[-91.4683726,44.8019893],[-91.4683697,44.801902],[-91.4683659,44.8017982],[-91.4683581,44.8011611]]}},{"type":"Feature","id":906151169,"properties":{"name":"Cameron Street","highway":"secondary","surface":null,"category":"lane"},"geometry":{"type":"LineString","coordinates":[[-91.533578,44.8142774],[-91.5336749,44.8142772],[-91.5347633,44.8142749],[-91.5360899,44.8142743],[-91.5370957,44.8142721],[-91.5377083,44.8142675],[-91.538662,44.8142603]]}},{"type":"Feature","id":906171308,"properties":{"name":"East Hamilton Avenue","highway":"tertiary","surface":"asphalt","category":"lane"},"geometry":{"type":"LineString","coordinates":[[-91.4956985,44.7856583],[-91.4952996,44.7856578],[-91.4948028,44.7856597],[-91.493557,44.7856606],[-91.4934484,44.7856607]]}},{"type":"Feature","id":906413866,"properties":{"name":"East Lake Street","highway":"tertiary","surface":"concrete","category":"lane"},"geometry":{"type":"LineString","coordinates":[[-91.4973499,44.8086736],[-91.4974445,44.8086544],[-91.4980212,44.8083878],[-91.4981142,44.8083446]]}},{"type":"Feature","id":913880440,"properties":{"name":null,"highway":"cycleway","surface":null,"category":"trail"},"geometry":{"type":"LineString","coordinates":[[-91.4377506,44.8647105],[-91.4377505,44.8646376],[-91.4391065,44.8646544],[-91.4400363,44.8646664],[-91.4416898,44.8646879],[-91.443749,44.8647071],[-91.445061,44.8647239],[-91.4477829,44.8647574],[-91.4479846,44.8647623],[-91.4483577,44.8647622],[-91.4492707,44.8647574],[-91.4501972,44.8647502],[-91.4506841,44.8647431],[-91.4508761,44.8647366],[-91.4513942,44.8647191],[-91.4516985,44.8647047],[-91.4519318,44.8646855],[-91.4521786,44.864664],[-91.4524356,44.8646376],[-91.4526216,44.8646136],[-91.4528042,44.8645849],[-91.4529168,44.8645613],[-91.4531585,44.8644999],[-91.4532097,44.8644946],[-91.4533086,44.8644722],[-91.4534505,44.864435],[-91.453501,44.8644298],[-91.4535346,44.8644354],[-91.4535557,44.8644511],[-91.4535639,44.8644762],[-91.4535891,44.8645865],[-91.4536183,44.8647182],[-91.453627,44.8647362],[-91.4536424,44.8647497],[-91.453671,44.8647593],[-91.4540188,44.8648158],[-91.4540514,44.8648169],[-91.4541223,44.8648077],[-91.454199,44.8647962],[-91.4543474,44.864676],[-91.4544296,44.8646889],[-91.4545871,44.8647157],[-91.4546624,44.8647308],[-91.45482,44.8647333],[-91.4550148,44.8647381]]}},{"type":"Feature","id":913886766,"properties":{"name":"Old Abe State Trail","highway":"cycleway","surface":"asphalt","category":"trail"},"geometry":{"type":"LineString","coordinates":[[-91.3907564,44.9241749],[-91.3908036,44.9240872],[-91.3954608,44.9207219],[-91.3956786,44.9205463],[-91.3958516,44.9204016],[-91.3960206,44.9202401],[-91.396148,44.9201133],[-91.3962787,44.9199773],[-91.3963905,44.9198502],[-91.3965333,44.9196684],[-91.3966654,44.9194996],[-91.3970162,44.9189673],[-91.3981831,44.917155],[-91.3993115,44.9153836],[-91.3994751,44.9151789],[-91.4006254,44.9134373],[-91.4007711,44.9132818],[-91.4013183,44.9126892],[-91.401418,44.912583],[-91.4017152,44.9121877],[-91.4018497,44.9119922],[-91.4018947,44.9119381],[-91.4019378,44.9118873],[-91.4019733,44.9118483],[-91.4020137,44.9118051],[-91.4020762,44.9117454],[-91.4023147,44.911521],[-91.4026057,44.9112911],[-91.4029169,44.911086],[-91.4037503,44.9104987],[-91.4069199,44.9074813],[-91.4073192,44.9071483],[-91.4074319,44.9070356],[-91.4078183,44.9066246],[-91.4137265,44.9010541],[-91.4137998,44.9009973],[-91.4138809,44.9009472],[-91.4139168,44.9009042],[-91.4139369,44.9008547]]}},{"type":"Feature","id":927517443,"properties":{"name":"South Hastings Way","highway":"residential","surface":"asphalt","category":"lane"},"geometry":{"type":"LineString","coordinates":[[-91.4477491,44.7846185],[-91.4470819,44.7842862],[-91.4460337,44.7837885],[-91.444633,44.7831266],[-91.4419537,44.7818639],[-91.4402858,44.7809919],[-91.439685,44.7807065],[-91.439112,44.7805161],[-91.4371011,44.7799901],[-91.4370674,44.7799813]]}},{"type":"Feature","id":927879845,"properties":{"name":null,"highway":"cycleway","surface":"asphalt","category":"trail"},"geometry":{"type":"LineString","coordinates":[[-91.4448123,44.7944318],[-91.4448369,44.7943805],[-91.4449885,44.7943115],[-91.4452085,44.7942054],[-91.4453606,44.7941351],[-91.445534,44.7940292],[-91.4457644,44.7939388],[-91.4459434,44.7938924],[-91.446117,44.7938199],[-91.4462622,44.7938094],[-91.44633,44.7938045],[-91.4465839,44.7938271],[-91.4466961,44.7938469],[-91.4468316,44.7938707],[-91.4469314,44.7939178],[-91.4470625,44.7939796],[-91.4471395,44.7940205],[-91.4472289,44.794085],[-91.4473687,44.7941704],[-91.4475262,44.7942872],[-91.4476253,44.7943714],[-91.4476943,44.7944693],[-91.4477034,44.7944905],[-91.4477402,44.7945759],[-91.4478386,44.7946783],[-91.4478828,44.7946875],[-91.447852,44.7948277],[-91.4478644,44.7949685],[-91.4478697,44.795012],[-91.4478997,44.7953085],[-91.4479217,44.7953496],[-91.4479657,44.7953968],[-91.4480241,44.7954364],[-91.4479742,44.7954789],[-91.4479476,44.7955141],[-91.447955,44.7955837],[-91.4479674,44.7956604],[-91.4479463,44.7957302],[-91.4479137,44.7958021],[-91.447953,44.7958202],[-91.4480269,44.7958548]]}},{"type":"Feature","id":958293411,"properties":{"name":null,"highway":"cycleway","surface":"asphalt","category":"trail"},"geometry":{"type":"LineString","coordinates":[[-91.4419831,44.7958507],[-91.4418499,44.7958584],[-91.4416694,44.7958933],[-91.4412588,44.7959948],[-91.4411275,44.7960202],[-91.4410119,44.7960392],[-91.4409106,44.7960472],[-91.4408223,44.7960476],[-91.4407005,44.7960464],[-91.4405838,44.7960406],[-91.440421,44.7960265],[-91.4402304,44.7959961],[-91.4396365,44.7958729],[-91.4393866,44.7958332],[-91.4390714,44.7958033],[-91.4387092,44.7957851],[-91.4376333,44.7957074],[-91.4372034,44.7956642],[-91.4368975,44.7956194],[-91.436608,44.7955929],[-91.4363861,44.795583],[-91.4359869,44.7955962],[-91.4358127,44.7955978],[-91.4355549,44.7955863],[-91.4354265,44.7955696],[-91.4353074,44.7955465],[-91.4351626,44.7955183],[-91.4350155,44.7954719],[-91.434726,44.7953659],[-91.4344831,44.7952897],[-91.434038,44.7951821],[-91.4337956,44.7951374],[-91.4330636,44.7949923],[-91.4325848,44.7948937],[-91.4321831,44.7948307],[-91.432036,44.7948324],[-91.4318446,44.7948589],[-91.4317054,44.794896],[-91.4314733,44.7949732],[-91.4313005,44.7950163],[-91.4310859,44.7950355],[-91.4308474,44.7950442],[-91.4308024,44.7950553]]}},{"type":"Feature","id":962349404,"properties":{"name":"Ski Trail","highway":"path","surface":"grass","category":"trail"},"geometry":{"type":"LineString","coordinates":[[-91.469644,44.7585314],[-91.4698492,44.7585008],[-91.4699339,44.7584833],[-91.4701359,44.758451],[-91.4701666,44.7584461],[-91.4704048,44.7584354],[-91.4706585,44.7584138]]}},{"type":"Feature","id":962349405,"properties":{"name":"Ski Trail","highway":"path","surface":"grass","category":"trail"},"geometry":{"type":"LineString","coordinates":[[-91.4694379,44.7585594],[-91.469644,44.7585314]]}},{"type":"Feature","id":963704169,"properties":{"name":null,"highway":"footway","surface":"asphalt","category":"trail"},"geometry":{"type":"LineString","coordinates":[[-91.4624636,44.8193931],[-91.4625271,44.8192845],[-91.4626642,44.8189923],[-91.4626852,44.8189488],[-91.4626973,44.8188984],[-91.4626926,44.8188461],[-91.4626654,44.8187811]]}},{"type":"Feature","id":987811990,"properties":{"name":null,"highway":"cycleway","surface":null,"category":"trail"},"geometry":{"type":"LineString","coordinates":[[-91.4293278,44.7948985],[-91.4292721,44.7948202],[-91.4292442,44.7947447],[-91.4292303,44.7946568]]}},{"type":"Feature","id":987811991,"properties":{"name":null,"highway":"cycleway","surface":null,"category":"trail"},"geometry":{"type":"LineString","coordinates":[[-91.4292299,44.7946376],[-91.4292186,44.7945574],[-91.4291678,44.7944405],[-91.4291333,44.7943929],[-91.4290438,44.7943453],[-91.4287592,44.7942804],[-91.4284482,44.7942285],[-91.4283181,44.7942083],[-91.4277966,44.7941136]]}},{"type":"Feature","id":998914093,"properties":{"name":"Putnam Trail","highway":"footway","surface":"dirt","category":"trail"},"geometry":{"type":"LineString","coordinates":[[-91.5091088,44.7995759],[-91.509706,44.7992631],[-91.5102991,44.7989483],[-91.5110883,44.7985242],[-91.5117047,44.7981464],[-91.5121811,44.7978481],[-91.51262,44.7976526],[-91.5127502,44.797639],[-91.5128885,44.7976621],[-91.5131731,44.7976621],[-91.5134414,44.7977313],[-91.5138804,44.7976967],[-91.5143195,44.7977371],[-91.514539,44.7978756],[-91.5149049,44.7979333],[-91.5153034,44.7978698],[-91.515775,44.7978237],[-91.5162075,44.7978375],[-91.5163172,44.7979558],[-91.5162758,44.7980799],[-91.516014,44.7982149]]}},{"type":"Feature","id":1034892073,"properties":{"name":null,"highway":"footway","surface":"paved","category":"trail"},"geometry":{"type":"LineString","coordinates":[[-91.5243692,44.7956353],[-91.5242931,44.79564]]}},{"type":"Feature","id":1034892083,"properties":{"name":"Chippewa River State Trail","highway":"cycleway","surface":"concrete","category":"trail"},"geometry":{"type":"LineString","coordinates":[[-91.5138637,44.8007757],[-91.5138407,44.8008141],[-91.5138281,44.8008689],[-91.5138258,44.8011191],[-91.5138244,44.8011293],[-91.5138183,44.8011408],[-91.5138073,44.8011479],[-91.5137951,44.8011517]]}},{"type":"Feature","id":1034897591,"properties":{"name":null,"highway":"cycleway","surface":"asphalt","category":"trail"},"geometry":{"type":"LineString","coordinates":[[-91.5002957,44.8031078],[-91.5002134,44.8031478],[-91.4999312,44.8034096]]}},{"type":"Feature","id":1034897592,"properties":{"name":"Old Abe State Trail","highway":"cycleway","surface":"asphalt","category":"trail"},"geometry":{"type":"LineString","coordinates":[[-91.4990295,44.8147599],[-91.4991336,44.8147499],[-91.4992392,44.8147397]]}},{"type":"Feature","id":1034897593,"properties":{"name":null,"highway":"cycleway","surface":"asphalt","category":"trail"},"geometry":{"type":"LineString","coordinates":[[-91.493208,44.8145618],[-91.4930351,44.814615],[-91.4927877,44.8146816]]}},{"type":"Feature","id":1034905291,"properties":{"name":null,"highway":"cycleway","surface":"asphalt","category":"trail"},"geometry":{"type":"LineString","coordinates":[[-91.4659998,44.8215921],[-91.4659928,44.8216141],[-91.4659746,44.8216355],[-91.465941,44.8216583],[-91.4658436,44.8216963],[-91.4659137,44.8218072]]}},{"type":"Feature","id":1034905292,"properties":{"name":null,"highway":"footway","surface":"asphalt","category":"trail"},"geometry":{"type":"LineString","coordinates":[[-91.4664037,44.8212033],[-91.466415,44.821232],[-91.4664228,44.8212783],[-91.4663972,44.8213241],[-91.4663262,44.8214011],[-91.4662707,44.821466],[-91.4662147,44.821516],[-91.4661971,44.8215317],[-91.4661069,44.8215729],[-91.466047,44.8215928],[-91.4659998,44.8215921]]}},{"type":"Feature","id":1034912109,"properties":{"name":"Old Abe State Trail","highway":"cycleway","surface":"paved","category":"trail"},"geometry":{"type":"LineString","coordinates":[[-91.4770142,44.8262123],[-91.4769556,44.8262005],[-91.4769244,44.8261825],[-91.476904,44.8261584],[-91.4768464,44.8260435],[-91.4768404,44.8259979],[-91.4768499,44.8259556],[-91.4768862,44.8258986],[-91.4770021,44.8257733],[-91.4770544,44.8257078],[-91.4771157,44.8256103],[-91.4771503,44.825523],[-91.4771763,44.8254324],[-91.4771819,44.8253316],[-91.4771583,44.8248644],[-91.4770695,44.8235277],[-91.4769985,44.8231133],[-91.4769143,44.8225236],[-91.4768723,44.8223465],[-91.4766446,44.8214663],[-91.4765189,44.8208892],[-91.4764795,44.8207085]]}},{"type":"Feature","id":1034912110,"properties":{"name":"Old Abe State Trail","highway":"cycleway","surface":"paved","category":"trail"},"geometry":{"type":"LineString","coordinates":[[-91.4771911,44.8262626],[-91.4771495,44.8262519],[-91.4770638,44.8262254],[-91.4770142,44.8262123]]}},{"type":"Feature","id":1034912111,"properties":{"name":null,"highway":"cycleway","surface":"asphalt","category":"trail"},"geometry":{"type":"LineString","coordinates":[[-91.5145493,44.8316341],[-91.514463,44.8316714],[-91.5144321,44.831709],[-91.5144034,44.8317968],[-91.5143503,44.8319487],[-91.5142664,44.8321398],[-91.514209,44.8322464],[-91.5140897,44.8324516],[-91.5139836,44.8326145],[-91.5138489,44.8327774],[-91.5137362,44.8329137]]}},{"type":"Feature","id":1034912112,"properties":{"name":null,"highway":"cycleway","surface":null,"category":"trail"},"geometry":{"type":"LineString","coordinates":[[-91.5137362,44.8329137],[-91.5133541,44.833285]]}},{"type":"Feature","id":1041268950,"properties":{"name":null,"highway":"cycleway","surface":"asphalt","category":"trail"},"geometry":{"type":"LineString","coordinates":[[-91.5150803,44.7928071],[-91.5149662,44.7927292],[-91.5148582,44.7926382]]}},{"type":"Feature","id":1043532649,"properties":{"name":null,"highway":"cycleway","surface":"concrete","category":"trail"},"geometry":{"type":"LineString","coordinates":[[-91.5082445,44.8164244],[-91.5082401,44.8160205],[-91.5082587,44.8159331],[-91.5083025,44.8158611],[-91.5083743,44.8157887],[-91.5084669,44.8157132]]}},{"type":"Feature","id":1054878611,"properties":{"name":null,"highway":"footway","surface":null,"category":"trail"},"geometry":{"type":"LineString","coordinates":[[-91.5815998,44.8396477],[-91.5815426,44.8396893],[-91.5814186,44.8397706],[-91.5813656,44.8398053],[-91.5812349,44.8398792]]}},{"type":"Feature","id":1075434469,"properties":{"name":null,"highway":"cycleway","surface":"concrete","category":"trail"},"geometry":{"type":"LineString","coordinates":[[-91.4711783,44.8037861],[-91.4710834,44.8037861],[-91.4710654,44.8037861],[-91.4710264,44.8037883],[-91.4709964,44.8037932],[-91.4709624,44.8038039],[-91.4709204,44.8038181],[-91.4708924,44.803833],[-91.4708758,44.8038442],[-91.4708704,44.8038479],[-91.4708354,44.8038762],[-91.4708154,44.8038954],[-91.4707974,44.8039167],[-91.4707704,44.8039479],[-91.4707614,44.8039578],[-91.4707374,44.803977]]}},{"type":"Feature","id":1075434470,"properties":{"name":null,"highway":"cycleway","surface":"concrete","category":"trail"},"geometry":{"type":"LineString","coordinates":[[-91.4737574,44.814239],[-91.473738,44.814186],[-91.4737256,44.8141407],[-91.4736968,44.8140311],[-91.4736473,44.8138556],[-91.4736143,44.8137445],[-91.4735587,44.8135837],[-91.4734165,44.8131773],[-91.4733547,44.8130077],[-91.4733258,44.8129165],[-91.4733021,44.8128438],[-91.4732821,44.8127739],[-91.4732671,44.8127145],[-91.4732522,44.8126596],[-91.473245,44.8126371],[-91.4732066,44.8125168],[-91.4731744,44.8124156],[-91.4731607,44.812376],[-91.4731568,44.8123673],[-91.4731458,44.8123434],[-91.4731284,44.8123125],[-91.4731237,44.8123049],[-91.4731098,44.8122826],[-91.4730328,44.8121636],[-91.4730104,44.8121239],[-91.472998,44.8120993],[-91.4729868,44.8120675],[-91.4728726,44.811723],[-91.4727782,44.811389],[-91.4726875,44.8110559],[-91.4726737,44.8110133],[-91.4726701,44.8110022],[-91.4726626,44.810981],[-91.4726415,44.8109237],[-91.4726268,44.8108867],[-91.4726166,44.8108537],[-91.4725047,44.8104571],[-91.4724124,44.8101109],[-91.4723929,44.8100419],[-91.4723493,44.8098882],[-91.4723115,44.8097547],[-91.4722942,44.809682],[-91.4722894,44.8096579],[-91.4722855,44.8096344],[-91.4722784,44.809555],[-91.4722768,44.8095304],[-91.4722729,44.8095064],[-91.4722689,44.8094879],[-91.4722579,44.8094471],[-91.4722421,44.8093962],[-91.4722272,44.8093531],[-91.4721388,44.8091362],[-91.4721089,44.8090628],[-91.4720979,44.8090293],[-91.4720911,44.8090072],[-91.4720884,44.8089985],[-91.4720545,44.8088911],[-91.4720222,44.8087502],[-91.4720096,44.8086814],[-91.4720009,44.8086506],[-91.4719883,44.8086065],[-91.4719418,44.8084734],[-91.4718716,44.8082888],[-91.4718527,44.8082289],[-91.4718377,44.808178],[-91.4718086,44.8080416],[-91.471803,44.808013],[-91.4717975,44.8079784],[-91.4717825,44.807871],[-91.4717684,44.8077988],[-91.4717628,44.8077737],[-91.4717557,44.8077468],[-91.4717471,44.8077211],[-91.4717376,44.8076959],[-91.4716998,44.8075964],[-91.4716607,44.8074967],[-91.4716469,44.8074616],[-91.4716106,44.8073281],[-91.4715823,44.8072261],[-91.47155,44.8071377],[-91.4715373,44.8071045],[-91.4715137,44.8070427],[-91.4714877,44.8069711],[-91.4714365,44.8068503],[-91.471401,44.8067552],[-91.4713773,44.8066881],[-91.4713537,44.8066125],[-91.4711976,44.8061019],[-91.4710336,44.805556],[-91.4708807,44.8050336],[-91.4707916,44.8047103],[-91.4707364,44.804491],[-91.4707398,44.8044701],[-91.4707435,44.8044474],[-91.4707451,44.8044155],[-91.4707447,44.8043842],[-91.4707444,44.8043573],[-91.4707384,44.8042672],[-91.4707384,44.8042466],[-91.4707414,44.8040572],[-91.4707414,44.804021],[-91.4707374,44.803977]]}},{"type":"Feature","id":1075434471,"properties":{"name":null,"highway":"footway","surface":"concrete","category":"trail"},"geometry":{"type":"LineString","coordinates":[[-91.4707398,44.8044701],[-91.4707262,44.8044516],[-91.4707155,44.8044298],[-91.4707073,44.8044106],[-91.4706985,44.8043853],[-91.4705832,44.8039989],[-91.4705405,44.8038455],[-91.4705325,44.8038066],[-91.470502,44.8037223],[-91.4704704,44.8036352],[-91.470456,44.8036127],[-91.4704414,44.8035967],[-91.4704229,44.8035779],[-91.4704069,44.8035534],[-91.4704016,44.8035393],[-91.4703658,44.8034302],[-91.4701988,44.8028647],[-91.4699627,44.8020762],[-91.4699888,44.8020526],[-91.4699457,44.8019745],[-91.4699084,44.8018787],[-91.469913,44.8018609],[-91.4698858,44.8018391],[-91.4698643,44.8018168],[-91.4698598,44.8018012],[-91.4698491,44.8017839],[-91.4698208,44.801725],[-91.4697625,44.8016032],[-91.4696255,44.8013756],[-91.4695693,44.801274],[-91.4695548,44.8012438],[-91.4695375,44.8012068],[-91.4695167,44.8011755],[-91.4694884,44.8011319],[-91.4694388,44.801054],[-91.4693408,44.8009048],[-91.4692237,44.8007223],[-91.4691676,44.8006332]]}},{"type":"Feature","id":1075434473,"properties":{"name":null,"highway":"cycleway","surface":"concrete","category":"trail"},"geometry":{"type":"LineString","coordinates":[[-91.4707374,44.803977],[-91.4707199,44.803967],[-91.4707002,44.8039552],[-91.4706765,44.8039429],[-91.4706631,44.8039362],[-91.4706466,44.8039289],[-91.4706276,44.8039222],[-91.4706115,44.8039183],[-91.470594,44.8039149]]}},{"type":"Feature","id":1075434478,"properties":{"name":null,"highway":"footway","surface":"concrete","category":"trail"},"geometry":{"type":"LineString","coordinates":[[-91.4726737,44.8110133],[-91.4727619,44.8110013],[-91.4727734,44.8110002],[-91.4727862,44.811001],[-91.4728277,44.8110045],[-91.47284,44.8110054],[-91.4728485,44.8110049],[-91.4728583,44.8110045],[-91.4728711,44.8110028],[-91.4728864,44.8109984],[-91.4729096,44.8109898],[-91.4729255,44.8109833],[-91.4729365,44.8109807],[-91.4729481,44.8109798],[-91.4729688,44.8109789],[-91.4733678,44.8109798]]}},{"type":"Feature","id":1075434485,"properties":{"name":null,"highway":"cycleway","surface":"concrete","category":"trail"},"geometry":{"type":"LineString","coordinates":[[-91.4701296,44.8038881],[-91.4700952,44.8038895],[-91.4700694,44.8038951],[-91.4700434,44.8039035],[-91.4699997,44.8039228],[-91.4699643,44.8039387],[-91.4699454,44.8039454],[-91.4699288,44.8039504],[-91.46991,44.8039529],[-91.4698922,44.8039529],[-91.4698698,44.8039513],[-91.4698497,44.8039479],[-91.4698225,44.8039404],[-91.4697966,44.8039303],[-91.46978,44.8039228],[-91.4697623,44.8039119],[-91.4697127,44.8038809],[-91.4696631,44.8038499],[-91.4696483,44.803841],[-91.4696395,44.8038356],[-91.4696217,44.8038253],[-91.4696108,44.8038194],[-91.4695915,44.8038116],[-91.4695729,44.803808],[-91.4695575,44.8038061],[-91.4694504,44.8038074]]}},{"type":"Feature","id":1115321277,"properties":{"name":null,"highway":"cycleway","surface":"paved","category":"trail"},"geometry":{"type":"LineString","coordinates":[[-91.4521186,44.8144387],[-91.4520374,44.8144177],[-91.451915,44.8143849]]}},{"type":"Feature","id":1132507477,"properties":{"name":null,"highway":"footway","surface":"concrete","category":"trail"},"geometry":{"type":"LineString","coordinates":[[-91.5355074,44.8172084],[-91.5354095,44.8172084],[-91.5353718,44.8172084],[-91.5352649,44.8171587],[-91.5351613,44.8171207],[-91.5351045,44.8171089],[-91.5349975,44.8171041],[-91.5348772,44.8171231],[-91.5347702,44.8171681],[-91.5346867,44.8172321],[-91.5346132,44.8172677],[-91.5344795,44.8172938],[-91.5338604,44.8172451],[-91.5338106,44.8172215],[-91.5337842,44.8172188],[-91.5337107,44.8172209]]}},{"type":"Feature","id":1133460596,"properties":{"name":null,"highway":"path","surface":"asphalt","category":"trail"},"geometry":{"type":"LineString","coordinates":[[-91.5289078,44.7839279],[-91.5289285,44.7839865],[-91.5289203,44.7840429],[-91.5288972,44.784094],[-91.5287194,44.7843261],[-91.5285249,44.7845741],[-91.5283206,44.7848151],[-91.5280701,44.785063],[-91.5278641,44.7852525],[-91.5275315,44.7854998],[-91.5271257,44.7857561],[-91.5266794,44.7860143],[-91.5262489,44.786233],[-91.5258122,44.7864182],[-91.5224668,44.787689],[-91.5222525,44.7878106],[-91.5194629,44.7888855],[-91.5194245,44.7888961],[-91.5193894,44.7888987],[-91.5193503,44.7888965],[-91.5193222,44.7888883],[-91.5192242,44.7889591],[-91.5191658,44.7890036],[-91.5190307,44.7890602],[-91.5189301,44.7891023],[-91.5189004,44.7891147],[-91.5188564,44.7891041],[-91.518785,44.7890873],[-91.5187582,44.7890809]]}},{"type":"Feature","id":1162220113,"properties":{"name":"State Street","highway":"secondary","surface":"asphalt","category":"lane"},"geometry":{"type":"LineString","coordinates":[[-91.4962001,44.784763],[-91.4962043,44.7845318]]}},{"type":"Feature","id":1162220114,"properties":{"name":"State Street","highway":"secondary","surface":"asphalt","category":"shared"},"geometry":{"type":"LineString","coordinates":[[-91.4961341,44.7914243],[-91.4961317,44.7910297],[-91.4961312,44.7909549]]}},{"type":"Feature","id":1162220115,"properties":{"name":"State Street","highway":"secondary","surface":"asphalt","category":"shared"},"geometry":{"type":"LineString","coordinates":[[-91.4951336,44.7969757],[-91.4951733,44.7963838]]}},{"type":"Feature","id":1162922693,"properties":{"name":null,"highway":"cycleway","surface":"asphalt","category":"trail"},"geometry":{"type":"LineString","coordinates":[[-91.4137831,44.7896733],[-91.4137828,44.7897034],[-91.4137795,44.7901302],[-91.4137767,44.7905021],[-91.4137324,44.7907905],[-91.4137069,44.7909514],[-91.4137144,44.7909915],[-91.4137345,44.7911319],[-91.4137573,44.7912338],[-91.4137663,44.7912645],[-91.4137779,44.7912936],[-91.4137911,44.7913294],[-91.4138064,44.7913596],[-91.4138249,44.7913803],[-91.4138491,44.7914015],[-91.4138934,44.7914273],[-91.4139433,44.7914394],[-91.4140286,44.791449],[-91.4141816,44.7914362],[-91.4143906,44.7914264],[-91.4145827,44.7914292],[-91.4148065,44.7914292],[-91.4150226,44.7914292],[-91.415493,44.7914284]]}},{"type":"Feature","id":1181187552,"properties":{"name":"40th Avenue","highway":"unclassified","surface":"asphalt","category":"shared"},"geometry":{"type":"LineString","coordinates":[[-91.4143438,44.9007329],[-91.4140859,44.9007366],[-91.4140261,44.9007443],[-91.4138204,44.9007707]]}},{"type":"Feature","id":1181187553,"properties":{"name":"Chippewa River State Trail","highway":"cycleway","surface":"asphalt","category":"trail"},"geometry":{"type":"LineString","coordinates":[[-91.4140918,44.9006629],[-91.4141424,44.9006154],[-91.4141864,44.9005741]]}},{"type":"Feature","id":1181187554,"properties":{"name":"Old Abe State Trail","highway":"cycleway","surface":"concrete","category":"trail"},"geometry":{"type":"LineString","coordinates":[[-91.4140515,44.9007128],[-91.4140918,44.9006629]]}},{"type":"Feature","id":1181187555,"properties":{"name":"Chippewa River State Trail","highway":"cycleway","surface":"asphalt","category":"trail"},"geometry":{"type":"LineString","coordinates":[[-91.4139369,44.9008547],[-91.4139728,44.9008103],[-91.4139979,44.9007791],[-91.4140261,44.9007443],[-91.4140515,44.9007128]]}},{"type":"Feature","id":1188384809,"properties":{"name":"Chippewa River State Trail","highway":"cycleway","surface":"asphalt","category":"trail"},"geometry":{"type":"LineString","coordinates":[[-91.5321658,44.7865524],[-91.5321147,44.7865659]]}},{"type":"Feature","id":1188384810,"properties":{"name":"Chippewa River State Trail","highway":"cycleway","surface":"asphalt","category":"trail"},"geometry":{"type":"LineString","coordinates":[[-91.5321147,44.7865659],[-91.5320448,44.7865849],[-91.5319869,44.7866005]]}},{"type":"Feature","id":1188384811,"properties":{"name":null,"highway":"cycleway","surface":"asphalt","category":"trail"},"geometry":{"type":"LineString","coordinates":[[-91.525255,44.8006015],[-91.5251381,44.8005315]]}},{"type":"Feature","id":1188384812,"properties":{"name":"Lakeshore Tail","highway":"cycleway","surface":"asphalt","category":"trail"},"geometry":{"type":"LineString","coordinates":[[-91.5144313,44.8079154],[-91.5144122,44.8079416],[-91.5139861,44.8087374],[-91.5138012,44.809223],[-91.5137308,44.8096502],[-91.5136403,44.8102705]]}},{"type":"Feature","id":1188384813,"properties":{"name":"Lakeshore Tail","highway":"cycleway","surface":"asphalt","category":"trail"},"geometry":{"type":"LineString","coordinates":[[-91.5145187,44.8078302],[-91.514472,44.8078757],[-91.5144313,44.8079154]]}},{"type":"Feature","id":1188384814,"properties":{"name":"Lakeshore Tail","highway":"cycleway","surface":null,"category":"trail"},"geometry":{"type":"LineString","coordinates":[[-91.5133954,44.8106068],[-91.513351,44.8106274]]}},{"type":"Feature","id":1188384815,"properties":{"name":"Lakeshore Tail","highway":"cycleway","surface":null,"category":"trail"},"geometry":{"type":"LineString","coordinates":[[-91.5133143,44.8106477],[-91.513351,44.8106274]]}},{"type":"Feature","id":1188384816,"properties":{"name":null,"highway":"cycleway","surface":"paving_stones","category":"trail"},"geometry":{"type":"LineString","coordinates":[[-91.5025259,44.8129805],[-91.5025562,44.8130184],[-91.502549,44.8130668],[-91.5025275,44.8131221]]}},{"type":"Feature","id":1188384818,"properties":{"name":null,"highway":"cycleway","surface":"concrete","category":"trail"},"geometry":{"type":"LineString","coordinates":[[-91.5021226,44.8124811],[-91.5021126,44.8124374]]}},{"type":"Feature","id":1190637976,"properties":{"name":null,"highway":"cycleway","surface":"gravel","category":"trail"},"geometry":{"type":"LineString","coordinates":[[-91.5015165,44.7961198],[-91.5015474,44.7960893]]}},{"type":"Feature","id":1191320362,"properties":{"name":null,"highway":"cycleway","surface":"concrete","category":"trail"},"geometry":{"type":"LineString","coordinates":[[-91.5054553,44.8154677],[-91.5054318,44.8155706],[-91.5054056,44.8156408],[-91.5053691,44.8157074],[-91.5052956,44.8157884],[-91.5051371,44.8158822],[-91.5050355,44.8159235]]}},{"type":"Feature","id":1195146088,"properties":{"name":null,"highway":"cycleway","surface":"asphalt","category":"trail"},"geometry":{"type":"LineString","coordinates":[[-91.4371347,44.780093],[-91.4377118,44.7802171],[-91.4389223,44.7805293],[-91.4392561,44.7806268],[-91.4397552,44.7807951],[-91.4419202,44.7819008]]}},{"type":"Feature","id":1195161694,"properties":{"name":"Highland Avenue","highway":"residential","surface":"concrete","category":"lane"},"geometry":{"type":"LineString","coordinates":[[-91.4722496,44.8073263],[-91.4720864,44.8073266],[-91.4716647,44.8073274],[-91.4716106,44.8073281],[-91.4714594,44.8073302]]}},{"type":"Feature","id":1195334090,"properties":{"name":"Forest Street","highway":"residential","surface":"asphalt","category":"lane"},"geometry":{"type":"LineString","coordinates":[[-91.5051273,44.8186026],[-91.5054689,44.81984],[-91.5057464,44.8211116],[-91.5058752,44.8215641],[-91.5059739,44.8219108]]}},{"type":"Feature","id":1196194475,"properties":{"name":null,"highway":"cycleway","surface":null,"category":"trail"},"geometry":{"type":"LineString","coordinates":[[-91.4956698,44.7932044],[-91.4957964,44.7932061]]}},{"type":"Feature","id":1196194476,"properties":{"name":null,"highway":"cycleway","surface":"concrete","category":"trail"},"geometry":{"type":"LineString","coordinates":[[-91.4957964,44.7932061],[-91.4960628,44.792789],[-91.4961056,44.7927311],[-91.4961428,44.7926574],[-91.4961669,44.7925699],[-91.4961584,44.7924838],[-91.4960986,44.7923138]]}},{"type":"Feature","id":1196256067,"properties":{"name":"West Hamilton Avenue","highway":"tertiary","surface":"asphalt","category":"lane"},"geometry":{"type":"LineString","coordinates":[[-91.5146074,44.785596],[-91.5154668,44.7855821],[-91.5171883,44.7855544],[-91.5173407,44.7855519],[-91.517752,44.7855453],[-91.5182871,44.7855366],[-91.5188994,44.7855268],[-91.5190337,44.7855246]]}},{"type":"Feature","id":1196653015,"properties":{"name":null,"highway":"cycleway","surface":null,"category":"trail"},"geometry":{"type":"LineString","coordinates":[[-91.4419202,44.7819008],[-91.4445872,44.783174],[-91.4459979,44.7838475],[-91.4470428,44.7843463],[-91.447557,44.7845918]]}},{"type":"Feature","id":1199667682,"properties":{"name":null,"highway":"footway","surface":"asphalt","category":"trail"},"geometry":{"type":"LineString","coordinates":[[-91.4801333,44.8433561],[-91.4801139,44.843374],[-91.4801007,44.843411],[-91.480081,44.8435082],[-91.480069,44.8436022],[-91.479923,44.8435898],[-91.4798165,44.8435866]]}},{"type":"Feature","id":1199667683,"properties":{"name":null,"highway":"footway","surface":null,"category":"trail"},"geometry":{"type":"LineString","coordinates":[[-91.4779569,44.8435345],[-91.4779561,44.8434513],[-91.4779545,44.8433701]]}},{"type":"Feature","id":1199667684,"properties":{"name":null,"highway":"cycleway","surface":"asphalt","category":"trail"},"geometry":{"type":"LineString","coordinates":[[-91.4779545,44.8433701],[-91.4753581,44.8433957]]}},{"type":"Feature","id":1227809209,"properties":{"name":"Old Abe State Trail","highway":"cycleway","surface":"paved","category":"trail"},"geometry":{"type":"LineString","coordinates":[[-91.4554439,44.8644739],[-91.4555007,44.8644662],[-91.4555813,44.8644683],[-91.4556559,44.8644686],[-91.4556857,44.8644635],[-91.4557306,44.8644559],[-91.4557919,44.8644326],[-91.4558036,44.8644265],[-91.4558568,44.8643991],[-91.4638656,44.8582047],[-91.4712524,44.8525108],[-91.4727963,44.851317],[-91.4729168,44.8512338],[-91.4730426,44.8511583],[-91.4735238,44.8509598],[-91.4735832,44.8509185],[-91.4736366,44.8508389],[-91.4736771,44.8507492],[-91.4737378,44.8506082],[-91.4737417,44.8505887],[-91.4738209,44.8504603],[-91.4739662,44.850362],[-91.4741491,44.8502737],[-91.475247,44.8494292],[-91.4758865,44.8489216],[-91.4764496,44.848376],[-91.4768684,44.8478985],[-91.4772237,44.8473861],[-91.4773178,44.84724],[-91.4774037,44.8470915],[-91.4776658,44.8466306],[-91.4778043,44.8462929],[-91.4778999,44.8460588],[-91.4779983,44.8457722],[-91.4780807,44.8454813],[-91.4781707,44.8450565],[-91.4782306,44.8446828],[-91.4782624,44.8440627],[-91.4782521,44.8437699],[-91.4782413,44.8435524]]}},{"type":"Feature","id":1227809210,"properties":{"name":"Old Abe State Trail","highway":"cycleway","surface":"paved","category":"trail"},"geometry":{"type":"LineString","coordinates":[[-91.4550148,44.8647381],[-91.4551246,44.8646496],[-91.4552011,44.8645817],[-91.4553566,44.8644884],[-91.4554439,44.8644739]]}},{"type":"Feature","id":1234187212,"properties":{"name":"Putnam Trail","highway":"footway","surface":"concrete","category":"trail"},"geometry":{"type":"LineString","coordinates":[[-91.5038221,44.7991466],[-91.5036446,44.7991228]]}},{"type":"Feature","id":1237124806,"properties":{"name":null,"highway":"cycleway","surface":"concrete","category":"trail"},"geometry":{"type":"LineString","coordinates":[[-91.5007183,44.8102676],[-91.5006197,44.8102611],[-91.5005527,44.8102603],[-91.5001913,44.8104254],[-91.5001498,44.8104492]]}},{"type":"Feature","id":1237131976,"properties":{"name":"5th Avenue","highway":"secondary","surface":"asphalt","category":"shared"},"geometry":{"type":"LineString","coordinates":[[-91.5098615,44.8097134],[-91.5098631,44.8097924],[-91.5098785,44.8105443],[-91.5098798,44.81061]]}},{"type":"Feature","id":1237163695,"properties":{"name":"Keith Street","highway":"residential","surface":"asphalt","category":"lane"},"geometry":{"type":"LineString","coordinates":[[-91.4733738,44.797015],[-91.4733694,44.796563],[-91.4733683,44.7964447],[-91.4733677,44.7963762],[-91.4733654,44.7961316],[-91.4733609,44.7956547],[-91.47336,44.79556],[-91.4733587,44.7954668],[-91.4733506,44.7948762],[-91.4733493,44.7947857]]}},{"type":"Feature","id":1237186181,"properties":{"name":"Putnam Trail","highway":"cycleway","surface":"gravel","category":"trail"},"geometry":{"type":"LineString","coordinates":[[-91.4951454,44.7944936],[-91.4955299,44.794521]]}},{"type":"Feature","id":1243365903,"properties":{"name":null,"highway":"pedestrian","surface":"asphalt","category":"shared"},"geometry":{"type":"LineString","coordinates":[[-91.5075746,44.7978555],[-91.5066003,44.7978624],[-91.5063608,44.797864]]}},{"type":"Feature","id":1243365934,"properties":{"name":"Craig Road","highway":"unclassified","surface":"asphalt","category":"lane"},"geometry":{"type":"LineString","coordinates":[[-91.5191125,44.7938461],[-91.5191323,44.793757],[-91.5191306,44.7934007],[-91.5191275,44.7933328],[-91.5191204,44.7932965],[-91.5191176,44.7932204]]}},{"type":"Feature","id":1243365936,"properties":{"name":"Craig Road","highway":"unclassified","surface":"asphalt","category":"lane"},"geometry":{"type":"LineString","coordinates":[[-91.5190361,44.7936651],[-91.5190425,44.7937752],[-91.5190723,44.7938053],[-91.5191125,44.7938461]]}},{"type":"Feature","id":1245409895,"properties":{"name":null,"highway":"cycleway","surface":null,"category":"trail"},"geometry":{"type":"LineString","coordinates":[[-91.5229609,44.8288714],[-91.5229727,44.828952],[-91.5229839,44.8290337]]}},{"type":"Feature","id":1253738960,"properties":{"name":null,"highway":"cycleway","surface":"paved","category":"trail"},"geometry":{"type":"LineString","coordinates":[[-91.4573876,44.8182611],[-91.4575092,44.8182673],[-91.4575926,44.8182716]]}},{"type":"Feature","id":1253738961,"properties":{"name":null,"highway":"cycleway","surface":null,"category":"trail"},"geometry":{"type":"LineString","coordinates":[[-91.4577479,44.8182905],[-91.4577759,44.8183094]]}},{"type":"Feature","id":1253738962,"properties":{"name":null,"highway":"cycleway","surface":"paved","category":"trail"},"geometry":{"type":"LineString","coordinates":[[-91.4576252,44.8182759],[-91.4576843,44.8182829],[-91.4577479,44.8182905]]}},{"type":"Feature","id":1253738963,"properties":{"name":null,"highway":"cycleway","surface":"paved","category":"trail"},"geometry":{"type":"LineString","coordinates":[[-91.4575926,44.8182716],[-91.4576252,44.8182759]]}},{"type":"Feature","id":1253738973,"properties":{"name":null,"highway":"cycleway","surface":"paved","category":"trail"},"geometry":{"type":"LineString","coordinates":[[-91.4594623,44.8188191],[-91.459527,44.8188472],[-91.4596618,44.8189057],[-91.4597428,44.8189408]]}},{"type":"Feature","id":1253738976,"properties":{"name":null,"highway":"footway","surface":null,"category":"trail"},"geometry":{"type":"LineString","coordinates":[[-91.4599433,44.8189113],[-91.4599189,44.8189454]]}},{"type":"Feature","id":1253738977,"properties":{"name":null,"highway":"cycleway","surface":"asphalt","category":"trail"},"geometry":{"type":"LineString","coordinates":[[-91.4597428,44.8189408],[-91.4597827,44.8189652],[-91.4598049,44.8189547],[-91.4598441,44.8189457],[-91.4598572,44.8189446]]}},{"type":"Feature","id":1253738989,"properties":{"name":null,"highway":"footway","surface":null,"category":"trail"},"geometry":{"type":"LineString","coordinates":[[-91.4601662,44.8186726],[-91.4600986,44.8187463],[-91.4600302,44.8188182]]}},{"type":"Feature","id":1253738990,"properties":{"name":null,"highway":"footway","surface":null,"category":"trail"},"geometry":{"type":"LineString","coordinates":[[-91.460015,44.8188345],[-91.4599873,44.8188636],[-91.4599433,44.8189113]]}},{"type":"Feature","id":1253738991,"properties":{"name":null,"highway":"footway","surface":null,"category":"trail"},"geometry":{"type":"LineString","coordinates":[[-91.4600302,44.8188182],[-91.460015,44.8188345]]}},{"type":"Feature","id":1253738992,"properties":{"name":null,"highway":"footway","surface":null,"category":"trail"},"geometry":{"type":"LineString","coordinates":[[-91.4607662,44.817817],[-91.4607313,44.8178615],[-91.4606971,44.8179049]]}},{"type":"Feature","id":1253738993,"properties":{"name":null,"highway":"footway","surface":null,"category":"trail"},"geometry":{"type":"LineString","coordinates":[[-91.4606971,44.8179049],[-91.4606889,44.8179339]]}},{"type":"Feature","id":1253738994,"properties":{"name":null,"highway":"cycleway","surface":"asphalt","category":"trail"},"geometry":{"type":"LineString","coordinates":[[-91.4573068,44.8182577],[-91.45735,44.8182805],[-91.4573876,44.8182611]]}},{"type":"Feature","id":1253738997,"properties":{"name":null,"highway":"cycleway","surface":"paved","category":"trail"},"geometry":{"type":"LineString","coordinates":[[-91.4533484,44.8181868],[-91.4534122,44.8181838],[-91.4539396,44.8181459],[-91.4540341,44.8181462]]}},{"type":"Feature","id":1253738998,"properties":{"name":null,"highway":"cycleway","surface":"paved","category":"trail"},"geometry":{"type":"LineString","coordinates":[[-91.4531216,44.8181869],[-91.4532699,44.8181905],[-91.4533484,44.8181868]]}},{"type":"Feature","id":1253928023,"properties":{"name":null,"highway":"path","surface":"asphalt","category":"trail"},"geometry":{"type":"LineString","coordinates":[[-91.4305721,44.7949893],[-91.4305184,44.7948779],[-91.4305033,44.794781],[-91.4305068,44.7946319],[-91.430557,44.7943692],[-91.4305846,44.7942983],[-91.4306025,44.7942524],[-91.4305979,44.7942239],[-91.4305853,44.7941468],[-91.430571,44.7940585],[-91.4305278,44.793945],[-91.4305376,44.793852],[-91.4305231,44.7936426],[-91.4305032,44.7933653],[-91.4304951,44.7932416]]}},{"type":"Feature","id":1254132062,"properties":{"name":null,"highway":"footway","surface":null,"category":"trail"},"geometry":{"type":"LineString","coordinates":[[-91.4604645,44.8180701],[-91.4604306,44.8181173],[-91.4603953,44.8181665]]}},{"type":"Feature","id":1255400166,"properties":{"name":"Putnam Trail","highway":"footway","surface":"gravel","category":"trail"},"geometry":{"type":"LineString","coordinates":[[-91.5046116,44.7993378],[-91.5045551,44.7993338],[-91.5045045,44.7993385],[-91.5044471,44.7993362],[-91.504383,44.7993178],[-91.504328,44.7992925],[-91.5042581,44.7992515],[-91.5041978,44.7992186],[-91.5041327,44.7991972],[-91.504052,44.7991763],[-91.5039549,44.7991603],[-91.5038221,44.7991466]]}},{"type":"Feature","id":1255400167,"properties":{"name":null,"highway":"cycleway","surface":"paved","category":"trail"},"geometry":{"type":"LineString","coordinates":[[-91.52526,44.79626],[-91.5252158,44.796236],[-91.5251873,44.7962051],[-91.525175,44.7961691],[-91.5251711,44.7961333],[-91.5251784,44.7960446]]}},{"type":"Feature","id":1255400168,"properties":{"name":"Putnam Trail","highway":"footway","surface":"dirt","category":"trail"},"geometry":{"type":"LineString","coordinates":[[-91.5051218,44.7995389],[-91.5050107,44.7995139],[-91.5048622,44.7994541],[-91.5047234,44.7993746],[-91.5046116,44.7993378]]}},{"type":"Feature","id":1255400169,"properties":{"name":"Putnam Trail","highway":"footway","surface":"dirt","category":"trail"},"geometry":{"type":"LineString","coordinates":[[-91.5052095,44.7995507],[-91.5051218,44.7995389]]}},{"type":"Feature","id":1255400174,"properties":{"name":"Chippewa River State Trail","highway":"cycleway","surface":"paved","category":"trail"},"geometry":{"type":"LineString","coordinates":[[-91.5258908,44.7982355],[-91.5258962,44.7982532],[-91.525903,44.7982771],[-91.5259186,44.7982956],[-91.5259528,44.7983225]]}},{"type":"Feature","id":1255400699,"properties":{"name":"Lakeshore Trail","highway":"cycleway","surface":"concrete","category":"trail"},"geometry":{"type":"LineString","coordinates":[[-91.5261369,44.7983084],[-91.5261051,44.7985187]]}},{"type":"Feature","id":1255400700,"properties":{"name":"Chippewa River State Trail","highway":"cycleway","surface":"asphalt","category":"trail"},"geometry":{"type":"LineString","coordinates":[[-91.5261369,44.7983084],[-91.5260826,44.798327],[-91.5260142,44.798333],[-91.5259528,44.7983225]]}},{"type":"Feature","id":1268717792,"properties":{"name":"40th Avenue","highway":"unclassified","surface":"asphalt","category":"shared"},"geometry":{"type":"LineString","coordinates":[[-91.4139728,44.9008103],[-91.414033,44.9008259],[-91.4142208,44.9008304],[-91.414261,44.9008314],[-91.4144374,44.9008303],[-91.4147275,44.9008284],[-91.414986,44.9007625]]}},{"type":"Feature","id":1268717793,"properties":{"name":"40th Avenue","highway":"unclassified","surface":"asphalt","category":"shared"},"geometry":{"type":"LineString","coordinates":[[-91.414986,44.9007625],[-91.4147247,44.9007274],[-91.4145433,44.90073],[-91.4143438,44.9007329]]}},{"type":"Feature","id":1268717795,"properties":{"name":"40th Avenue","highway":"unclassified","surface":"asphalt","category":"shared"},"geometry":{"type":"LineString","coordinates":[[-91.4138204,44.9007707],[-91.4139728,44.9008103]]}},{"type":"Feature","id":1272146739,"properties":{"name":null,"highway":"cycleway","surface":"asphalt","category":"trail"},"geometry":{"type":"LineString","coordinates":[[-91.4937403,44.8396564],[-91.4938126,44.8396989],[-91.4938646,44.8397296]]}},{"type":"Feature","id":1272146757,"properties":{"name":"Old Abe State Trail","highway":"cycleway","surface":"paved","category":"trail"},"geometry":{"type":"LineString","coordinates":[[-91.4781654,44.8423257],[-91.478132,44.8410968],[-91.4779266,44.836197]]}},{"type":"Feature","id":1272146758,"properties":{"name":"Old Abe State Trail","highway":"cycleway","surface":"paved","category":"trail"},"geometry":{"type":"LineString","coordinates":[[-91.4779266,44.836197],[-91.477924,44.8361408],[-91.4779206,44.8360916]]}},{"type":"Feature","id":1272146774,"properties":{"name":"Dellview Street","highway":"tertiary","surface":null,"category":"lane"},"geometry":{"type":"LineString","coordinates":[[-91.4796228,44.8318135],[-91.479561,44.8318164]]}},{"type":"Feature","id":1272146775,"properties":{"name":"Dellview Street","highway":"tertiary","surface":null,"category":"lane"},"geometry":{"type":"LineString","coordinates":[[-91.4797411,44.8318249],[-91.4796228,44.8318135]]}},{"type":"Feature","id":1277897585,"properties":{"name":null,"highway":"cycleway","surface":"concrete","category":"trail"},"geometry":{"type":"LineString","coordinates":[[-91.5242117,44.8422469],[-91.5241712,44.8422085],[-91.524203,44.8421822]]}},{"type":"Feature","id":1277897586,"properties":{"name":null,"highway":"cycleway","surface":"asphalt","category":"trail"},"geometry":{"type":"LineString","coordinates":[[-91.524203,44.8421822],[-91.524242,44.8421069],[-91.5243097,44.8417718]]}},{"type":"Feature","id":1278809434,"properties":{"name":null,"highway":"footway","surface":null,"category":"trail"},"geometry":{"type":"LineString","coordinates":[[-91.4625038,44.8194083],[-91.4624636,44.8193931]]}},{"type":"Feature","id":1278809435,"properties":{"name":null,"highway":"cycleway","surface":"asphalt","category":"trail"},"geometry":{"type":"LineString","coordinates":[[-91.461507,44.8168405],[-91.4615883,44.8168393],[-91.4616335,44.8168456],[-91.461677,44.8168591],[-91.461711,44.8168728],[-91.4618842,44.8169536],[-91.4622857,44.8171281],[-91.4630226,44.8172775],[-91.4633989,44.8173544],[-91.4635744,44.81742],[-91.4637281,44.8175034],[-91.4640624,44.8176848],[-91.4643013,44.8178087],[-91.464397,44.8178898],[-91.4644452,44.8179744],[-91.4644757,44.8180371],[-91.4645428,44.8182325],[-91.4645428,44.8182916],[-91.4645267,44.8183462],[-91.4644947,44.8184008],[-91.4644524,44.8184529],[-91.464208,44.8186987],[-91.4641517,44.8187464],[-91.4640844,44.8187941],[-91.4640074,44.8188374],[-91.4629983,44.8192811],[-91.4629558,44.8193015],[-91.4629157,44.819333],[-91.4627998,44.8195065]]}},{"type":"Feature","id":1278809436,"properties":{"name":null,"highway":"path","surface":null,"category":"trail"},"geometry":{"type":"LineString","coordinates":[[-91.4625038,44.8194083],[-91.4627998,44.8195065]]}},{"type":"Feature","id":1284423545,"properties":{"name":null,"highway":"cycleway","surface":"asphalt","category":"trail"},"geometry":{"type":"LineString","coordinates":[[-91.4168194,44.7914241],[-91.4179408,44.7914196],[-91.4189627,44.7914092],[-91.4196749,44.7913892],[-91.4203647,44.7913683]]}},{"type":"Feature","id":1284423550,"properties":{"name":null,"highway":"cycleway","surface":"asphalt","category":"trail"},"geometry":{"type":"LineString","coordinates":[[-91.4157046,44.7914278],[-91.4166536,44.7914258]]}},{"type":"Feature","id":1284975907,"properties":{"name":"State Street","highway":"secondary","surface":"asphalt","category":"lane"},"geometry":{"type":"LineString","coordinates":[[-91.4963474,44.7757522],[-91.4963765,44.7750669]]}},{"type":"Feature","id":1307338967,"properties":{"name":null,"highway":"footway","surface":"dirt","category":"trail"},"geometry":{"type":"LineString","coordinates":[[-91.5015505,44.8546367],[-91.5013509,44.8544961]]}},{"type":"Feature","id":1307338968,"properties":{"name":null,"highway":"footway","surface":"dirt","category":"trail"},"geometry":{"type":"LineString","coordinates":[[-91.4963931,44.8549109],[-91.496639,44.8549312],[-91.4969033,44.8549456],[-91.4972854,44.8549485],[-91.4977801,44.8549937]]}},{"type":"Feature","id":1333332417,"properties":{"name":null,"highway":"cycleway","surface":"paved","category":"trail"},"geometry":{"type":"LineString","coordinates":[[-91.4693949,44.8184558],[-91.4692605,44.8183911],[-91.4691324,44.8183527],[-91.4689501,44.8183492],[-91.4685805,44.8183492],[-91.4681174,44.8183527],[-91.467871,44.8183562],[-91.4676493,44.8183247],[-91.4675212,44.8182968],[-91.4674375,44.8183037],[-91.4673882,44.8183422],[-91.4673044,44.8184296],[-91.4671812,44.818489],[-91.4670482,44.8185344],[-91.4670053,44.8185461],[-91.4668807,44.8185799],[-91.4667526,44.8186148],[-91.4665752,44.8186253],[-91.4664175,44.8186393],[-91.4663141,44.8187162],[-91.4662155,44.8188175],[-91.466048,44.8190027],[-91.465915,44.819167],[-91.4658509,44.8192893],[-91.4658361,44.8193942],[-91.4658016,44.819492],[-91.465713,44.8195864],[-91.4655602,44.8197192],[-91.4653815,44.8199192],[-91.4653378,44.8199751],[-91.4653203,44.8200092],[-91.4653203,44.8200434],[-91.4653553,44.8200837],[-91.4654034,44.8201427],[-91.4654384,44.8202296],[-91.4654341,44.8203352],[-91.4653772,44.8204283],[-91.4652852,44.8204966],[-91.4651145,44.8205122],[-91.4649351,44.8204935],[-91.4647644,44.820447],[-91.4646112,44.8204377],[-91.4644755,44.8204598],[-91.4643617,44.8205054],[-91.4640315,44.820732],[-91.463939,44.820842],[-91.4639084,44.820934],[-91.4638964,44.8210063],[-91.4639048,44.8210606],[-91.4639322,44.8211081],[-91.463998,44.8211461],[-91.4641307,44.8211964],[-91.4643048,44.8212231],[-91.4645373,44.8212535],[-91.4647712,44.8213159],[-91.4651059,44.8214188],[-91.465279,44.82149],[-91.4654244,44.8215489],[-91.4654408,44.8215624],[-91.4654495,44.8215815],[-91.4654472,44.8215978],[-91.46539,44.8216673],[-91.4653605,44.8217124],[-91.4653479,44.8217396],[-91.4653508,44.8217584],[-91.4653703,44.8217732],[-91.4654134,44.8217848],[-91.4654651,44.821798],[-91.4655032,44.8218023],[-91.4655355,44.8217986],[-91.4655965,44.8217756],[-91.4657225,44.8217282],[-91.4658436,44.8216963]]}},{"type":"Feature","id":1334918516,"properties":{"name":null,"highway":"cycleway","surface":null,"category":"trail"},"geometry":{"type":"LineString","coordinates":[[-91.4498235,44.8349362],[-91.449623,44.8348835],[-91.449265,44.8347913],[-91.4491605,44.8347642],[-91.4490107,44.8347768],[-91.4489083,44.8347918],[-91.4488403,44.8347367],[-91.448766,44.8346954],[-91.4486431,44.8346518],[-91.4477116,44.8343789],[-91.4474805,44.8343064],[-91.4474467,44.8342958],[-91.4473625,44.8342916],[-91.4472751,44.8343258],[-91.4472084,44.8343623],[-91.4471948,44.8343621],[-91.4471671,44.8343619],[-91.4471201,44.8343423]]}},{"type":"Feature","id":1334918517,"properties":{"name":null,"highway":"cycleway","surface":null,"category":"trail"},"geometry":{"type":"LineString","coordinates":[[-91.4471201,44.8343423],[-91.4470686,44.8343225],[-91.4470198,44.8343004]]}},{"type":"Feature","id":1334918518,"properties":{"name":null,"highway":"cycleway","surface":null,"category":"trail"},"geometry":{"type":"LineString","coordinates":[[-91.4470198,44.8343004],[-91.4469517,44.8342702],[-91.4468709,44.8342549]]}},{"type":"Feature","id":1334918519,"properties":{"name":null,"highway":"cycleway","surface":null,"category":"trail"},"geometry":{"type":"LineString","coordinates":[[-91.4468709,44.8342549],[-91.4468228,44.8342506],[-91.4467793,44.8342467]]}},{"type":"Feature","id":1351005728,"properties":{"name":null,"highway":"cycleway","surface":"asphalt","category":"trail"},"geometry":{"type":"LineString","coordinates":[[-91.5009586,44.802105],[-91.500629,44.80213],[-91.5005673,44.8021315],[-91.5004975,44.80213],[-91.5001969,44.8021075]]}},{"type":"Feature","id":1351005729,"properties":{"name":null,"highway":"cycleway","surface":"asphalt","category":"trail"},"geometry":{"type":"LineString","coordinates":[[-91.500196,44.8060464],[-91.4999791,44.8060538]]}},{"type":"Feature","id":1351018763,"properties":{"name":"Chippewa River State Trail","highway":"cycleway","surface":"concrete","category":"trail"},"geometry":{"type":"LineString","coordinates":[[-91.5043677,44.8133307],[-91.5044767,44.8132966]]}},{"type":"Feature","id":1353978340,"properties":{"name":null,"highway":"cycleway","surface":"concrete","category":"trail"},"geometry":{"type":"LineString","coordinates":[[-91.5234356,44.8288681],[-91.5234151,44.8287536],[-91.523285,44.8280256],[-91.5232126,44.8276506],[-91.5231132,44.8272053],[-91.5228114,44.8259657],[-91.5227919,44.825889],[-91.5227769,44.8258257],[-91.5225294,44.8247987],[-91.5224566,44.8245908],[-91.5223013,44.8242922],[-91.5220567,44.823927],[-91.5215722,44.8233667],[-91.5211671,44.8229399],[-91.5208458,44.8226525],[-91.5203904,44.8223394],[-91.5197635,44.821945],[-91.5196616,44.8218861],[-91.5189986,44.8214841],[-91.516678,44.8200367],[-91.5161323,44.8196544],[-91.5158687,44.8194523],[-91.5156409,44.8192169],[-91.5155064,44.819049],[-91.515474,44.8190085],[-91.5154214,44.8189429],[-91.5152041,44.8186461],[-91.5150751,44.8184485],[-91.514981,44.8182915],[-91.5149421,44.818218],[-91.5149122,44.8181581],[-91.5147535,44.8178439],[-91.5146637,44.8176249],[-91.5146232,44.8174673],[-91.5146154,44.8173053],[-91.5146022,44.8170566],[-91.5146709,44.8170168],[-91.5146293,44.8164103],[-91.5146276,44.8163419],[-91.5146614,44.8159144],[-91.5146347,44.8158649],[-91.5145667,44.8158139]]}},{"type":"Feature","id":1355423879,"properties":{"name":null,"highway":"cycleway","surface":"asphalt","category":"trail"},"geometry":{"type":"LineString","coordinates":[[-91.4960652,44.7847001],[-91.4961044,44.7835176],[-91.4961239,44.7798186],[-91.496152,44.7779381],[-91.4962453,44.7752596]]}},{"type":"Feature","id":1358242128,"properties":{"name":null,"highway":"cycleway","surface":"asphalt","category":"trail"},"geometry":{"type":"LineString","coordinates":[[-91.4564822,44.8103561],[-91.4565102,44.8103273],[-91.4565507,44.8103073],[-91.4565998,44.8103004],[-91.4566435,44.8103019],[-91.4566843,44.8103104],[-91.4567182,44.8103268],[-91.456753,44.8103528],[-91.4567879,44.8103564],[-91.4579992,44.8103612]]}},{"type":"Feature","id":1358242129,"properties":{"name":null,"highway":"cycleway","surface":"asphalt","category":"trail"},"geometry":{"type":"LineString","coordinates":[[-91.4578796,44.8095482],[-91.4578804,44.8089188]]}},{"type":"Feature","id":1358242131,"properties":{"name":null,"highway":"cycleway","surface":"asphalt","category":"trail"},"geometry":{"type":"LineString","coordinates":[[-91.4579992,44.8103612],[-91.457986,44.8100519],[-91.4579004,44.8096921]]}},{"type":"Feature","id":1362928333,"properties":{"name":null,"highway":"cycleway","surface":"asphalt","category":"trail"},"geometry":{"type":"LineString","coordinates":[[-91.4301377,44.8027972],[-91.430134,44.8028666],[-91.4301346,44.8029414],[-91.430126,44.8036063],[-91.4301352,44.8036483]]}},{"type":"Feature","id":1382446715,"properties":{"name":"Old Abe State Trail","highway":"cycleway","surface":"paved","category":"trail"},"geometry":{"type":"LineString","coordinates":[[-91.4999992,44.8138283],[-91.5002975,44.8137549],[-91.5005581,44.8136674],[-91.5007549,44.8136172],[-91.5009334,44.8135873],[-91.5010204,44.8135739]]}},{"type":"Feature","id":1382446716,"properties":{"name":"Old Abe State Trail","highway":"cycleway","surface":"paved","category":"trail"},"geometry":{"type":"LineString","coordinates":[[-91.4997659,44.8138933],[-91.4999992,44.8138283]]}},{"type":"Feature","id":1410067092,"properties":{"name":"Eddy Lane","highway":"tertiary","surface":null,"category":"lane"},"geometry":{"type":"LineString","coordinates":[[-91.4808065,44.8506982],[-91.4796422,44.850697],[-91.4795371,44.8507059],[-91.4783281,44.8507372],[-91.4781896,44.8507325]]}},{"type":"Feature","id":1410397928,"properties":{"name":"Melby Street","highway":"tertiary","surface":"asphalt","category":"lane"},"geometry":{"type":"LineString","coordinates":[[-91.4654126,44.864743],[-91.4653133,44.8647439],[-91.4650439,44.8647464],[-91.464661,44.86475],[-91.464534,44.86475],[-91.4644698,44.86475],[-91.464279,44.86475],[-91.463877,44.864754],[-91.4634058,44.8647586],[-91.463266,44.86476]]}},{"type":"Feature","id":1412780260,"properties":{"name":"Forest Street","highway":"unclassified","surface":"asphalt","category":"lane"},"geometry":{"type":"LineString","coordinates":[[-91.5045202,44.8160831],[-91.5045502,44.8162231],[-91.5045797,44.8163613]]}},{"type":"Feature","id":1412780264,"properties":{"name":"East Lake Street","highway":"residential","surface":null,"category":"lane"},"geometry":{"type":"LineString","coordinates":[[-91.4962367,44.8091199],[-91.4961086,44.8091821],[-91.4958307,44.809317]]}},{"type":"Feature","id":1413369136,"properties":{"name":"Keith Street","highway":"residential","surface":"asphalt","category":"lane"},"geometry":{"type":"LineString","coordinates":[[-91.4734404,44.8000679],[-91.4734407,44.7999394],[-91.4734408,44.7999039],[-91.4734415,44.7996479],[-91.4734416,44.7996008]]}},{"type":"Feature","id":1413369137,"properties":{"name":"Keith Street","highway":"residential","surface":"asphalt","category":"lane"},"geometry":{"type":"LineString","coordinates":[[-91.4734458,44.8005445],[-91.4734404,44.8000679]]}},{"type":"Feature","id":1413587784,"properties":{"name":"Highland Avenue","highway":"tertiary","surface":null,"category":"lane"},"geometry":{"type":"LineString","coordinates":[[-91.4690193,44.8073575],[-91.4689742,44.8073577],[-91.4683704,44.80736]]}},{"type":"Feature","id":1413587785,"properties":{"name":"Highland Avenue","highway":"tertiary","surface":"asphalt","category":"lane"},"geometry":{"type":"LineString","coordinates":[[-91.4714594,44.8073302],[-91.4713127,44.807331],[-91.4711378,44.8073324],[-91.4707792,44.8073353],[-91.4707539,44.8073357]]}},{"type":"Feature","id":1413601699,"properties":{"name":"Water Street","highway":"secondary","surface":"asphalt","category":"lane"},"geometry":{"type":"LineString","coordinates":[[-91.5203903,44.8017287],[-91.5204505,44.8016752]]}},{"type":"Feature","id":1413964650,"properties":{"name":"1st Avenue","highway":"tertiary","surface":null,"category":"lane"},"geometry":{"type":"LineString","coordinates":[[-91.5011139,44.801968],[-91.5011022,44.802107],[-91.5011016,44.8021686],[-91.5010979,44.802547],[-91.5010991,44.8026883]]}},{"type":"Feature","id":1413964651,"properties":{"name":"1st Avenue","highway":"tertiary","surface":null,"category":"lane"},"geometry":{"type":"LineString","coordinates":[[-91.5010991,44.8026883],[-91.5011028,44.8031377]]}},{"type":"Feature","id":1413964652,"properties":{"name":"1st Avenue","highway":"tertiary","surface":null,"category":"lane"},"geometry":{"type":"LineString","coordinates":[[-91.5011028,44.8066852],[-91.5011012,44.8069576],[-91.5010983,44.8070722]]}},{"type":"Feature","id":1414529824,"properties":{"name":null,"highway":"cycleway","surface":"asphalt","category":"trail"},"geometry":{"type":"LineString","coordinates":[[-91.4613215,44.8168498],[-91.461507,44.8168405]]}},{"type":"Feature","id":1414577807,"properties":{"name":null,"highway":"cycleway","surface":"asphalt","category":"trail"},"geometry":{"type":"LineString","coordinates":[[-91.5002134,44.8031478],[-91.4999819,44.803134]]}},{"type":"Feature","id":1422158308,"properties":{"name":null,"highway":"cycleway","surface":"asphalt","category":"trail"},"geometry":{"type":"LineString","coordinates":[[-91.5263878,44.8012978],[-91.5263826,44.801289],[-91.5263718,44.8012714],[-91.5263537,44.8012538],[-91.5263311,44.8012399],[-91.5263143,44.8012324],[-91.5262913,44.8012276],[-91.526267,44.8012286]]}},{"type":"Feature","id":1422169998,"properties":{"name":null,"highway":"cycleway","surface":"dirt","category":"trail"},"geometry":{"type":"LineString","coordinates":[[-91.5057527,44.817029],[-91.5059455,44.8169616],[-91.5059714,44.8169004],[-91.5058707,44.8165698],[-91.5058634,44.8165466]]}},{"type":"Feature","id":1422172308,"properties":{"name":null,"highway":"footway","surface":null,"category":"trail"},"geometry":{"type":"LineString","coordinates":[[-91.4780655,44.8434873],[-91.4779569,44.8435345]]}},{"type":"Feature","id":1422172309,"properties":{"name":null,"highway":"footway","surface":null,"category":"trail"},"geometry":{"type":"LineString","coordinates":[[-91.4798165,44.8435866],[-91.4798174,44.8434421]]}},{"type":"Feature","id":1422174092,"properties":{"name":null,"highway":"service","surface":"gravel","category":"shared"},"geometry":{"type":"LineString","coordinates":[[-91.5055841,44.8172618],[-91.505658,44.8171509],[-91.5057527,44.817029]]}},{"type":"Feature","id":1422174094,"properties":{"name":"Forest Street","highway":"unclassified","surface":"asphalt","category":"lane"},"geometry":{"type":"LineString","coordinates":[[-91.5045797,44.8163613],[-91.5045982,44.8164476],[-91.5046153,44.8165495],[-91.5047996,44.8172874],[-91.5048206,44.8173611]]}},{"type":"Feature","id":1422174095,"properties":{"name":"Forest Street","highway":"unclassified","surface":"asphalt","category":"lane"},"geometry":{"type":"LineString","coordinates":[[-91.5048206,44.8173611],[-91.5048371,44.817428]]}},{"type":"Feature","id":1422174102,"properties":{"name":null,"highway":"cycleway","surface":"asphalt","category":"trail"},"geometry":{"type":"LineString","coordinates":[[-91.5110955,44.8244943],[-91.5116385,44.8244377]]}},{"type":"Feature","id":1422174103,"properties":{"name":null,"highway":"cycleway","surface":"concrete","category":"trail"},"geometry":{"type":"LineString","coordinates":[[-91.5116385,44.8244377],[-91.5116273,44.8243794],[-91.5115954,44.8243457],[-91.5115452,44.8243242],[-91.5113914,44.8242832],[-91.5113436,44.8242582],[-91.511319,44.8242236],[-91.5113146,44.8241858],[-91.5113282,44.8241514],[-91.511364,44.8241189],[-91.5114202,44.8240971],[-91.511488,44.8240809],[-91.5115354,44.8240495],[-91.5115706,44.8240041],[-91.5115685,44.8239557],[-91.5115376,44.8239126],[-91.5114866,44.8238876],[-91.5112572,44.8238285],[-91.5111972,44.8238009],[-91.5111577,44.8237664],[-91.5111375,44.8237257],[-91.5110191,44.823088],[-91.5109887,44.8230024],[-91.5109498,44.8229274],[-91.5103576,44.8222424],[-91.5102915,44.822154],[-91.5102563,44.8220544],[-91.5101888,44.8217192],[-91.5101442,44.8214661],[-91.5101111,44.8213854],[-91.510063,44.8213115],[-91.5100305,44.8212821],[-91.5100013,44.8212557],[-91.5098715,44.8211726],[-91.509803,44.8211109],[-91.5097527,44.8210469],[-91.5097218,44.8209816],[-91.5096375,44.8207755],[-91.5096162,44.8207155]]}},{"type":"Feature","id":1422176529,"properties":{"name":null,"highway":"cycleway","surface":"asphalt","category":"trail"},"geometry":{"type":"LineString","coordinates":[[-91.5116385,44.8244377],[-91.5118779,44.8244225]]}},{"type":"Feature","id":1422176531,"properties":{"name":null,"highway":"cycleway","surface":"asphalt","category":"trail"},"geometry":{"type":"LineString","coordinates":[[-91.4867315,44.8400541],[-91.4867637,44.8400792],[-91.4868557,44.8401508],[-91.4870169,44.8402379],[-91.4873261,44.8403715],[-91.4877835,44.8405336]]}},{"type":"Feature","id":1422346554,"properties":{"name":null,"highway":"cycleway","surface":"concrete","category":"trail"},"geometry":{"type":"LineString","coordinates":[[-91.4693949,44.8184558],[-91.4691917,44.8185772],[-91.4689964,44.8187252],[-91.4689073,44.8188215],[-91.468861,44.8188716],[-91.4688565,44.818878],[-91.4687212,44.8190699],[-91.4681952,44.8199719],[-91.4680621,44.8201608],[-91.4678801,44.8203119],[-91.4676271,44.8204772],[-91.4671944,44.8206693],[-91.4668482,44.8208424],[-91.4666712,44.820974],[-91.4665127,44.8211295],[-91.4664684,44.82117],[-91.4664037,44.8212033]]}},{"type":"Feature","id":1422347946,"properties":{"name":null,"highway":"cycleway","surface":"asphalt","category":"trail"},"geometry":{"type":"LineString","coordinates":[[-91.4452918,44.8180204],[-91.44539,44.8179542],[-91.4454931,44.8180105],[-91.4456026,44.8180547],[-91.445725,44.818076],[-91.4459913,44.8181034],[-91.4462038,44.8181309],[-91.4464293,44.8181644],[-91.4466612,44.8182101],[-91.446921,44.818274],[-91.4472023,44.8183578],[-91.4474213,44.8184355],[-91.447621,44.8185147],[-91.4478594,44.8186289],[-91.4480397,44.8187081],[-91.4482394,44.8187858],[-91.448394,44.8188376],[-91.4485787,44.8188909],[-91.448817,44.8189412],[-91.4490339,44.8189747],[-91.4492314,44.8190006],[-91.4494225,44.8190173],[-91.4496201,44.8190234],[-91.4498462,44.8190233],[-91.4500238,44.8190158],[-91.4501762,44.8190021],[-91.4503094,44.8189808],[-91.4504446,44.8189412],[-91.4505541,44.8188985],[-91.4506828,44.8188305],[-91.4507989,44.8187447],[-91.4508955,44.8186533],[-91.4509686,44.8185695],[-91.4510287,44.8184644],[-91.4510673,44.8183593],[-91.4510941,44.818241],[-91.4511032,44.8181336]]}},{"type":"Feature","id":1422347947,"properties":{"name":null,"highway":"cycleway","surface":"asphalt","category":"trail"},"geometry":{"type":"LineString","coordinates":[[-91.4524115,44.8133815],[-91.4525597,44.8130479],[-91.4526262,44.8128926],[-91.4526606,44.8127539],[-91.4526799,44.8126458],[-91.4526906,44.8125178],[-91.4526601,44.8123973]]}},{"type":"Feature","id":1423221332,"properties":{"name":null,"highway":"cycleway","surface":"concrete","category":"trail"},"geometry":{"type":"LineString","coordinates":[[-91.5260993,44.798576],[-91.5250709,44.7986399],[-91.5248042,44.7986489],[-91.5243223,44.7987882],[-91.5239226,44.7989038],[-91.5227855,44.7989999],[-91.522581,44.7990171],[-91.522448,44.799072],[-91.5219692,44.7991056],[-91.5218603,44.7991126],[-91.5210962,44.7991618],[-91.5206355,44.7991993],[-91.5204929,44.7992109]]}},{"type":"Feature","id":1423398071,"properties":{"name":null,"highway":"cycleway","surface":null,"category":"trail"},"geometry":{"type":"LineString","coordinates":[[-91.4292303,44.7946568],[-91.4292299,44.7946376]]}},{"type":"Feature","id":1428114889,"properties":{"name":null,"highway":"cycleway","surface":"asphalt","category":"trail"},"geometry":{"type":"LineString","coordinates":[[-91.5071054,44.8413664],[-91.5070879,44.8413775],[-91.5070787,44.8413814],[-91.507067,44.841384],[-91.5070741,44.8413873],[-91.5070798,44.8413926],[-91.507088,44.8414061],[-91.5070954,44.841421],[-91.507102,44.841439],[-91.5071017,44.8414551],[-91.5071003,44.8414724],[-91.5070954,44.8414922]]}},{"type":"Feature","id":1430038767,"properties":{"name":null,"highway":"cycleway","surface":null,"category":"trail"},"geometry":{"type":"LineString","coordinates":[[-91.5211814,44.7990683],[-91.5210962,44.7991618],[-91.5206876,44.799522],[-91.5200284,44.800104],[-91.5200071,44.8001255]]}},{"type":"Feature","id":1430038769,"properties":{"name":null,"highway":"cycleway","surface":null,"category":"trail"},"geometry":{"type":"LineString","coordinates":[[-91.5241828,44.7991056],[-91.5241187,44.7990717],[-91.5241084,44.799013],[-91.5240881,44.7989615],[-91.5240154,44.7989281],[-91.5239226,44.7989038]]}},{"type":"Feature","id":1443676849,"properties":{"name":null,"highway":"cycleway","surface":"asphalt","category":"trail"},"geometry":{"type":"LineString","coordinates":[[-91.4867637,44.8400792],[-91.4867119,44.8401045],[-91.4866499,44.8401282]]}},{"type":"Feature","id":1445289780,"properties":{"name":"Bartlett Avenue","highway":"tertiary","surface":"asphalt","category":"lane"},"geometry":{"type":"LineString","coordinates":[[-91.4078665,44.8009162],[-91.4077058,44.8008759],[-91.4075823,44.8008434],[-91.4074034,44.8007928],[-91.407236,44.8007423],[-91.4069326,44.8006428],[-91.4059176,44.8002979],[-91.4056849,44.8002269],[-91.4053632,44.8001395]]}},{"type":"Feature","id":1445289782,"properties":{"name":"Bartlett Avenue","highway":"tertiary","surface":"asphalt","category":"lane"},"geometry":{"type":"LineString","coordinates":[[-91.4092769,44.8012574],[-91.4085414,44.8010782]]}},{"type":"Feature","id":1445289783,"properties":{"name":"Bartlett Avenue","highway":"tertiary","surface":"asphalt","category":"lane"},"geometry":{"type":"LineString","coordinates":[[-91.4085414,44.8010782],[-91.4078665,44.8009162]]}},{"type":"Feature","id":1445289784,"properties":{"name":"Spooner Avenue","highway":"tertiary","surface":"asphalt","category":"lane"},"geometry":{"type":"LineString","coordinates":[[-91.4588237,44.8070696],[-91.4594949,44.8071601]]}},{"type":"Feature","id":1445289785,"properties":{"name":"Spooner Avenue","highway":"tertiary","surface":"asphalt","category":"lane"},"geometry":{"type":"LineString","coordinates":[[-91.4564558,44.8069189],[-91.457208,44.8069235]]}},{"type":"Feature","id":1445289786,"properties":{"name":"Spooner Avenue","highway":"tertiary","surface":"asphalt","category":"lane"},"geometry":{"type":"LineString","coordinates":[[-91.4557669,44.8069437],[-91.4563334,44.8069181],[-91.4564558,44.8069189]]}},{"type":"Feature","id":1445759970,"properties":{"name":"Old Abe State Trail","highway":"cycleway","surface":"paved","category":"trail"},"geometry":{"type":"LineString","coordinates":[[-91.4782413,44.8435524],[-91.478238,44.8434415],[-91.4782029,44.8428848]]}},{"type":"Feature","id":1447509112,"properties":{"name":"Lakeshore Tail","highway":"cycleway","surface":"asphalt","category":"trail"},"geometry":{"type":"LineString","coordinates":[[-91.5149246,44.8076898],[-91.5149108,44.8076974],[-91.5147526,44.8077108],[-91.5146012,44.8077411],[-91.5145288,44.80778],[-91.5145231,44.8078085],[-91.5145187,44.8078302]]}},{"type":"Feature","id":1447509113,"properties":{"name":"Lakeshore Tail","highway":"cycleway","surface":"asphalt","category":"trail"},"geometry":{"type":"LineString","coordinates":[[-91.5150497,44.8076043],[-91.5149915,44.8076461],[-91.5149246,44.8076898]]}},{"type":"Feature","id":1447509185,"properties":{"name":"East Lake Street","highway":"tertiary","surface":"asphalt","category":"lane"},"geometry":{"type":"LineString","coordinates":[[-91.498624,44.8080725],[-91.4984327,44.8081556]]}},{"type":"Feature","id":1447788420,"properties":{"name":null,"highway":"cycleway","surface":"concrete","category":"trail"},"geometry":{"type":"LineString","coordinates":[[-91.509248,44.814674],[-91.5092467,44.8147186]]}},{"type":"Feature","id":1447788421,"properties":{"name":null,"highway":"cycleway","surface":"concrete","category":"trail"},"geometry":{"type":"LineString","coordinates":[[-91.5092467,44.8147186],[-91.5092453,44.8147646]]}},{"type":"Feature","id":1447788443,"properties":{"name":null,"highway":"cycleway","surface":"asphalt","category":"trail"},"geometry":{"type":"LineString","coordinates":[[-91.5143456,44.8146501],[-91.51435,44.8146881],[-91.5143756,44.8147187],[-91.5143797,44.8147615],[-91.5143831,44.81536],[-91.514379,44.8153904],[-91.5143736,44.8154406]]}},{"type":"Feature","id":1447788444,"properties":{"name":null,"highway":"cycleway","surface":"asphalt","category":"trail"},"geometry":{"type":"LineString","coordinates":[[-91.5143407,44.8145762],[-91.5143432,44.8146129],[-91.5143456,44.8146501]]}},{"type":"Feature","id":1447788513,"properties":{"name":"🚲 6 (Lakeshore Trail)","highway":"cycleway","surface":"asphalt","category":"trail"},"geometry":{"type":"LineString","coordinates":[[-91.5099233,44.8115219],[-91.5097338,44.8116754],[-91.5094408,44.8119059],[-91.509194,44.8120454],[-91.5091441,44.8120737]]}},{"type":"Feature","id":1447788514,"properties":{"name":"🚲 6 (Lakeshore Trail)","highway":"cycleway","surface":"asphalt","category":"trail"},"geometry":{"type":"LineString","coordinates":[[-91.5091441,44.8120737],[-91.509092,44.8121003],[-91.5090505,44.8121215]]}},{"type":"Feature","id":1448244083,"properties":{"name":null,"highway":"cycleway","surface":null,"category":"trail"},"geometry":{"type":"LineString","coordinates":[[-91.522581,44.7990171],[-91.5226527,44.7989101],[-91.5226451,44.7988692],[-91.5226208,44.7987394]]}},{"type":"Feature","id":1449281116,"properties":{"name":"Spooner Avenue","highway":"tertiary","surface":"asphalt","category":"lane"},"geometry":{"type":"LineString","coordinates":[[-91.4617765,44.807406],[-91.4623658,44.8074067]]}},{"type":"Feature","id":1467649756,"properties":{"name":null,"highway":"footway","surface":"concrete","category":"trail"},"geometry":{"type":"LineString","coordinates":[[-91.5337168,44.8181197],[-91.5337146,44.8176815],[-91.5336838,44.8176261],[-91.5336848,44.8172648],[-91.533694,44.8172407],[-91.5337107,44.8172209],[-91.5337135,44.8172127]]}},{"type":"Feature","id":1468071062,"properties":{"name":null,"highway":"footway","surface":"concrete","category":"trail"},"geometry":{"type":"LineString","coordinates":[[-91.5079803,44.7978635],[-91.5079811,44.7979438]]}},{"type":"Feature","id":1468071063,"properties":{"name":null,"highway":"footway","surface":"asphalt","category":"trail"},"geometry":{"type":"LineString","coordinates":[[-91.5076934,44.797857],[-91.5076385,44.7978554],[-91.5075746,44.7978555]]}},{"type":"Feature","id":1472466876,"properties":{"name":null,"highway":"path","surface":"dirt","category":"trail"},"geometry":{"type":"LineString","coordinates":[[-91.4526921,44.8532792],[-91.4526162,44.8533156],[-91.4525623,44.8533697],[-91.4525385,44.8534347],[-91.4525349,44.8535791],[-91.4525882,44.8539152]]}},{"type":"Feature","id":1489618753,"properties":{"name":"Lake Street","highway":"tertiary","surface":null,"category":"lane"},"geometry":{"type":"LineString","coordinates":[[-91.5149915,44.8076461],[-91.5150546,44.8076976]]}},{"type":"Feature","id":1490364674,"properties":{"name":null,"highway":"footway","surface":null,"category":"trail"},"geometry":{"type":"LineString","coordinates":[[-91.5264097,44.8033267],[-91.5264268,44.8033345],[-91.5264904,44.8032857]]}},{"type":"Feature","id":1490364675,"properties":{"name":null,"highway":"footway","surface":null,"category":"trail"},"geometry":{"type":"LineString","coordinates":[[-91.5262856,44.8032492],[-91.5263183,44.8032696]]}},{"type":"Feature","id":1490364676,"properties":{"name":null,"highway":"footway","surface":null,"category":"trail"},"geometry":{"type":"LineString","coordinates":[[-91.5263183,44.8032696],[-91.5263691,44.8033032],[-91.5264097,44.8033267]]}},{"type":"Feature","id":1491951900,"properties":{"name":"Menomonie Street","highway":"secondary","surface":"asphalt","category":"lane"},"geometry":{"type":"LineString","coordinates":[[-91.5215829,44.8009855],[-91.5216973,44.8009474],[-91.521872,44.8009073]]}},{"type":"Feature","id":1492077368,"properties":{"name":"Chippewa River State Trail","highway":"cycleway","surface":"paved","category":"trail"},"geometry":{"type":"LineString","coordinates":[[-91.525644,44.796393],[-91.5256477,44.7964143]]}},{"type":"Feature","id":1494494869,"properties":{"name":null,"highway":"footway","surface":null,"category":"trail"},"geometry":{"type":"LineString","coordinates":[[-91.519327,44.793206],[-91.5193074,44.7933027]]}},{"type":"Feature","id":1494494870,"properties":{"name":null,"highway":"footway","surface":null,"category":"trail"},"geometry":{"type":"LineString","coordinates":[[-91.5193074,44.7933027],[-91.5192995,44.7933419],[-91.5192928,44.7933883]]}},{"type":"Feature","id":1494495200,"properties":{"name":null,"highway":"footway","surface":"concrete","category":"trail"},"geometry":{"type":"LineString","coordinates":[[-91.5151285,44.7928812],[-91.5151523,44.7928422],[-91.5151333,44.7928337]]}},{"type":"Feature","id":1494495201,"properties":{"name":null,"highway":"footway","surface":"asphalt","category":"trail"},"geometry":{"type":"LineString","coordinates":[[-91.5151333,44.7928337],[-91.5151082,44.7928222],[-91.5150803,44.7928071]]}},{"type":"Feature","id":1494495202,"properties":{"name":null,"highway":"footway","surface":"asphalt","category":"trail"},"geometry":{"type":"LineString","coordinates":[[-91.5150743,44.7930487],[-91.5150817,44.7930239],[-91.5151196,44.792913],[-91.5151285,44.7928812]]}},{"type":"Feature","id":1494495203,"properties":{"name":null,"highway":"footway","surface":"concrete","category":"trail"},"geometry":{"type":"LineString","coordinates":[[-91.5150699,44.7930633],[-91.5150743,44.7930487]]}},{"type":"Feature","id":1500953684,"properties":{"name":null,"highway":"footway","surface":"asphalt","category":"trail"},"geometry":{"type":"LineString","coordinates":[[-91.5143694,44.8156167],[-91.5143506,44.815652],[-91.5143245,44.8157291]]}},{"type":"Feature","id":1500953686,"properties":{"name":null,"highway":"cycleway","surface":"concrete","category":"trail"},"geometry":{"type":"LineString","coordinates":[[-91.5143245,44.8157291],[-91.5143541,44.8157367],[-91.5144804,44.8157793],[-91.5144949,44.8157851],[-91.5145667,44.8158139]]}},{"type":"Feature","id":1500953688,"properties":{"name":null,"highway":"cycleway","surface":"concrete","category":"trail"},"geometry":{"type":"LineString","coordinates":[[-91.5143736,44.8154406],[-91.5144161,44.8154518],[-91.5144511,44.8154622]]}},{"type":"Feature","id":1500953689,"properties":{"name":null,"highway":"footway","surface":"asphalt","category":"trail"},"geometry":{"type":"LineString","coordinates":[[-91.5144511,44.8154622],[-91.514416,44.8155285],[-91.5143984,44.8155619]]}},{"type":"Feature","id":1500953690,"properties":{"name":null,"highway":"cycleway","surface":"concrete","category":"trail"},"geometry":{"type":"LineString","coordinates":[[-91.5143984,44.8155619],[-91.5143694,44.8156167]]}},{"type":"Feature","id":1503214168,"properties":{"name":null,"highway":"cycleway","surface":"paved","category":"trail"},"geometry":{"type":"LineString","coordinates":[[-91.4858463,44.8125162],[-91.4858494,44.8125727]]}},{"type":"Feature","id":1503214174,"properties":{"name":null,"highway":"footway","surface":"paved","category":"trail"},"geometry":{"type":"LineString","coordinates":[[-91.4866728,44.8130438],[-91.4865924,44.8130304],[-91.4865323,44.8130247]]}},{"type":"Feature","id":1503214177,"properties":{"name":null,"highway":"cycleway","surface":null,"category":"trail"},"geometry":{"type":"LineString","coordinates":[[-91.4850499,44.8146941],[-91.4850494,44.8147632]]}},{"type":"Feature","id":1503214178,"properties":{"name":null,"highway":"cycleway","surface":"paved","category":"trail"},"geometry":{"type":"LineString","coordinates":[[-91.4850603,44.8136638],[-91.4853119,44.8134883],[-91.4853397,44.8134754],[-91.4854096,44.8134431],[-91.4855088,44.8134154],[-91.4857126,44.8134047],[-91.4858594,44.8133901],[-91.4859989,44.8133568],[-91.4861861,44.8132964],[-91.4863832,44.8132215],[-91.4864238,44.8131957],[-91.4864542,44.8131512],[-91.4864695,44.8131074],[-91.4864763,44.8130262],[-91.4864683,44.8125665],[-91.4864771,44.8124606],[-91.4864787,44.8124401]]}},{"type":"Feature","id":1503214179,"properties":{"name":null,"highway":"cycleway","surface":"paved","category":"trail"},"geometry":{"type":"LineString","coordinates":[[-91.4850079,44.8132332],[-91.4849779,44.8132135],[-91.484932,44.8131833]]}},{"type":"Feature","id":1503808502,"properties":{"name":null,"highway":"footway","surface":"concrete","category":"trail"},"geometry":{"type":"LineString","coordinates":[[-91.5337048,44.8171504],[-91.5336958,44.8161506]]}},{"type":"Feature","id":1503808506,"properties":{"name":null,"highway":"footway","surface":"concrete","category":"trail"},"geometry":{"type":"LineString","coordinates":[[-91.5337135,44.8172127],[-91.5337087,44.8171782],[-91.5337048,44.8171504]]}},{"type":"Feature","id":1503808507,"properties":{"name":null,"highway":"footway","surface":"concrete","category":"trail"},"geometry":{"type":"LineString","coordinates":[[-91.5337216,44.8189804],[-91.533714,44.8182309]]}},{"type":"Feature","id":1503808508,"properties":{"name":null,"highway":"footway","surface":"concrete","category":"trail"},"geometry":{"type":"LineString","coordinates":[[-91.533714,44.8182309],[-91.5337156,44.8181692],[-91.5337168,44.8181197]]}},{"type":"Feature","id":1511815228,"properties":{"name":null,"highway":"cycleway","surface":null,"category":"trail"},"geometry":{"type":"LineString","coordinates":[[-91.514357,44.8171822],[-91.5143473,44.8171407],[-91.5146022,44.8170566]]}},{"type":"Feature","id":1511815229,"properties":{"name":null,"highway":"cycleway","surface":null,"category":"trail"},"geometry":{"type":"LineString","coordinates":[[-91.5143596,44.8172157],[-91.514357,44.8171822]]}},{"type":"Feature","id":1511912030,"properties":{"name":null,"highway":"cycleway","surface":null,"category":"trail"},"geometry":{"type":"LineString","coordinates":[[-91.5018365,44.8108209],[-91.5018764,44.8108013]]}},{"type":"Feature","id":1521994351,"properties":{"name":null,"highway":"footway","surface":null,"category":"trail"},"geometry":{"type":"LineString","coordinates":[[-91.5025475,44.8090596],[-91.5024299,44.8090319],[-91.5024035,44.8090069],[-91.5024051,44.8089184]]}},{"type":"Feature","id":1530616100,"properties":{"name":null,"highway":"cycleway","surface":null,"category":"trail"},"geometry":{"type":"LineString","coordinates":[[-91.4240757,44.9006513],[-91.424051,44.9006331],[-91.4236672,44.9006528],[-91.4231601,44.90066],[-91.4224057,44.9006615],[-91.4212582,44.900668],[-91.42024,44.9006695],[-91.419036,44.9006862],[-91.4180209,44.9006797],[-91.4171946,44.9006869],[-91.4163242,44.9006884]]}},{"type":"Feature","id":1530616103,"properties":{"name":null,"highway":"cycleway","surface":null,"category":"trail"},"geometry":{"type":"LineString","coordinates":[[-91.4163211,44.9008294],[-91.4162739,44.9008287],[-91.4162564,44.9008803]]}},{"type":"Feature","id":1531723896,"properties":{"name":"Starr Avenue","highway":"tertiary","surface":null,"category":"lane"},"geometry":{"type":"LineString","coordinates":[[-91.4781864,44.854356],[-91.4781402,44.8558347]]}}]}